,geom_id,species_id,smiles,num_atoms,energy,dipole_x,dipole_y,dipole_z,components
0,183417760,5387530,COCCOCCOCCOCCOC,37,-483414.97413948755,-0.3983645737171173,0.05028241500258446,-0.16207638382911682,0
1,183418704,5387530,COCCOCCOCCOCCOC,37,-483421.90382063657,-0.022855162620544434,-0.09183870255947113,0.2960852086544037,0
2,111042428,5387530,COCCOCCOCCOCCOC,37,-483431.3085299686,-0.13329973816871643,-0.18605868518352509,0.34702908992767334,0
3,58355095,5387530,COCCOCCOCCOCCOC,37,-483405.147047783,-0.6914864182472229,-0.18207398056983948,-0.3447853922843933,0
4,183418609,5387530,COCCOCCOCCOCCOC,37,-483422.7669141998,0.1205412745475769,0.158366858959198,0.04257230460643768,0
5,58227193,5387530,COCCOCCOCCOCCOC,37,-483428.4495365233,0.3690322935581207,-0.04335548356175423,0.11622847616672516,0
6,183418529,5387530,COCCOCCOCCOCCOC,37,-483417.45118439745,-0.0456521138548851,0.39942294359207153,-0.3127436935901642,0
7,114529051,5387530,COCCOCCOCCOCCOC,37,-483435.99653906014,0.1529533714056015,0.0026353024877607822,0.11331799626350403,0
8,119499473,5387530,COCCOCCOCCOCCOC,37,-483437.4445204286,0.10788864642381668,0.10277678817510605,-0.37581634521484375,0
9,183417822,5387530,COCCOCCOCCOCCOC,37,-483417.44613246236,0.23066303133964539,-0.11240781098604202,-0.12300194799900055,0
10,183417749,5387530,COCCOCCOCCOCCOC,37,-483414.1712763858,-0.0990937203168869,-0.11297932267189026,-0.13882434368133545,0
11,106886654,5387530,COCCOCCOCCOCCOC,37,-483437.74401605694,-0.09198686480522156,0.20114023983478546,0.4683535695075989,0
12,183417915,5387530,COCCOCCOCCOCCOC,37,-483420.97059103724,0.18727050721645355,0.2555396556854248,-0.22750914096832275,0
13,58209314,5387530,COCCOCCOCCOCCOC,37,-483438.1723583068,-0.433814138174057,0.1422269493341446,-0.03249676898121834,0
14,183418635,5387530,COCCOCCOCCOCCOC,37,-483421.2666333185,0.06513641774654388,0.04085777327418327,-0.2212013453245163,0
15,183418508,5387530,COCCOCCOCCOCCOC,37,-483426.96318678843,-0.33834531903266907,0.1898423135280609,0.2645409405231476,0
16,183418660,5387530,COCCOCCOCCOCCOC,37,-483410.200525849,0.2417440116405487,0.04883246868848801,-0.32181379199028015,0
17,183418670,5387530,COCCOCCOCCOCCOC,37,-483425.60962724563,-0.4646863639354706,0.15622368454933167,0.26045042276382446,0
18,183418589,5387530,COCCOCCOCCOCCOC,37,-483418.5890870113,0.026474732905626297,-0.06860252469778061,-0.10505754500627518,0
19,106886588,5387530,COCCOCCOCCOCCOC,37,-483433.1664727436,-0.06082892045378685,0.6117923259735107,-0.10941796749830246,0
20,183417967,5387530,COCCOCCOCCOCCOC,37,-483408.345885731,-0.4596644639968872,0.12735706567764282,-0.10839664936065674,0
21,183417832,5387530,COCCOCCOCCOCCOC,37,-483411.4848394345,0.006249582394957542,0.08002746105194092,0.24351146817207336,0
22,183417921,5387530,COCCOCCOCCOCCOC,37,-483405.3130339799,-0.046519964933395386,0.052314456552267075,0.09214562177658081,0
23,58209420,5387530,COCCOCCOCCOCCOC,37,-483434.15476474003,-0.4587648808956146,-0.14959309995174408,-0.04450380057096481,0
24,183418633,5387530,COCCOCCOCCOCCOC,37,-483415.9225410448,-0.01730409450829029,0.057061173021793365,0.07503203302621841,0
25,183417865,5387530,COCCOCCOCCOCCOC,37,-483425.2245568619,0.11655126512050629,-0.01633569970726967,0.08858425915241241,0
26,183418612,5387530,COCCOCCOCCOCCOC,37,-483424.34357850807,0.12190654873847961,-0.32838618755340576,-0.22089973092079163,0
27,183417977,5387530,COCCOCCOCCOCCOC,37,-483421.15030805254,-0.03830184414982796,-0.028178686276078224,0.07536011934280396,0
28,183418616,5387530,COCCOCCOCCOCCOC,37,-483424.8240989343,-0.2400294840335846,0.030184267088770866,-0.06395106017589569,0
29,183418538,5387530,COCCOCCOCCOCCOC,37,-483421.8527212757,0.02746429480612278,-0.21046964824199677,0.46383437514305115,0
30,183418629,5387530,COCCOCCOCCOCCOC,37,-483421.6711611395,-0.12719832360744476,-0.05378028005361557,0.09128306806087494,0
31,183418533,5387530,COCCOCCOCCOCCOC,37,-483427.0127919583,-0.11354555189609528,0.09868625551462173,0.21575084328651428,0
32,183418623,5387530,COCCOCCOCCOCCOC,37,-483427.5014958222,-0.1430312991142273,0.22881090641021729,-0.13990385830402374,0
33,183418563,5387530,COCCOCCOCCOCCOC,37,-483417.5858529475,0.10530096292495728,-0.10859774053096771,-0.07645551860332489,0
34,183417884,5387530,COCCOCCOCCOCCOC,37,-483409.361069265,-0.009847987443208694,-0.12148850411176682,-0.37669476866722107,0
35,183418577,5387530,COCCOCCOCCOCCOC,37,-483427.11402877455,-0.21033205091953278,-0.16033010184764862,-0.08168908208608627,0
36,183418730,5387530,COCCOCCOCCOCCOC,37,-483420.04174668866,-0.040910687297582626,0.3703393340110779,0.13981389999389648,0
37,183418733,5387530,COCCOCCOCCOCCOC,37,-483427.4068844661,0.23662686347961426,-0.10838077962398529,-0.06446965783834457,0
38,183417794,5387530,COCCOCCOCCOCCOC,37,-483425.7983133976,0.17472901940345764,0.23362115025520325,-0.03442826867103577,0
39,183417843,5387530,COCCOCCOCCOCCOC,37,-483417.4061295391,-0.02679753117263317,-0.17318910360336304,0.08169437199831009,0
40,58355090,5387530,COCCOCCOCCOCCOC,37,-483418.15425958094,-0.19908174872398376,0.2620961666107178,0.3887547254562378,0
41,183418489,5387530,COCCOCCOCCOCCOC,37,-483424.8688132703,0.10975134372711182,0.10884644836187363,-0.05133548006415367,0
42,183417782,5387530,COCCOCCOCCOCCOC,37,-483420.3050480055,-0.18800605833530426,0.3029380738735199,-0.1995527148246765,0
43,58227208,5387530,COCCOCCOCCOCCOC,37,-483427.6025758314,0.33159831166267395,-0.4317927062511444,0.25789451599121094,0
44,183418655,5387530,COCCOCCOCCOCCOC,37,-483419.527516904,0.22932420670986176,0.0021537509746849537,-0.16722528636455536,0
45,183417790,5387530,COCCOCCOCCOCCOC,37,-483419.7043351657,0.04438738152384758,-0.11967870593070984,-0.453578919172287,0
46,183417872,5387530,COCCOCCOCCOCCOC,37,-483409.08219960623,-0.3234807252883911,0.025220584124326706,-0.4255007803440094,0
47,183418574,5387530,COCCOCCOCCOCCOC,37,-483434.04978969984,0.026760488748550415,0.18325404822826385,-0.1414649337530136,0
48,183417920,5387530,COCCOCCOCCOCCOC,37,-483415.00906665984,0.07906436175107956,0.3528870940208435,-0.3713606595993042,0
49,183417956,5387530,COCCOCCOCCOCCOC,37,-483405.85852140834,0.09013474732637405,-0.018029065802693367,0.37466803193092346,0
50,183417906,5387530,COCCOCCOCCOCCOC,37,-483423.1790511656,-0.2191746085882187,0.2450936883687973,0.1626267433166504,0
51,183418554,5387530,COCCOCCOCCOCCOC,37,-483428.1650367943,-0.020473865792155266,0.009202390909194946,0.33477863669395447,0
52,183418597,5387530,COCCOCCOCCOCCOC,37,-483425.49611229845,0.2497769296169281,-0.6316576600074768,0.023908225819468498,0
53,58400800,5387530,COCCOCCOCCOCCOC,37,-483424.47590890893,0.14479346573352814,0.2574552893638611,-0.09650074690580368,0
54,183417759,5387530,COCCOCCOCCOCCOC,37,-483423.45054257475,0.4649403691291809,-0.059765271842479706,0.0937119871377945,0
55,111042518,5387530,COCCOCCOCCOCCOC,37,-483437.8447052872,0.5305477380752563,-0.13692988455295563,0.0648612454533577,0
56,183417781,5387530,COCCOCCOCCOCCOC,37,-483420.09622083505,0.02304566465318203,-0.20770205557346344,-0.035465456545352936,0
57,183418507,5387530,COCCOCCOCCOCCOC,37,-483418.82122035796,-0.21849724650382996,0.17569740116596222,-0.0621042363345623,0
58,183418645,5387530,COCCOCCOCCOCCOC,37,-483431.2003548804,-0.1117357611656189,-0.0622418187558651,-0.28988325595855713,0
59,183417854,5387530,COCCOCCOCCOCCOC,37,-483415.4448031926,0.3720856308937073,0.44762569665908813,-0.17947572469711304,0
60,58125806,5387530,COCCOCCOCCOCCOC,37,-483424.8167961466,0.1673416942358017,0.25561901926994324,0.3077270984649658,0
61,183418500,5387530,COCCOCCOCCOCCOC,37,-483430.7583083646,-0.3154001832008362,0.09847987443208694,-0.1846352219581604,0
62,58125793,5387530,COCCOCCOCCOCCOC,37,-483436.51338250213,0.25070297718048096,0.2604610025882721,0.2560900151729584,0
63,183417764,5387530,COCCOCCOCCOCCOC,37,-483408.2046944395,0.18893742561340332,0.23770637810230255,0.4442283511161804,0
64,58227241,5387530,COCCOCCOCCOCCOC,37,-483429.7281468716,-0.362772136926651,-0.5576733350753784,-0.4053761661052704,0
65,183417849,5387530,COCCOCCOCCOCCOC,37,-483421.8698312521,-0.30025514960289,0.07627560198307037,-0.016467994078993797,0
66,105179237,5387530,COCCOCCOCCOCCOC,37,-483441.4939672655,-0.16467465460300446,-0.1794334053993225,-0.25820672512054443,0
67,183417986,5387530,COCCOCCOCCOCCOC,37,-483426.3529451877,-0.056352078914642334,0.015081549994647503,-0.31106093525886536,0
68,58191969,5387530,COCCOCCOCCOCCOC,37,-483434.1114329543,0.07097852975130081,-0.08029734343290329,0.15911829471588135,0
69,183418583,5387530,COCCOCCOCCOCCOC,37,-483436.8169297038,0.24766021966934204,-0.019653640687465668,0.03376150503754616,0
70,183417863,5387530,COCCOCCOCCOCCOC,37,-483416.13688532694,0.35454872250556946,0.02916824445128441,-0.20186522603034973,0
71,183418592,5387530,COCCOCCOCCOCCOC,37,-483424.49894152937,-0.04360419884324074,0.12087465077638626,-0.23107579350471497,0
72,183417840,5387530,COCCOCCOCCOCCOC,37,-483416.68299420306,-0.15308567881584167,-0.11922362446784973,0.09230437129735947,0
73,119499507,5387530,COCCOCCOCCOCCOC,37,-483435.17509224464,-0.53762286901474,0.3234754502773285,0.07028531283140182,0
74,58209300,5387530,COCCOCCOCCOCCOC,37,-483435.2109699394,-0.21357589960098267,0.12232459336519241,-0.031919967383146286,0
75,183417939,5387530,COCCOCCOCCOCCOC,37,-483428.0554678966,-0.1702098399400711,-0.1132756695151329,-0.1443595290184021,0
76,58729254,5387530,COCCOCCOCCOCCOC,37,-483412.5806405935,-0.49764883518218994,0.25220584869384766,-0.2565186321735382,0
77,183418606,5387530,COCCOCCOCCOCCOC,37,-483413.33822665655,0.2286415696144104,0.010117867961525917,-0.11767313629388809,0
78,183418558,5387530,COCCOCCOCCOCCOC,37,-483428.4485666221,0.43383532762527466,-0.0734180435538292,-0.6931480169296265,0
79,183417888,5387530,COCCOCCOCCOCCOC,37,-483409.7812535201,-0.12890227138996124,0.10921158641576767,0.015928233042359352,0
80,183417990,5387530,COCCOCCOCCOCCOC,37,-483415.40982997615,-0.01706596463918686,0.0784134790301323,-0.27886050939559937,0
81,183417866,5387530,COCCOCCOCCOCCOC,37,-483409.373612346,0.22589516639709473,0.028363894671201706,-0.23337243497371674,0
82,183417768,5387530,COCCOCCOCCOCCOC,37,-483412.6365831315,-0.03610575944185257,-0.09138889610767365,0.1387714296579361,0
83,183417870,5387530,COCCOCCOCCOCCOC,37,-483412.84232520935,-0.16243092715740204,0.08911343663930893,-0.12447834759950638,0
84,183418626,5387530,COCCOCCOCCOCCOC,37,-483417.49175622204,-0.28245359659194946,0.07440759986639023,0.07092032581567764,0
85,183418701,5387530,COCCOCCOCCOCCOC,37,-483434.6772216596,0.21018388867378235,0.055817607790231705,-0.002555925864726305,0
86,183418555,5387530,COCCOCCOCCOCCOC,37,-483437.6934618092,0.05347335338592529,-0.07879447937011719,0.05765385180711746,0
87,58209282,5387530,COCCOCCOCCOCCOC,37,-483443.1389422802,-0.23418207466602325,0.07972054183483124,-0.10343297570943832,0
88,183417965,5387530,COCCOCCOCCOCCOC,37,-483419.42139424436,-0.3527865409851074,-0.22528131306171417,-0.11102665960788727,0
89,183417752,5387530,COCCOCCOCCOCCOC,37,-483426.32479449274,-0.050404127687215805,-0.3932685852050781,-0.1956367939710617,0
90,183418628,5387530,COCCOCCOCCOCCOC,37,-483432.2913714107,-0.21487769484519958,-0.45583850145339966,-0.17861846089363098,0
91,58342419,5387530,COCCOCCOCCOCCOC,37,-483441.8242867133,-0.16491277515888214,-0.07219035178422928,0.28224194049835205,0
92,183418516,5387530,COCCOCCOCCOCCOC,37,-483425.14893344557,0.039037398993968964,0.467141717672348,-0.028776654973626137,0
93,183418634,5387530,COCCOCCOCCOCCOC,37,-483418.5857150483,-0.08421854674816132,0.07454518973827362,-0.07081449031829834,0
94,183418587,5387530,COCCOCCOCCOCCOC,37,-483411.8355333696,0.13001354038715363,-0.1647646129131317,-0.13921064138412476,0
95,58125794,5387530,COCCOCCOCCOCCOC,37,-483433.24762386025,-0.4865572452545166,0.3070233166217804,-0.024828992784023285,0
96,183418673,5387530,COCCOCCOCCOCCOC,37,-483426.3227040981,-0.06567088514566422,0.05829416215419769,-0.1293785274028778,0
97,183418716,5387530,COCCOCCOCCOCCOC,37,-483417.9362491695,0.01958484761416912,-0.08609712868928909,0.2697798013687134,0
98,183417941,5387530,COCCOCCOCCOCCOC,37,-483410.64999578183,0.13836395740509033,0.11593214422464371,-0.5285844802856445,0
99,183417842,5387530,COCCOCCOCCOCCOC,37,-483423.31148551643,0.1920066475868225,0.27484405040740967,0.08653634786605835,0
100,183417883,5387530,COCCOCCOCCOCCOC,37,-483414.39468913106,0.07090973854064941,-0.2609161138534546,-0.10388806462287903,0
101,183417769,5387530,COCCOCCOCCOCCOC,37,-483412.04143352277,-0.2536240220069885,-0.17182382941246033,-0.03783087804913521,0
102,183417864,5387530,COCCOCCOCCOCCOC,37,-483420.02407017845,0.03467169031500816,-0.0065353382378816605,0.3931521773338318,0
103,183418700,5387530,COCCOCCOCCOCCOC,37,-483417.21744169726,-0.19323433935642242,-0.3031497299671173,0.08518694341182709,0
104,183418641,5387530,COCCOCCOCCOCCOC,37,-483420.802497206,0.18682071566581726,0.00988502986729145,0.004423920996487141,0
105,183418552,5387530,COCCOCCOCCOCCOC,37,-483427.74980202835,0.03115266188979149,0.11121717095375061,-0.015959983691573143,0
106,183418627,5387530,COCCOCCOCCOCCOC,37,-483425.1966339786,-0.25294139981269836,-0.5545036196708679,-0.35255372524261475,0
107,183417746,5387530,COCCOCCOCCOCCOC,37,-483413.8941891031,0.08808682858943939,-0.16018721461296082,0.17716851830482483,0
108,183418575,5387530,COCCOCCOCCOCCOC,37,-483420.6364594479,0.043572451919317245,-0.2816334068775177,-0.21319490671157837,0
109,183418536,5387530,COCCOCCOCCOCCOC,37,-483426.6410617169,0.28399351239204407,-0.17666581273078918,-0.011001593433320522,0
110,183418539,5387530,COCCOCCOCCOCCOC,37,-483422.43063330645,0.04883776232600212,-0.22366201877593994,-0.1933983862400055,0
111,183417982,5387530,COCCOCCOCCOCCOC,37,-483422.31019226677,0.18394728004932404,-0.39196154475212097,-0.041042979806661606,0
112,183417925,5387530,COCCOCCOCCOCCOC,37,-483419.90150433214,-0.1265421360731125,-0.12698134779930115,-0.4109008014202118,0
113,183417889,5387530,COCCOCCOCCOCCOC,37,-483422.7515369615,0.3665080964565277,0.0066887992434203625,-0.003820659127086401,0
114,58125728,5387530,COCCOCCOCCOCCOC,37,-483418.9592490738,-0.2553597390651703,0.11075149476528168,-0.2702349126338959,0
115,183418498,5387530,COCCOCCOCCOCCOC,37,-483419.6208138548,0.41637247800827026,0.0786939412355423,0.21434850990772247,0
116,183417922,5387530,COCCOCCOCCOCCOC,37,-483411.27125524974,0.411456435918808,-0.19189022481441498,-0.06100354343652725,0
117,183418562,5387530,COCCOCCOCCOCCOC,37,-483421.25571785955,0.1404859572649002,-0.2563016712665558,-0.04066726565361023,0
118,183418551,5387530,COCCOCCOCCOCCOC,37,-483427.27147850895,0.47837090492248535,0.32091420888900757,0.25982600450515747,0
119,183418573,5387530,COCCOCCOCCOCCOC,37,-483421.67779194925,-0.11670473217964172,0.27413493394851685,0.10134272277355194,0
120,183417821,5387530,COCCOCCOCCOCCOC,37,-483416.8558537497,-0.22554588317871094,0.1373003125190735,-0.08162558078765869,0
121,183417783,5387530,COCCOCCOCCOCCOC,37,-483423.1102325366,-0.06641703099012375,0.3616502583026886,0.12628284096717834,0
122,58125817,5387530,COCCOCCOCCOCCOC,37,-483422.06357389735,-0.29344990849494934,-0.02393997646868229,-0.002381297294050455,0
123,183417949,5387530,COCCOCCOCCOCCOC,37,-483406.4423596455,0.3453727662563324,-0.4017195701599121,0.0036513223312795162,0
124,183418490,5387530,COCCOCCOCCOCCOC,37,-483426.0413024556,0.5457298159599304,0.09478092193603516,-0.08834613114595413,0
125,183417848,5387530,COCCOCCOCCOCCOC,37,-483410.9562099666,0.13840629160404205,0.03453410416841507,-0.13084964454174042,0
126,58227221,5387530,COCCOCCOCCOCCOC,37,-483430.08962032694,-0.11186805367469788,-0.27151021361351013,0.23299670219421387,0
127,183418666,5387530,COCCOCCOCCOCCOC,37,-483416.2030122878,0.10659745335578918,-0.17622658610343933,0.35476037859916687,0
128,183417813,5387530,COCCOCCOCCOCCOC,37,-483418.05924544286,-0.23191191256046295,-0.20933718979358673,-0.19891241192817688,0
129,119499522,5387530,COCCOCCOCCOCCOC,37,-483423.1622394519,-0.1355593204498291,0.09738976508378983,0.05524609610438347,0
130,183418678,5387530,COCCOCCOCCOCCOC,37,-483459.6937450423,0.2341661900281906,0.18394728004932404,0.21454431116580963,0
131,58209304,5387530,COCCOCCOCCOCCOC,37,-483434.33657205093,0.06906820833683014,0.086695097386837,0.31120380759239197,0
132,183417988,5387530,COCCOCCOCCOCCOC,37,-483414.43497366423,0.11467798799276352,-0.06251170486211777,0.23253104090690613,0
133,183417991,5387530,COCCOCCOCCOCCOC,37,-483414.27777111524,-0.07193105667829514,-0.24242664873600006,0.38436785340309143,0
134,183417936,5387530,COCCOCCOCCOCCOC,37,-483416.92728585453,0.09708814322948456,0.20008188486099243,-0.08211242407560349,0
135,183418492,5387530,COCCOCCOCCOCCOC,37,-483432.14240058506,-0.24484498798847198,0.15387414395809174,0.22715458273887634,0
136,183418727,5387530,COCCOCCOCCOCCOC,37,-483426.1594973446,-0.00932410266250372,0.029596880078315735,-0.35066455602645874,0
137,183418736,5387530,COCCOCCOCCOCCOC,37,-483424.89877984155,0.0027464295271784067,-0.10141151398420334,0.1197686642408371,0
138,183418621,5387530,COCCOCCOCCOCCOC,37,-483415.40278209286,-0.07350800186395645,-0.2519412338733673,0.7339211106300354,0
139,183418618,5387530,COCCOCCOCCOCCOC,37,-483421.1892456103,-0.054494667798280716,-0.38985541462898254,-0.001270025153644383,0
140,183418603,5387530,COCCOCCOCCOCCOC,37,-483426.0649461302,-0.23557381331920624,-0.23322424292564392,-0.2198096215724945,0
141,183418601,5387530,COCCOCCOCCOCCOC,37,-483421.0426004351,0.09979752451181412,-0.3011970520019531,0.0299514289945364,0
142,58125769,5387530,COCCOCCOCCOCCOC,37,-483436.4936877094,-0.4000367820262909,0.13649067282676697,-0.03413722291588783,0
143,183418496,5387530,COCCOCCOCCOCCOC,37,-483420.5894015749,0.11646131426095963,-0.03176650404930115,0.003307357430458069,0
144,183417776,5387530,COCCOCCOCCOCCOC,37,-483423.7025778852,-0.04492185264825821,0.09482855349779129,0.13621020317077637,0
145,106886566,5387530,COCCOCCOCCOCCOC,37,-483431.6822356236,0.1136249229311943,0.06132104992866516,0.11333387345075607,0
146,105179313,5387530,COCCOCCOCCOCCOC,37,-483429.69044854905,-0.2624136805534363,0.2149517834186554,0.15486370027065277,0
147,183418537,5387530,COCCOCCOCCOCCOC,37,-483423.3840207102,0.28708919882774353,0.1605999767780304,-0.3972109854221344,0
148,58191992,5387530,COCCOCCOCCOCCOC,37,-483419.5435916837,0.06980376690626144,0.3767000436782837,0.008974844589829445,0
149,58355089,5387530,COCCOCCOCCOCCOC,37,-483426.3067618364,-0.2599053680896759,-0.12992887198925018,-0.18867811560630798,0
150,183417841,5387530,COCCOCCOCCOCCOC,37,-483412.67966202897,0.11343442648649216,0.18702179193496704,-0.11500608175992966,0
151,111042459,5387530,COCCOCCOCCOCCOC,37,-483429.4955760159,0.14280904829502106,0.0942358672618866,-0.08920339494943619,0
152,183417812,5387530,COCCOCCOCCOCCOC,37,-483412.5734631056,0.2772359251976013,-0.5928266048431396,0.1786555051803589,0
153,183417788,5387530,COCCOCCOCCOCCOC,37,-483416.29743046133,-0.20921018719673157,0.3068169355392456,0.15949399769306183,0
154,58227186,5387530,COCCOCCOCCOCCOC,37,-483430.81740362506,-0.02322029508650303,-0.2947305142879486,-0.03597346320748329,0
155,183417747,5387530,COCCOCCOCCOCCOC,37,-483423.4200152115,0.09269067645072937,0.21656575798988342,-0.3113466799259186,0
156,183417953,5387530,COCCOCCOCCOCCOC,37,-483414.773627115,0.3037106692790985,-0.06836439669132233,0.2762516438961029,0
157,183418598,5387530,COCCOCCOCCOCCOC,37,-483426.85177592,-0.37850984930992126,-0.17325261235237122,-0.28527942299842834,0
158,183418590,5387530,COCCOCCOCCOCCOC,37,-483418.47239768814,0.05604515224695206,0.072862409055233,-0.2536875307559967,0
159,183417761,5387530,COCCOCCOCCOCCOC,37,-483408.6465783369,0.11556170880794525,-0.02447444386780262,-0.1070895865559578,0
160,183418582,5387530,COCCOCCOCCOCCOC,37,-483425.5886655527,0.27200236916542053,0.2425748109817505,0.22422823309898376,0
161,183418503,5387530,COCCOCCOCCOCCOC,37,-483424.02782904013,-0.31402960419654846,0.34245172142982483,-0.015192677266895771,0
162,183417793,5387530,COCCOCCOCCOCCOC,37,-483417.75078405504,-0.22921837866306305,-0.13294517993927002,-0.15349313616752625,0
163,183418720,5387530,COCCOCCOCCOCCOC,37,-483418.7305730602,-0.2897774279117584,0.026300106197595596,-0.36463481187820435,0
164,183417753,5387530,COCCOCCOCCOCCOC,37,-483410.91048468155,-0.30738314986228943,0.08390104025602341,0.2458345592021942,0
165,183418591,5387530,COCCOCCOCCOCCOC,37,-483419.143928601,-0.24088145792484283,0.37700697779655457,0.41937291622161865,0
166,183418518,5387530,COCCOCCOCCOCCOC,37,-483426.30377995473,0.06348539143800735,0.061479803174734116,0.2564180791378021,0
167,114528980,5387530,COCCOCCOCCOCCOC,37,-483431.0273455397,-0.37231847643852234,-0.25247570872306824,0.016086986288428307,0
168,183417820,5387530,COCCOCCOCCOCCOC,37,-483410.0183196818,0.12957432866096497,0.030734611675143242,0.1402055025100708,0
169,183417836,5387530,COCCOCCOCCOCCOC,37,-483413.10856177454,-0.3653968572616577,-0.12243571877479553,-0.1909218281507492,0
170,183418671,5387530,COCCOCCOCCOCCOC,37,-483419.1201335509,-0.04855730012059212,0.09217208623886108,-0.13213025033473969,0
171,58209416,5387530,COCCOCCOCCOCCOC,37,-483431.43132584053,-0.35974523425102234,0.4267020523548126,0.13612553477287292,0
172,183418729,5387530,COCCOCCOCCOCCOC,37,-483420.3168747431,0.7020699381828308,0.5912655591964722,-0.32031622529029846,0
173,183417828,5387530,COCCOCCOCCOCCOC,37,-483422.274799938,0.17231066524982452,-0.1589595377445221,0.08937273174524307,0
174,183418567,5387530,COCCOCCOCCOCCOC,37,-483421.5160317218,0.5203981399536133,0.1745385080575943,0.2184125930070877,0
175,183417957,5387530,COCCOCCOCCOCCOC,37,-483419.9886502393,0.16934728622436523,0.045678574591875076,-0.23989717662334442,0
176,58209302,5387530,COCCOCCOCCOCCOC,37,-483439.0824830205,0.34276923537254333,-0.17095598578453064,-0.010964551009237766,0
177,105179371,5387530,COCCOCCOCCOCCOC,37,-483425.7639488371,-0.10242753475904465,0.08276859670877457,0.25066065788269043,0
178,183418680,5387530,COCCOCCOCCOCCOC,37,-483429.68855188973,0.18147073686122894,-0.17498831450939178,-0.043672993779182434,0
179,183417754,5387530,COCCOCCOCCOCCOC,37,-483419.183278307,0.21797338128089905,0.48815006017684937,-0.10449133068323135,0
180,183417978,5387530,COCCOCCOCCOCCOC,37,-483403.5690372479,-0.12730415165424347,0.10022616386413574,0.07710111141204834,0
181,183418540,5387530,COCCOCCOCCOCCOC,37,-483420.7071004352,0.09813591092824936,-0.29601114988327026,-0.24249544739723206,0
182,183418737,5387530,COCCOCCOCCOCCOC,37,-483429.2019688234,-0.23047783970832825,0.2221115231513977,0.002174918306991458,0
183,183417964,5387530,COCCOCCOCCOCCOC,37,-483419.5637439145,0.21602071821689606,-0.0011165637988597155,0.06702558696269989,0
184,58125882,5387530,COCCOCCOCCOCCOC,37,-483426.6904582122,0.47837090492248535,0.32090362906455994,0.25982069969177246,0
185,183418593,5387530,COCCOCCOCCOCCOC,37,-483421.8084112234,-0.26509130001068115,0.11738736927509308,-0.11864152550697327,0
186,183418580,5387530,COCCOCCOCCOCCOC,37,-483424.40370181727,-0.12522979080677032,0.14323239028453827,0.02407226897776127,0
187,183417893,5387530,COCCOCCOCCOCCOC,37,-483409.7310828413,-0.005963827017694712,-0.40235987305641174,0.0475042350590229,0
188,183417859,5387530,COCCOCCOCCOCCOC,37,-483415.8873037442,0.4575636386871338,-0.5201177000999451,-0.22422823309898376,0
189,183418625,5387530,COCCOCCOCCOCCOC,37,-483421.2805557827,0.060442615300416946,0.052531421184539795,-0.16131436824798584,0
190,183418535,5387530,COCCOCCOCCOCCOC,37,-483426.50905324094,0.18703237175941467,-0.10731183737516403,-0.12492284923791885,0
191,183418702,5387530,COCCOCCOCCOCCOC,37,-483427.4702938191,-0.36623823642730713,0.09520955383777618,-0.21808449923992157,0
192,183418528,5387530,COCCOCCOCCOCCOC,37,-483423.0744064369,0.42139968276023865,0.2526080310344696,0.16669610142707825,0
193,183417774,5387530,COCCOCCOCCOCCOC,37,-483410.64899636066,0.30924057960510254,-0.018240736797451973,0.02944871224462986,0
194,183417810,5387530,COCCOCCOCCOCCOC,37,-483420.5716061254,-0.12107044458389282,-0.25244396924972534,0.32974618673324585,0
195,58342437,5387530,COCCOCCOCCOCCOC,37,-483410.8967655235,-0.36634936928749084,-0.20914140343666077,0.26450392603874207,0
196,111042481,5387530,COCCOCCOCCOCCOC,37,-483439.59329541185,-0.5859155654907227,-0.12922507524490356,0.5927048921585083,0
197,183418721,5387530,COCCOCCOCCOCCOC,37,-483422.6076383407,0.40410614013671875,-0.07558237761259079,0.046334750950336456,0
198,183417796,5387530,COCCOCCOCCOCCOC,37,-483407.02680277487,0.37463629245758057,-0.020886622369289398,-0.06204073131084442,0
199,183418505,5387530,COCCOCCOCCOCCOC,37,-483428.16230459046,-0.0707298219203949,-0.24784541130065918,-0.17682455480098724,0
200,183418581,5387530,COCCOCCOCCOCCOC,37,-483424.0470771465,-0.10139034688472748,0.07732866704463959,0.1622827649116516,0
201,183417905,5387530,COCCOCCOCCOCCOC,37,-483417.97700196283,-0.12814024090766907,-0.5234568119049072,0.11329153925180435,0
202,183417961,5387530,COCCOCCOCCOCCOC,37,-483408.66492887755,0.5641240477561951,0.255968302488327,-0.1531279981136322,0
203,183417757,5387530,COCCOCCOCCOCCOC,37,-483416.3992903519,0.4425561726093292,0.20982934534549713,-0.010625878348946571,0
204,183417960,5387530,COCCOCCOCCOCCOC,37,-483416.7887823914,-0.1596950888633728,-0.1252191960811615,0.18881571292877197,0
205,183417860,5387530,COCCOCCOCCOCCOC,37,-483413.06678414845,0.1308813840150833,0.044054001569747925,0.026607029139995575,0
206,183418688,5387530,COCCOCCOCCOCCOC,37,-483416.2647822723,0.06156976521015167,-0.12503398954868317,0.3645501732826233,0
207,119499513,5387530,COCCOCCOCCOCCOC,37,-483426.03540605586,-0.1689874529838562,0.21878302097320557,-0.08086886256933212,0
208,183417801,5387530,COCCOCCOCCOCCOC,37,-483412.2356314801,-0.3010488748550415,-0.129934161901474,-0.26931941509246826,0
209,183418683,5387530,COCCOCCOCCOCCOC,37,-483432.48516476504,0.06986197084188461,-0.3149186074733734,-0.07341275364160538,0
210,183417756,5387530,COCCOCCOCCOCCOC,37,-483413.09337912383,0.02486603707075119,-0.21523751318454742,-0.13287638127803802,0
211,105179249,5387530,COCCOCCOCCOCCOC,37,-483419.5518771223,-0.3226393163204193,-0.06712083518505096,0.29087281227111816,0
212,111042483,5387530,COCCOCCOCCOCCOC,37,-483435.47276461986,-0.3099919855594635,-0.569691002368927,-0.011250306852161884,0
213,183418560,5387530,COCCOCCOCCOCCOC,37,-483428.3869751597,-0.11494787037372589,-0.20982404053211212,-0.5763744711875916,0
214,183418556,5387530,COCCOCCOCCOCCOC,37,-483428.0955204232,0.06426327675580978,0.33557242155075073,0.2127186357975006,0
215,183418687,5387530,COCCOCCOCCOCCOC,37,-483416.84359569475,-0.08102232217788696,-0.04595903679728508,0.019801810383796692,0
216,183417890,5387530,COCCOCCOCCOCCOC,37,-483410.49912966223,0.040159255266189575,-0.20069573819637299,-0.024405650794506073,0
217,183418681,5387530,COCCOCCOCCOCCOC,37,-483428.2255698403,-0.12798678874969482,-0.1512388437986374,0.3517017364501953,0
218,183417891,5387530,COCCOCCOCCOCCOC,37,-483413.41733804595,0.11011118441820145,0.031724169850349426,0.4252256155014038,0
219,58125694,5387530,COCCOCCOCCOCCOC,37,-483405.52216851705,-0.3425575792789459,0.1974889189004898,-0.019690683111548424,0
220,183417877,5387530,COCCOCCOCCOCCOC,37,-483414.3768314633,0.1598326712846756,0.09356381744146347,-0.05217687413096428,0
221,183418494,5387530,COCCOCCOCCOCCOC,37,-483424.2324156302,0.002936933422461152,-0.23907697200775146,0.173390194773674,0
222,183418692,5387530,COCCOCCOCCOCCOC,37,-483425.251756742,-0.10881470888853073,-0.1775812804698944,-0.0929446816444397,0
223,183418638,5387530,COCCOCCOCCOCCOC,37,-483418.14892567316,0.11455097794532776,-0.23231935501098633,-0.1526041179895401,0
224,105179245,5387530,COCCOCCOCCOCCOC,37,-483427.5973744926,-0.08542507141828537,0.08328719437122345,0.14990001916885376,0
225,183418544,5387530,COCCOCCOCCOCCOC,37,-483422.4368266907,-0.2732882499694824,0.09227262437343597,0.1692679077386856,0
226,183417758,5387530,COCCOCCOCCOCCOC,37,-483430.27209268435,0.3399645984172821,0.23819853365421295,-0.16010254621505737,0
227,183417779,5387530,COCCOCCOCCOCCOC,37,-483456.4400885914,0.29568833112716675,0.13542701303958893,0.10673503577709198,0
228,58125744,5387530,COCCOCCOCCOCCOC,37,-483422.44497467787,-0.4853401482105255,0.10562905669212341,-0.1502334028482437,0
229,58125833,5387530,COCCOCCOCCOCCOC,37,-483423.7459373096,-0.6448447108268738,0.10805268585681915,-0.024379191920161247,0
230,183417927,5387530,COCCOCCOCCOCCOC,37,-483403.77280477184,-0.26110661029815674,0.2821202278137207,-0.1337442398071289,0
231,183417914,5387530,COCCOCCOCCOCCOC,37,-483418.4161336833,0.1543874442577362,0.004519172944128513,0.01565835252404213,0
232,183418511,5387530,COCCOCCOCCOCCOC,37,-483423.78943070344,-0.13911010324954987,0.28046390414237976,0.17251704633235931,0
233,183418522,5387530,COCCOCCOCCOCCOC,37,-483427.71303119994,0.0004127581778448075,0.5175088047981262,0.19499120116233826,0
234,183417886,5387530,COCCOCCOCCOCCOC,37,-483422.16763106064,-0.28486666083335876,0.23610299825668335,0.12317128479480743,0
235,183417928,5387530,COCCOCCOCCOCCOC,37,-483419.94914933614,0.4514675438404083,-0.16249443590641022,0.2572436034679413,0
236,119499460,5387530,COCCOCCOCCOCCOC,37,-483438.76626188564,-0.35722634196281433,0.03434889018535614,0.30044034123420715,0
237,106886498,5387530,COCCOCCOCCOCCOC,37,-483438.8373800557,-0.2915554642677307,-0.08334540575742722,0.14500512182712555,0
238,183418600,5387530,COCCOCCOCCOCCOC,37,-483427.11524337943,0.2695363759994507,-0.3900564908981323,-0.25879940390586853,0
239,114529052,5387530,COCCOCCOCCOCCOC,37,-483441.3779926003,0.2510416507720947,-0.07075627893209457,0.27913567423820496,0
240,183417856,5387530,COCCOCCOCCOCCOC,37,-483415.95729918993,-0.1452009379863739,-0.21099883317947388,-0.1599385142326355,0
241,183417968,5387530,COCCOCCOCCOCCOC,37,-483422.6916682404,0.1686328798532486,-0.1793540120124817,-0.021685682237148285,0
242,183417787,5387530,COCCOCCOCCOCCOC,37,-483427.27147850895,0.47837090492248535,0.32091420888900757,0.25982600450515747,0
243,183418631,5387530,COCCOCCOCCOCCOC,37,-483429.74897909426,0.07815417647361755,0.1929115504026413,-0.10040608048439026,0
244,183418648,5387530,COCCOCCOCCOCCOC,37,-483430.63744918525,-0.21014153957366943,0.050557587295770645,0.12809792160987854,0
245,58192003,5387530,COCCOCCOCCOCCOC,37,-483426.1819846335,0.4471282660961151,0.3936919569969177,0.11102137714624405,0
246,183417944,5387530,COCCOCCOCCOCCOC,37,-483418.68164457334,0.19593314826488495,-0.34245699644088745,0.20271718502044678,0
247,183417869,5387530,COCCOCCOCCOCCOC,37,-483412.1947805487,0.161441370844841,-0.13082846999168396,0.044260378926992416,0
248,183418715,5387530,COCCOCCOCCOCCOC,37,-483421.17982186005,0.22334451973438263,-0.06263870745897293,-0.1122279018163681,0
249,183418663,5387530,COCCOCCOCCOCCOC,37,-483419.11448371666,0.10500991344451904,0.16019780933856964,0.22210095822811127,0
250,183417931,5387530,COCCOCCOCCOCCOC,37,-483411.6968248307,0.12688611447811127,-0.020669661462306976,-0.13672879338264465,0
251,183418735,5387530,COCCOCCOCCOCCOC,37,-483422.6494386626,-0.269165962934494,-0.18886862695217133,-0.13011938333511353,0
252,183417950,5387530,COCCOCCOCCOCCOC,37,-483423.202318376,0.04562036693096161,0.09093380719423294,0.06819505989551544,0
253,58355087,5387530,COCCOCCOCCOCCOC,37,-483420.9201979621,0.25206828117370605,0.5314844250679016,-0.09881854802370071,0
254,183417858,5387530,COCCOCCOCCOCCOC,37,-483407.77912688913,0.19997605681419373,0.10598889738321304,-0.07633909583091736,0
255,183418497,5387530,COCCOCCOCCOCCOC,37,-483428.2293413962,0.3711913228034973,0.030025513842701912,-0.07762499898672104,0
256,183417976,5387530,COCCOCCOCCOCCOC,37,-483415.3888351539,0.26013293862342834,-0.3417743742465973,0.029649799689650536,0
257,183417803,5387530,COCCOCCOCCOCCOC,37,-483423.14923872944,0.514079749584198,-0.18655084073543549,0.07922311127185822,0
258,183418694,5387530,COCCOCCOCCOCCOC,37,-483422.8368039918,-0.5321723222732544,0.2230217307806015,0.06452786922454834,0
259,58209441,5387530,COCCOCCOCCOCCOC,37,-483417.8449341791,-0.34053611755371094,0.48832470178604126,0.23525629937648773,0
260,114529047,5387530,COCCOCCOCCOCCOC,37,-483437.2364405033,-0.14102572202682495,-0.26575276255607605,0.14335937798023224,0
261,183418713,5387530,COCCOCCOCCOCCOC,37,-483423.8046387187,0.3630208373069763,0.32136401534080505,0.16418780386447906,0
262,183418731,5387530,COCCOCCOCCOCCOC,37,-483420.05699068407,0.07198397070169449,-0.05499738082289696,0.06577672809362411,0
263,183417805,5387530,COCCOCCOCCOCCOC,37,-483423.9988787418,-0.029289955273270607,0.11160875856876373,-0.35579755902290344,0
264,183418719,5387530,COCCOCCOCCOCCOC,37,-483425.5538362555,-0.05782318860292435,0.18852466344833374,-0.3433195650577545,0
265,183418509,5387530,COCCOCCOCCOCCOC,37,-483459.6937450423,0.2341661900281906,0.18394728004932404,0.21454431116580963,0
266,183417896,5387530,COCCOCCOCCOCCOC,37,-483419.1363561875,-0.10453895479440689,-0.24622614681720734,-0.16467994451522827,0
267,183418705,5387530,COCCOCCOCCOCCOC,37,-483427.5411206246,0.020637910813093185,0.1693049520254135,-0.6015633344650269,0
268,183418642,5387530,COCCOCCOCCOCCOC,37,-483423.6722901201,0.055129677057266235,-0.2264454960823059,-0.3578190207481384,0
269,183417763,5387530,COCCOCCOCCOCCOC,37,-483416.3363767001,0.665244460105896,0.2288532555103302,0.08522927761077881,0
270,183417975,5387530,COCCOCCOCCOCCOC,37,-483418.4512669492,-0.3595970571041107,0.08231351524591446,0.057648565620183945,0
271,183417989,5387530,COCCOCCOCCOCCOC,37,-483418.92140083114,-0.2512056827545166,0.07663014531135559,0.14147552847862244,0
272,183418630,5387530,COCCOCCOCCOCCOC,37,-483422.40284017957,0.02045799046754837,-0.25146499276161194,0.05954301357269287,0
273,183417895,5387530,COCCOCCOCCOCCOC,37,-483416.6003192657,-0.22943535447120667,-0.033470459282398224,-0.18880513310432434,0
274,58342427,5387530,COCCOCCOCCOCCOC,37,-483425.2329411051,-0.3709849417209625,0.3730328679084778,-0.20356915891170502,0
275,183417947,5387530,COCCOCCOCCOCCOC,37,-483422.37965185335,-0.3631848990917206,0.10704725980758667,-0.017822688445448875,0
276,183418677,5387530,COCCOCCOCCOCCOC,37,-483425.73343357036,-0.03240681067109108,0.2527455985546112,-0.010456540621817112,0
277,183417830,5387530,COCCOCCOCCOCCOC,37,-483417.3152436597,0.07755620777606964,0.19010160863399506,-0.12597061693668365,0
278,183418488,5387530,COCCOCCOCCOCCOC,37,-483433.54034721374,-0.16837888956069946,0.17266522347927094,-0.5933557748794556,0
279,183418588,5387530,COCCOCCOCCOCCOC,37,-483416.2424314309,0.06826385855674744,0.14147022366523743,0.31042590737342834,0
280,58192006,5387530,COCCOCCOCCOCCOC,37,-483438.7160607205,-0.4285700023174286,-0.12443072348833084,0.32289862632751465,0
281,183418661,5387530,COCCOCCOCCOCCOC,37,-483416.4045634533,-0.23609238862991333,-0.11685290187597275,0.0123298279941082,0
282,114529055,5387530,COCCOCCOCCOCCOC,37,-483435.74342374376,-0.2535446584224701,-0.017288219183683395,-0.0848059356212616,0
283,58209276,5387530,COCCOCCOCCOCCOC,37,-483426.9741584427,0.12300194799900055,0.09097085148096085,0.2830939292907715,0
284,183418607,5387530,COCCOCCOCCOCCOC,37,-483428.40742174955,-0.20912553369998932,-0.182259202003479,0.5005592703819275,0
285,183417815,5387530,COCCOCCOCCOCCOC,37,-483408.66030522774,0.1181282252073288,-0.0389103963971138,-0.15540875494480133,0
286,183418586,5387530,COCCOCCOCCOCCOC,37,-483429.2744656361,0.0784505158662796,-0.1291668564081192,-0.17144282162189484,0
287,58342368,5387530,COCCOCCOCCOCCOC,37,-483430.6881590661,0.18293654918670654,-0.10617939382791519,0.12027139216661453,0
288,111042457,5387530,COCCOCCOCCOCCOC,37,-483429.47459571983,-0.1784544140100479,0.2277366816997528,0.1845240741968155,0
289,58342436,5387530,COCCOCCOCCOCCOC,37,-483421.65677265223,-0.4434822201728821,0.17787761986255646,0.06501471251249313,0
290,183418594,5387530,COCCOCCOCCOCCOC,37,-483425.2065303966,0.023204419761896133,0.09248429536819458,-0.008085827343165874,0
291,183417910,5387530,COCCOCCOCCOCCOC,37,-483430.4013482147,0.03536491096019745,0.09278592467308044,0.0023177959956228733,0
292,183418502,5387530,COCCOCCOCCOCCOC,37,-483421.06358356,-0.1641242951154709,-0.02763892337679863,0.044228628277778625,0
293,58641956,5387530,COCCOCCOCCOCCOC,37,-483417.87857926544,0.5494182109832764,0.09569110721349716,0.6930792331695557,0
294,183417762,5387530,COCCOCCOCCOCCOC,37,-483414.0396639097,-0.061871398240327835,0.08861071616411209,0.44418075680732727,0
295,183417857,5387530,COCCOCCOCCOCCOC,37,-483420.52063058777,-0.04605428874492645,-0.04106944054365158,0.08644109219312668,0
296,183418662,5387530,COCCOCCOCCOCCOC,37,-483424.9192102655,0.0506475493311882,-0.1070207878947258,-0.04894888773560524,0
297,183418506,5387530,COCCOCCOCCOCCOC,37,-483419.14568044746,0.029162954539060593,0.04702797532081604,0.17487718164920807,0
298,111042531,5387530,COCCOCCOCCOCCOC,37,-483430.1849430058,0.3379060924053192,-0.018589993938803673,-0.22916018962860107,0
299,58227220,5387530,COCCOCCOCCOCCOC,37,-483429.1240213253,0.2721717059612274,0.06962913274765015,-0.41483786702156067,0
300,58209421,5387530,COCCOCCOCCOCCOC,37,-483442.95977549016,-0.42205584049224854,-0.037560995668172836,-0.014383034780621529,0
301,58342359,5387530,COCCOCCOCCOCCOC,37,-483444.23573158454,0.11918128281831741,-0.19296975433826447,0.18859344720840454,0
302,106886469,5387530,COCCOCCOCCOCCOC,37,-483439.03187506855,-0.17054322361946106,0.2800194025039673,0.16037772595882416,0
303,183417937,5387530,COCCOCCOCCOCCOC,37,-483407.2762604728,-0.03098861500620842,0.3010753393173218,0.08673214167356491,0
304,183418541,5387530,COCCOCCOCCOCCOC,37,-483421.94230430544,0.17177091538906097,0.21213126182556152,-0.14374569058418274,0
305,183417780,5387530,COCCOCCOCCOCCOC,37,-483418.9499262032,0.15793292224407196,-0.28835391998291016,0.27895575761795044,0
306,183418624,5387530,COCCOCCOCCOCCOC,37,-483421.1543896616,-0.7200196385383606,0.1555728018283844,-0.14045420289039612,0
307,183417970,5387530,COCCOCCOCCOCCOC,37,-483419.46441812057,0.13374952971935272,0.044778972864151,0.31479161977767944,0
308,183418495,5387530,COCCOCCOCCOCCOC,37,-483421.51607960893,0.15761542320251465,0.22114843130111694,-0.06653344631195068,0
309,183418698,5387530,COCCOCCOCCOCCOC,37,-483413.3631129518,0.21290385723114014,-0.39631664752960205,0.025077706202864647,0
310,58043760,5387530,COCCOCCOCCOCCOC,37,-483422.455338805,0.2335629165172577,0.21115228533744812,0.07765146344900131,0
311,183417962,5387530,COCCOCCOCCOCCOC,37,-483406.323787383,-0.3441874086856842,0.11400064080953598,-0.21391986310482025,0
312,183418695,5387530,COCCOCCOCCOCCOC,37,-483424.0776456537,0.21691501140594482,-0.4507583975791931,-0.2307424247264862,0
313,58209418,5387530,COCCOCCOCCOCCOC,37,-483438.2821917877,-0.43701037764549255,-0.11130712926387787,0.004826095886528492,0
314,183417804,5387530,COCCOCCOCCOCCOC,37,-483418.18474855,-0.311563640832901,-0.16653205454349518,0.08643580228090286,0
315,58043765,5387530,COCCOCCOCCOCCOC,37,-483415.61047165893,0.340626060962677,-0.058204200118780136,-0.42307716608047485,0
316,183417926,5387530,COCCOCCOCCOCCOC,37,-483410.6857056166,-0.2903912663459778,-0.3072032332420349,0.15934054553508759,0
317,183418684,5387530,COCCOCCOCCOCCOC,37,-483416.21170011576,0.03030068427324295,0.08755765110254288,-0.14293605089187622,0
318,58191974,5387530,COCCOCCOCCOCCOC,37,-483434.84938022733,-0.25561901926994324,-0.25643396377563477,-0.358866810798645,0
319,58125890,5387530,COCCOCCOCCOCCOC,37,-483428.87087510654,-0.4359467625617981,0.12796033918857574,-0.06929045915603638,0
320,183417847,5387530,COCCOCCOCCOCCOC,37,-483409.297068842,0.014689958654344082,-0.09628379344940186,0.23833610117435455,0
321,183417943,5387530,COCCOCCOCCOCCOC,37,-483417.5802572115,-0.024633198976516724,-0.1676962524652481,0.02924233116209507,0
322,183418675,5387530,COCCOCCOCCOCCOC,37,-483415.1993461418,0.5816609859466553,0.31560656428337097,0.2465330809354782,0
323,183417954,5387530,COCCOCCOCCOCCOC,37,-483408.6682147713,0.38162142038345337,0.007852989248931408,-0.15068319439888,0
324,183418565,5387530,COCCOCCOCCOCCOC,37,-483421.2812771438,-0.2619744539260864,0.1035652682185173,0.25325891375541687,0
325,183418559,5387530,COCCOCCOCCOCCOC,37,-483416.30551754613,-0.09913605451583862,0.19054082036018372,0.13208791613578796,0
326,183417809,5387530,COCCOCCOCCOCCOC,37,-483411.3619985106,0.572564423084259,-0.3081398606300354,0.08991249650716782,0
327,58342414,5387530,COCCOCCOCCOCCOC,37,-483430.0244183288,0.23962730169296265,-0.06094533950090408,0.17812632024288177,0
328,183417750,5387530,COCCOCCOCCOCCOC,37,-483417.4162886715,0.0817684531211853,0.027501337230205536,-0.10666095465421677,0
329,183418520,5387530,COCCOCCOCCOCCOC,37,-483426.61957948725,0.05009720101952553,-0.3821823298931122,-0.017288219183683395,0
330,183417818,5387530,COCCOCCOCCOCCOC,37,-483417.89226617455,0.14067117869853973,-0.326661080121994,0.08608654141426086,0
331,58192021,5387530,COCCOCCOCCOCCOC,37,-483418.96252384246,0.16145725548267365,0.3616555631160736,-0.25723302364349365,0
332,183418549,5387530,COCCOCCOCCOCCOC,37,-483423.72801153944,-0.13104014098644257,0.13735324144363403,-0.1106879860162735,0
333,183418632,5387530,COCCOCCOCCOCCOC,37,-483430.21781476395,-0.049880240112543106,-0.044778972864151,-0.17171800136566162,0
334,183418657,5387530,COCCOCCOCCOCCOC,37,-483414.13466055033,0.16336756944656372,0.194837749004364,-0.1414596438407898,0
335,183417786,5387530,COCCOCCOCCOCCOC,37,-483416.7107603088,-0.44780030846595764,-0.126653254032135,-0.28199851512908936,0
336,105179346,5387530,COCCOCCOCCOCCOC,37,-483434.34524245857,0.03306828439235687,0.4089745879173279,-0.09153177589178085,0
337,183417894,5387530,COCCOCCOCCOCCOC,37,-483422.58904356894,-0.1468360871076584,-0.34475892782211304,-0.10729596763849258,0
338,183418531,5387530,COCCOCCOCCOCCOC,37,-483435.8386593268,-0.04106944054365158,-0.16519853472709656,0.07364558428525925,0
339,183417882,5387530,COCCOCCOCCOCCOC,37,-483408.0955308765,-0.016277490183711052,-0.006244290620088577,0.32869839668273926,0
340,183418714,5387530,COCCOCCOCCOCCOC,37,-483431.92851119523,0.3262324333190918,0.14197823405265808,-0.020876038819551468,0
341,183418561,5387530,COCCOCCOCCOCCOC,37,-483426.26576271304,-0.23542563617229462,-0.15359897911548615,0.16627804934978485,0
342,183418703,5387530,COCCOCCOCCOCCOC,37,-483431.0427793938,-0.14854532480239868,-0.15880607068538666,0.09593453258275986,0
343,183418512,5387530,COCCOCCOCCOCCOC,37,-483426.21384342125,0.2204340547323227,0.33921846747398376,0.32352834939956665,0
344,183417755,5387530,COCCOCCOCCOCCOC,37,-483416.50264526554,-0.16446296870708466,-0.2521423399448395,-0.15108537673950195,0
345,119499519,5387530,COCCOCCOCCOCCOC,37,-483428.17946661945,0.21689915657043457,0.0011377310147508979,0.3880244493484497,0
346,106886543,5387530,COCCOCCOCCOCCOC,37,-483428.53758132586,-0.015425515361130238,-0.3319634199142456,0.08839375525712967,0
347,183417901,5387530,COCCOCCOCCOCCOC,37,-483413.16543199494,0.29912269115448,0.38699784874916077,-0.192387655377388,0
348,183417892,5387530,COCCOCCOCCOCCOC,37,-483415.42087886366,-0.6047965884208679,-0.5032528042793274,0.1282566785812378,0
349,183418679,5387530,COCCOCCOCCOCCOC,37,-483414.884816947,-0.3319263756275177,0.14658208191394806,0.3934326469898224,0
350,183418515,5387530,COCCOCCOCCOCCOC,37,-483431.0286109609,-0.2595931589603424,-0.15766304731369019,0.4816729426383972,0
351,105179355,5387530,COCCOCCOCCOCCOC,37,-483422.6673234393,0.0002328379632672295,-0.06893061846494675,0.24263304471969604,0
352,114528998,5387530,COCCOCCOCCOCCOC,37,-483434.77501445793,-0.24831639230251312,0.05502384528517723,-0.5058298707008362,0
353,183417878,5387530,COCCOCCOCCOCCOC,37,-483416.5917443469,0.1467355340719223,0.10745471715927124,-0.054505251348018646,0
354,183417942,5387530,COCCOCCOCCOCCOC,37,-483424.2566027877,-0.5299338698387146,-0.035349033772945404,0.11010590195655823,0
355,183417785,5387530,COCCOCCOCCOCCOC,37,-483422.55723547953,-0.035782963037490845,0.025257626548409462,0.29963070154190063,0
356,183418617,5387530,COCCOCCOCCOCCOC,37,-483423.85355530237,-0.292841374874115,0.34979671239852905,-0.3198452889919281,0
357,183417778,5387530,COCCOCCOCCOCCOC,37,-483418.54274536186,-0.10556555539369583,-0.05981289967894554,0.2359071969985962,0
358,183417940,5387530,COCCOCCOCCOCCOC,37,-483423.28911912226,0.838015615940094,-0.07899557054042816,0.024066979065537453,0
359,183417743,5387530,COCCOCCOCCOCCOC,37,-483425.41776171466,0.17577679455280304,-0.037518661469221115,0.19286391139030457,0
360,58400813,5387530,COCCOCCOCCOCCOC,37,-483419.7812664078,-0.5991026759147644,0.08094294369220734,-0.7755938172340393,0
361,183417799,5387530,COCCOCCOCCOCCOC,37,-483405.70226126065,-0.11468327790498734,-0.08592250198125839,-0.5987745523452759,0
362,183417903,5387530,COCCOCCOCCOCCOC,37,-483418.2081588954,-0.3054834008216858,-0.07341275364160538,0.26523420214653015,0
363,183418568,5387530,COCCOCCOCCOCCOC,37,-483423.682845462,0.1893501877784729,0.317855566740036,-0.07854576408863068,0
364,183417879,5387530,COCCOCCOCCOCCOC,37,-483410.2329004703,0.1439785212278366,-0.13791416585445404,-0.14965130388736725,0
365,183417829,5387530,COCCOCCOCCOCCOC,37,-483456.440088673,0.29568833112716675,0.13542701303958893,0.10673503577709198,0
366,58227216,5387530,COCCOCCOCCOCCOC,37,-483425.5521546098,-0.3902893364429474,-0.9104493856430054,-0.18771502375602722,0
367,183417913,5387530,COCCOCCOCCOCCOC,37,-483421.4098744299,-0.5323628187179565,-0.42174360156059265,0.1352418065071106,0
368,183417772,5387530,COCCOCCOCCOCCOC,37,-483411.4199018011,0.368915855884552,-0.20923665165901184,-0.18643970787525177,0
369,183418576,5387530,COCCOCCOCCOCCOC,37,-483434.68752975145,-0.19307558238506317,-0.10253337025642395,-0.01037187222391367,0
370,58125780,5387530,COCCOCCOCCOCCOC,37,-483419.96867534454,0.27193886041641235,0.31755924224853516,0.33282598853111267,0
371,183417751,5387530,COCCOCCOCCOCCOC,37,-483418.2825382804,-0.06295091658830643,-0.12125566601753235,0.15507537126541138,0
372,183418738,5387530,COCCOCCOCCOCCOC,37,-483426.0961415125,-0.14685195684432983,-0.12421375513076782,0.2771936058998108,0
373,183418646,5387530,COCCOCCOCCOCCOC,37,-483423.41373592557,0.18828652799129486,0.23920395970344543,0.1829947680234909,0
374,183417839,5387530,COCCOCCOCCOCCOC,37,-483428.54706549714,0.11800651252269745,0.01937846839427948,0.17323143780231476,0
375,58125785,5387530,COCCOCCOCCOCCOC,37,-483421.3943999132,0.2783842384815216,0.37581634521484375,0.2753097116947174,0
376,58191997,5387530,COCCOCCOCCOCCOC,37,-483411.092805016,-0.23040375113487244,0.27902984619140625,-0.028586149215698242,0
377,183417867,5387530,COCCOCCOCCOCCOC,37,-483426.42757109436,-0.1495296061038971,0.16184884309768677,-0.2985776364803314,0
378,183417973,5387530,COCCOCCOCCOCCOC,37,-483422.66510860896,-0.2051355391740799,-0.18482042849063873,-0.48158830404281616,0
379,183418622,5387530,COCCOCCOCCOCCOC,37,-483428.5188578381,-0.26492196321487427,-0.20205572247505188,-0.11774192005395889,0
380,183417742,5387530,COCCOCCOCCOCCOC,37,-483416.96165183885,0.06984080374240875,0.1004907488822937,0.042942728847265244,0
381,183417802,5387530,COCCOCCOCCOCCOC,37,-483403.7150024074,-0.15223897993564606,0.10965610295534134,0.34936806559562683,0
382,119499453,5387530,COCCOCCOCCOCCOC,37,-483425.36351415375,0.04468372091650963,-0.123017817735672,-0.2599106431007385,0
383,183418653,5387530,COCCOCCOCCOCCOC,37,-483426.7898291316,-0.288925439119339,0.24227319657802582,-0.07156592607498169,0
384,183417834,5387530,COCCOCCOCCOCCOC,37,-483416.692025807,0.26812878251075745,-0.006186081562191248,-0.00041804995271377265,0
385,183418667,5387530,COCCOCCOCCOCCOC,37,-483431.15125139494,0.05199165642261505,1.0583544280962087e-05,0.3111879229545593,0
386,183417983,5387530,COCCOCCOCCOCCOC,37,-483417.29191485984,-0.009996157139539719,-0.30309152603149414,-0.2557830810546875,0
387,183418639,5387530,COCCOCCOCCOCCOC,37,-483427.22591799404,-0.06279745697975159,-0.28811052441596985,0.21183492243289948,0
388,183418668,5387530,COCCOCCOCCOCCOC,37,-483430.0482633995,-0.04059318080544472,-0.000724972749594599,0.3212846517562866,0
389,183418689,5387530,COCCOCCOCCOCCOC,37,-483422.12968855223,-0.2359389364719391,-0.03731757402420044,-0.04805457964539528,0
390,183417853,5387530,COCCOCCOCCOCCOC,37,-483420.08778567635,-0.12737295031547546,-0.1680137664079666,-0.18450291454792023,0
391,183417955,5387530,COCCOCCOCCOCCOC,37,-483416.58828603796,0.08317606896162033,0.1651773601770401,0.032761357724666595,0
392,183418672,5387530,COCCOCCOCCOCCOC,37,-483427.0652312182,-0.015097424387931824,0.01408140454441309,0.14618518948554993,0
393,114529068,5387530,COCCOCCOCCOCCOC,37,-483439.10560916184,-0.14121092855930328,0.13784006237983704,0.05656375363469124,0
394,183418652,5387530,COCCOCCOCCOCCOC,37,-483421.49634938576,-0.3843572735786438,0.04241355136036873,-0.24693523347377777,0
395,101437603,5387530,COCCOCCOCCOCCOC,37,-483426.2779084507,0.726803719997406,0.0378626249730587,-0.12837310135364532,0
396,183418640,5387530,COCCOCCOCCOCCOC,37,-483430.8239639963,-0.13279171288013458,-0.13376012444496155,-0.17725318670272827,0
397,183418493,5387530,COCCOCCOCCOCCOC,37,-483427.4882485945,0.17008812725543976,-0.279003381729126,-0.07794250547885895,0
398,183418697,5387530,COCCOCCOCCOCCOC,37,-483424.46490643953,0.12953199446201324,0.003958245273679495,-0.2959582209587097,0
399,114528963,5387530,COCCOCCOCCOCCOC,37,-483440.7428413139,0.36167672276496887,-0.15834568440914154,-0.28584563732147217,0
400,183417797,5387530,COCCOCCOCCOCCOC,37,-483403.232301087,0.5604197978973389,-0.15001113712787628,-0.14011552929878235,0
401,58043742,5387530,COCCOCCOCCOCCOC,37,-483415.8233697023,0.5363104939460754,-0.3748902678489685,0.10233757644891739,0
402,183417933,5387530,COCCOCCOCCOCCOC,37,-483420.21363179025,0.02504066377878189,0.2931165397167206,0.2646521031856537,0
403,183417798,5387530,COCCOCCOCCOCCOC,37,-483410.59502545366,0.12191183120012283,0.3068486750125885,-0.12229285389184952,0
404,183417789,5387530,COCCOCCOCCOCCOC,37,-483423.1180572402,0.2566562294960022,-0.05063696578145027,-0.18782085180282593,0
405,183417899,5387530,COCCOCCOCCOCCOC,37,-483419.0848943395,-0.06377113610506058,0.11360376328229904,-0.39924830198287964,0
406,183417992,5387530,COCCOCCOCCOCCOC,37,-483416.84428813506,0.1687757670879364,0.3419913351535797,0.08751531690359116,0
407,183418699,5387530,COCCOCCOCCOCCOC,37,-483415.1865303018,0.03376150503754616,0.6391507983207703,-0.26611262559890747,0
408,183417971,5387530,COCCOCCOCCOCCOC,37,-483408.26926422626,0.022288942709565163,0.19355183839797974,-0.4048575758934021,0
409,183417930,5387530,COCCOCCOCCOCCOC,37,-483425.11542937375,0.2762093245983124,-0.28084489703178406,0.21803686022758484,0
410,183417811,5387530,COCCOCCOCCOCCOC,37,-483413.6218096004,0.16869640350341797,-0.5960175395011902,0.322882741689682,0
411,183417784,5387530,COCCOCCOCCOCCOC,37,-483415.3222286678,0.13973981142044067,-0.09657483547925949,-0.043170277029275894,0
412,183417935,5387530,COCCOCCOCCOCCOC,37,-483408.75266339496,0.39069682359695435,-0.03249676898121834,0.04819745942950249,0
413,183417745,5387530,COCCOCCOCCOCCOC,37,-483402.8078649808,0.13147936761379242,0.24697229266166687,0.16393908858299255,0
414,183417791,5387530,COCCOCCOCCOCCOC,37,-483408.8743208122,0.07855106145143509,-0.12925681471824646,-0.3921838104724884,0
415,58043783,5387530,COCCOCCOCCOCCOC,37,-483414.2402034615,0.2140468806028366,0.20944832265377045,-0.12050951272249222,0
416,183417984,5387530,COCCOCCOCCOCCOC,37,-483411.2861232101,0.15114888548851013,-0.10480883717536926,-0.16155250370502472,0
417,183418605,5387530,COCCOCCOCCOCCOC,37,-483422.35093604337,0.132516548037529,-0.08402275294065475,-0.20668601989746094,0
418,58729239,5387530,COCCOCCOCCOCCOC,37,-483401.66222185944,0.3464946448802948,0.32674574851989746,0.25398916006088257,0
419,183417808,5387530,COCCOCCOCCOCCOC,37,-483412.6268834163,-0.06926929205656052,-0.30246710777282715,-0.11647718399763107,0
420,183418659,5387530,COCCOCCOCCOCCOC,37,-483415.275044336,0.3112567067146301,0.06223653256893158,-0.18730226159095764,0
421,58125804,5387530,COCCOCCOCCOCCOC,37,-483419.6152750226,-0.3716781735420227,0.7401389479637146,0.31528374552726746,0
422,58209274,5387530,COCCOCCOCCOCCOC,37,-483434.8014835204,0.022474154829978943,0.07728103548288345,0.1889956295490265,0
423,183418656,5387530,COCCOCCOCCOCCOC,37,-483408.02275010507,0.2797018885612488,0.23422440886497498,0.010445958003401756,0
424,183418620,5387530,COCCOCCOCCOCCOC,37,-483425.08736274746,0.06767117977142334,-0.12246747314929962,0.17011988162994385,0
425,183418578,5387530,COCCOCCOCCOCCOC,37,-483419.0048946765,0.043366070836782455,0.1641295999288559,0.19090595841407776,0
426,183417952,5387530,COCCOCCOCCOCCOC,37,-483417.0505674659,0.24266478419303894,0.2620009183883667,-0.038042545318603516,0
427,183417959,5387530,COCCOCCOCCOCCOC,37,-483413.8663866896,-0.11567813158035278,-0.1005224958062172,-0.5420784950256348,0
428,183417979,5387530,COCCOCCOCCOCCOC,37,-483428.78180690506,-0.25345999002456665,0.018203696236014366,0.2693352997303009,0
429,105179382,5387530,COCCOCCOCCOCCOC,37,-483437.33906116,0.020913081243634224,-0.21113640069961548,-0.039111483842134476,0
430,183418637,5387530,COCCOCCOCCOCCOC,37,-483424.79001929954,0.14669319987297058,0.06577672809362411,0.06507820636034012,0
431,58355070,5387530,COCCOCCOCCOCCOC,37,-483398.2300172036,-0.24724216759204865,-0.3050071597099304,-0.8763703107833862,0
432,183418732,5387530,COCCOCCOCCOCCOC,37,-483426.2870243066,0.17222072184085846,0.45995551347732544,-0.12373749911785126,0
433,183417932,5387530,COCCOCCOCCOCCOC,37,-483419.25643526093,-0.320861279964447,-0.07774141430854797,-0.13795648515224457,0
434,183417775,5387530,COCCOCCOCCOCCOC,37,-483415.06406038156,0.03267668932676315,0.10350705683231354,-0.17410457134246826,0
435,58125811,5387530,COCCOCCOCCOCCOC,37,-483407.5715751405,-0.4457259178161621,0.05645262077450752,-0.061686184257268906,0
436,58125693,5387530,COCCOCCOCCOCCOC,37,-483429.35241862177,-0.27222463488578796,0.7092085480690002,0.2665306627750397,0
437,183418608,5387530,COCCOCCOCCOCCOC,37,-483409.4343864315,0.24451690912246704,-0.11832401901483536,0.0179179385304451,0
438,58192036,5387530,COCCOCCOCCOCCOC,37,-483419.7078447076,-0.32188260555267334,-0.5729084014892578,-0.302133709192276,0
439,183417948,5387530,COCCOCCOCCOCCOC,37,-483418.53443496465,0.17259113490581512,0.29086223244667053,-0.21109405159950256,0
440,58209445,5387530,COCCOCCOCCOCCOC,37,-483445.9659091335,-0.4006770849227905,0.13875555992126465,-0.06307791918516159,0
441,183417819,5387530,COCCOCCOCCOCCOC,37,-483424.53832136205,0.2992390990257263,0.06101413071155548,0.20268014073371887,0
442,114529048,5387530,COCCOCCOCCOCCOC,37,-483431.9054995782,0.09690821915864944,0.1674104928970337,-0.08740419149398804,0
443,183417792,5387530,COCCOCCOCCOCCOC,37,-483421.13996201457,-0.04243471845984459,0.11923420429229736,-0.21541744470596313,0
444,183418691,5387530,COCCOCCOCCOCCOC,37,-483421.4963623062,0.024305107071995735,0.07398955523967743,-0.2598048150539398,0
445,183417845,5387530,COCCOCCOCCOCCOC,37,-483413.0094448785,-0.1600443571805954,-0.21562913060188293,0.069999560713768,0
446,183418669,5387530,COCCOCCOCCOCCOC,37,-483427.8243214133,0.17900477349758148,0.2015424221754074,-0.10270270705223083,0
447,183418572,5387530,COCCOCCOCCOCCOC,37,-483435.61838893685,-0.14454475045204163,-0.0006614714511670172,-0.016102861613035202,0
448,58355096,5387530,COCCOCCOCCOCCOC,37,-483397.1206135425,-0.48439821600914,0.07837643474340439,-0.24901489913463593,0
449,58400798,5387530,COCCOCCOCCOCCOC,37,-483428.9695407417,0.060453202575445175,-0.2663666307926178,-0.3401815593242645,0
450,58209430,5387530,COCCOCCOCCOCCOC,37,-483413.9523142853,-0.3584116995334625,0.540490984916687,0.24162229895591736,0
451,183418570,5387530,COCCOCCOCCOCCOC,37,-483428.9702354525,0.05437295511364937,-0.13933764398097992,-0.47361356019973755,0
452,58125787,5387530,COCCOCCOCCOCCOC,37,-483433.7169674918,0.27588653564453125,0.24980337917804718,0.2236461341381073,0
453,183417987,5387530,COCCOCCOCCOCCOC,37,-483422.9936455277,-0.028157519176602364,0.22267776727676392,0.15174685418605804,0
454,183417981,5387530,COCCOCCOCCOCCOC,37,-483404.91060853336,0.2146712988615036,0.015409639105200768,0.1903979480266571,0
455,183417765,5387530,COCCOCCOCCOCCOC,37,-483414.1448851903,0.19964267313480377,0.38926273584365845,-0.13998323678970337,0
456,183418651,5387530,COCCOCCOCCOCCOC,37,-483417.4162999095,-0.403640478849411,-0.16705065965652466,0.08079476654529572,0
457,183418664,5387530,COCCOCCOCCOCCOC,37,-483427.916230861,0.02039448916912079,-0.39139530062675476,0.14227986335754395,0
458,183417816,5387530,COCCOCCOCCOCCOC,37,-483419.60962950374,-0.12638868391513824,0.43603140115737915,-0.005000724457204342,0
459,58125851,5387530,COCCOCCOCCOCCOC,37,-483427.4468648072,0.3207184076309204,0.2358383983373642,0.19178439676761627,0
460,58227237,5387530,COCCOCCOCCOCCOC,37,-483421.0092434471,0.16905094683170319,0.15371009707450867,-0.18734459578990936,0
461,183418717,5387530,COCCOCCOCCOCCOC,37,-483427.2066496298,-0.15622368454933167,0.25943970680236816,0.18682071566581726,0
462,183418553,5387530,COCCOCCOCCOCCOC,37,-483428.17265907914,0.12181129306554794,-0.1496724635362625,0.17398816347122192,0
463,119499486,5387530,COCCOCCOCCOCCOC,37,-483428.50687914726,-0.044794850051403046,-0.4884728491306305,-0.11182572692632675,0
464,183417846,5387530,COCCOCCOCCOCCOC,37,-483408.3478024524,-0.2575187683105469,-0.0569341704249382,-0.03103095106780529,0
465,183417823,5387530,COCCOCCOCCOCCOC,37,-483416.52185842715,-0.10283499956130981,0.3762555420398712,0.06188726797699928,0
466,183417972,5387530,COCCOCCOCCOCCOC,37,-483421.06403644424,0.3055892586708069,-0.10987835377454758,0.12184304744005203,0
467,183418604,5387530,COCCOCCOCCOCCOC,37,-483421.280888888,-0.10017324239015579,0.3745463192462921,0.05712996423244476,0
468,183418499,5387530,COCCOCCOCCOCCOC,37,-483421.2292534269,0.2737751007080078,0.33550360798835754,-0.165214404463768,0
469,183418722,5387530,COCCOCCOCCOCCOC,37,-483412.0833911568,0.07763558626174927,0.17165978252887726,-0.017134757712483406,0
470,101437583,5387530,COCCOCCOCCOCCOC,37,-483426.3150114883,-0.15192675590515137,-0.11346088349819183,-0.2497716248035431,0
471,58227201,5387530,COCCOCCOCCOCCOC,37,-483438.86812753737,0.24839577078819275,0.3874370753765106,0.02943812683224678,0
472,183417881,5387530,COCCOCCOCCOCCOC,37,-483417.9962296331,0.1058354377746582,-0.21992604434490204,-0.3099178969860077,0
473,183418599,5387530,COCCOCCOCCOCCOC,37,-483428.8021133614,-0.05076396465301514,0.09293939173221588,0.20434176921844482,0
474,58641952,5387530,COCCOCCOCCOCCOC,37,-483410.8737471136,-0.5186253786087036,-0.027120329439640045,0.408794641494751,0
475,183417918,5387530,COCCOCCOCCOCCOC,37,-483422.343600457,-0.3222212791442871,0.5014059543609619,-0.1623462736606598,0
476,183418569,5387530,COCCOCCOCCOCCOC,37,-483431.51061843405,-0.14188827574253082,-0.31294479966163635,-0.037354618310928345,0
477,183418712,5387530,COCCOCCOCCOCCOC,37,-483431.59915984573,0.024664949625730515,-0.23551030457019806,-0.05583348497748375,0
478,183418543,5387530,COCCOCCOCCOCCOC,37,-483424.989159819,0.0967177152633667,-0.26802825927734375,0.02773417718708515,0
479,183417916,5387530,COCCOCCOCCOCCOC,37,-483415.14353552193,0.07018476724624634,0.08746770024299622,0.10178723186254501,0
480,183417908,5387530,COCCOCCOCCOCCOC,37,-483427.0891261195,-0.15843035280704498,-0.19865311682224274,0.17987261712551117,0
481,183417963,5387530,COCCOCCOCCOCCOC,37,-483416.64331099275,-0.07991104573011398,-0.14342817664146423,-0.23442550003528595,0
482,58342433,5387530,COCCOCCOCCOCCOC,37,-483416.7084102118,0.02730024978518486,-0.2011190801858902,0.20081745088100433,0
483,183417885,5387530,COCCOCCOCCOCCOC,37,-483411.148209821,0.2646997272968292,-0.0014605289325118065,-0.3543952405452728,0
484,183417767,5387530,COCCOCCOCCOCCOC,37,-483407.2463675015,-0.022003186866641045,-0.2601223289966583,0.2862689793109894,0
485,183417980,5387530,COCCOCCOCCOCCOC,37,-483415.68691942,0.19865840673446655,0.08915048092603683,0.3264123499393463,0
486,58043730,5387530,COCCOCCOCCOCCOC,37,-483407.9451671768,0.04070959985256195,0.03585175424814224,-0.19372117519378662,0
487,183418658,5387530,COCCOCCOCCOCCOC,37,-483420.16181046964,0.2814958095550537,0.009551648050546646,0.11604855209589005,0
488,183418523,5387530,COCCOCCOCCOCCOC,37,-483427.69498742284,0.12188009172677994,-0.15535053610801697,0.22617033123970032,0
489,183417817,5387530,COCCOCCOCCOCCOC,37,-483416.93731112854,-0.4346978962421417,-0.2532642185688019,-0.3508338928222656,0
490,101437698,5387530,COCCOCCOCCOCCOC,37,-483432.0642172752,-0.08342478424310684,-0.2101680040359497,-0.3236553370952606,0
491,101437711,5387530,COCCOCCOCCOCCOC,37,-483438.06560645724,-0.22858865559101105,0.4433552324771881,-0.17224188148975372,0
492,183418685,5387530,COCCOCCOCCOCCOC,37,-483422.72774891194,0.295227974653244,-0.11239723861217499,-0.20022477209568024,0
493,183418602,5387530,COCCOCCOCCOCCOC,37,-483426.4690789736,0.17482425272464752,0.06479774415493011,0.02800934761762619,0
494,183418682,5387530,COCCOCCOCCOCCOC,37,-483426.38552867493,-0.08681152015924454,-0.014658208005130291,-0.2988951504230499,0
495,183418557,5387530,COCCOCCOCCOCCOC,37,-483413.2808011392,0.3161357343196869,-0.5013107061386108,0.09147356450557709,0
496,101437649,5387530,COCCOCCOCCOCCOC,37,-483425.7825220595,0.010684086941182613,-0.31496095657348633,0.3347839415073395,0
497,183418690,5387530,COCCOCCOCCOCCOC,37,-483421.124954754,-0.0643744021654129,0.19037148356437683,-0.14860881865024567,0
498,183418718,5387530,COCCOCCOCCOCCOC,37,-483425.22307352367,-0.006138455588370562,0.11494257301092148,-0.07636555284261703,0
499,183418547,5387530,COCCOCCOCCOCCOC,37,-483427.9518701173,-0.15552517771720886,-0.26743027567863464,-0.254846453666687,0
500,183417824,5387530,COCCOCCOCCOCCOC,37,-483411.7519094999,0.2218681275844574,-0.3773033320903778,0.46047940850257874,0
501,183418521,5387530,COCCOCCOCCOCCOC,37,-483426.133719945,0.060421451926231384,0.07092562317848206,0.23649458587169647,0
502,183418519,5387530,COCCOCCOCCOCCOC,37,-483417.9846334224,0.1022370308637619,-0.3177762031555176,-0.07275127619504929,0
503,183417873,5387530,COCCOCCOCCOCCOC,37,-483425.62596548075,-0.3160775303840637,-0.0052811880595982075,-0.06941746175289154,0
504,183418614,5387530,COCCOCCOCCOCCOC,37,-483425.836377801,0.24206151068210602,0.03247560188174248,-0.22781607508659363,0
505,183418696,5387530,COCCOCCOCCOCCOC,37,-483427.82148636814,0.5355961322784424,-0.05557418614625931,0.11514366418123245,0
506,183418615,5387530,COCCOCCOCCOCCOC,37,-483428.81054810405,-0.279495507478714,0.014912213198840618,-0.12929385900497437,0
507,183417945,5387530,COCCOCCOCCOCCOC,37,-483399.1916159572,-0.21733306348323822,0.174713134765625,0.18233858048915863,0
508,183417907,5387530,COCCOCCOCCOCCOC,37,-483411.19602306414,-0.27397090196609497,0.14868290722370148,-0.021272923797369003,0
509,183418647,5387530,COCCOCCOCCOCCOC,37,-483430.3100994221,-0.055457767099142075,0.43344900012016296,0.10185602307319641,0
510,183417946,5387530,COCCOCCOCCOCCOC,37,-483411.4667736652,-0.31734755635261536,-0.21387754380702972,-0.08948386460542679,0
511,183417912,5387530,COCCOCCOCCOCCOC,37,-483427.22320261,-0.1648598611354828,0.09082267433404922,-0.27308189868927,0
512,106886547,5387530,COCCOCCOCCOCCOC,37,-483431.7451696117,-0.29926028847694397,-0.003757157828658819,-0.08575315773487091,0
513,183418595,5387530,COCCOCCOCCOCCOC,37,-483422.5142930051,0.2861790060997009,0.041926708072423935,-0.09513547271490097,0
514,183417844,5387530,COCCOCCOCCOCCOC,37,-483410.36121579254,0.11446630954742432,0.11606443673372269,0.22159822285175323,0
515,58209295,5387530,COCCOCCOCCOCCOC,37,-483428.34126794065,0.26020169258117676,0.02655940316617489,0.13404057919979095,0
516,183417974,5387530,COCCOCCOCCOCCOC,37,-483420.29626592755,-0.15373127162456512,0.06799926608800888,-0.2464589923620224,0
517,101437574,5387530,COCCOCCOCCOCCOC,37,-483430.2406527999,0.2612706422805786,-0.05912496894598007,-0.055981654673814774,0
518,183417825,5387530,COCCOCCOCCOCCOC,37,-483416.81508333783,0.28839096426963806,-0.29496335983276367,-0.2270752191543579,0
519,183417833,5387530,COCCOCCOCCOCCOC,37,-483407.4319491168,0.3004297614097595,0.22074095904827118,0.4105832874774933,0
520,50482529,5635893,O=S(=O)([N-]S(=O)(=O)C(F)(F)F)C(F)(F)F.O=S(=O)([N-]S(=O)(=O)C(F)(F)F)C(F)(F)F,30,-2293486.3974226685,-0.7598455548286438,0.28546464443206787,-0.9994674921035767,2
521,51790233,5635893,O=S(=O)([N-]S(=O)(=O)C(F)(F)F)C(F)(F)F.O=S(=O)([N-]S(=O)(=O)C(F)(F)F)C(F)(F)F,30,-2293555.5197407645,0.1266162246465683,-0.7743449807167053,0.03581470996141434,2
522,51174181,5635893,O=S(=O)([N-]S(=O)(=O)C(F)(F)F)C(F)(F)F.O=S(=O)([N-]S(=O)(=O)C(F)(F)F)C(F)(F)F,30,-2293566.8830459085,0.3470185399055481,0.23228232562541962,-0.05026654154062271,2
523,51474395,5635893,O=S(=O)([N-]S(=O)(=O)C(F)(F)F)C(F)(F)F.O=S(=O)([N-]S(=O)(=O)C(F)(F)F)C(F)(F)F,30,-2293554.579865909,-0.23364759981632233,0.1496036797761917,-0.2705259621143341,2
524,51987346,5635893,O=S(=O)([N-]S(=O)(=O)C(F)(F)F)C(F)(F)F.O=S(=O)([N-]S(=O)(=O)C(F)(F)F)C(F)(F)F,30,-2293579.3262663945,-0.23984426259994507,0.43638068437576294,-0.11162463575601578,2
525,51174194,5635893,O=S(=O)([N-]S(=O)(=O)C(F)(F)F)C(F)(F)F.O=S(=O)([N-]S(=O)(=O)C(F)(F)F)C(F)(F)F,30,-2293566.6540331286,-0.09920484572649002,-0.09154235571622849,-0.028887780383229256,2
526,51574158,5635893,O=S(=O)([N-]S(=O)(=O)C(F)(F)F)C(F)(F)F.O=S(=O)([N-]S(=O)(=O)C(F)(F)F)C(F)(F)F,30,-2293536.25316588,0.07228031009435654,0.03613751009106636,0.020124608650803566,2
527,51574031,5635893,O=S(=O)([N-]S(=O)(=O)C(F)(F)F)C(F)(F)F.O=S(=O)([N-]S(=O)(=O)C(F)(F)F)C(F)(F)F,30,-2293572.4887584457,-0.78867506980896,0.03871460258960724,0.3563055992126465,2
528,51295826,5635893,O=S(=O)([N-]S(=O)(=O)C(F)(F)F)C(F)(F)F.O=S(=O)([N-]S(=O)(=O)C(F)(F)F)C(F)(F)F,30,-2293559.873866082,-0.07990046590566635,0.4779528081417084,-0.34074246883392334,2
529,50753073,5635893,O=S(=O)([N-]S(=O)(=O)C(F)(F)F)C(F)(F)F.O=S(=O)([N-]S(=O)(=O)C(F)(F)F)C(F)(F)F,30,-2293515.670293873,0.2865229845046997,-0.6084320545196533,0.47697386145591736,2
530,51574168,5635893,O=S(=O)([N-]S(=O)(=O)C(F)(F)F)C(F)(F)F.O=S(=O)([N-]S(=O)(=O)C(F)(F)F)C(F)(F)F,30,-2293556.92159634,-0.7013925909996033,0.010874590836465359,-0.03951365873217583,2
531,51878038,5635893,O=S(=O)([N-]S(=O)(=O)C(F)(F)F)C(F)(F)F.O=S(=O)([N-]S(=O)(=O)C(F)(F)F)C(F)(F)F,30,-2293561.881573142,0.02921057865023613,-0.1102011427283287,0.41863736510276794,2
532,52206324,5635893,O=S(=O)([N-]S(=O)(=O)C(F)(F)F)C(F)(F)F.O=S(=O)([N-]S(=O)(=O)C(F)(F)F)C(F)(F)F,30,-2293540.490343905,-0.08838317543268204,-0.4080802798271179,0.2190423160791397,2
533,51532833,5635893,O=S(=O)([N-]S(=O)(=O)C(F)(F)F)C(F)(F)F.O=S(=O)([N-]S(=O)(=O)C(F)(F)F)C(F)(F)F,30,-2293579.2821774795,0.4896053373813629,0.2527402937412262,0.05133018642663956,2
534,52070528,5635893,O=S(=O)([N-]S(=O)(=O)C(F)(F)F)C(F)(F)F.O=S(=O)([N-]S(=O)(=O)C(F)(F)F)C(F)(F)F,30,-2293580.486884127,-0.24884027242660522,-0.1443965882062912,-0.040529679507017136,2
535,52206391,5635893,O=S(=O)([N-]S(=O)(=O)C(F)(F)F)C(F)(F)F.O=S(=O)([N-]S(=O)(=O)C(F)(F)F)C(F)(F)F,30,-2293530.180365585,0.17124703526496887,-0.20320403575897217,-0.23321367800235748,2
536,51987335,5635893,O=S(=O)([N-]S(=O)(=O)C(F)(F)F)C(F)(F)F.O=S(=O)([N-]S(=O)(=O)C(F)(F)F)C(F)(F)F,30,-2293573.7965007913,0.3293122351169586,0.327285498380661,0.1695060282945633,2
537,58382694,5635893,O=S(=O)([N-]S(=O)(=O)C(F)(F)F)C(F)(F)F.O=S(=O)([N-]S(=O)(=O)C(F)(F)F)C(F)(F)F,30,-2293553.0715248017,-0.1146356463432312,0.31141549348831177,-0.06330017000436783,2
538,51681002,5635893,O=S(=O)([N-]S(=O)(=O)C(F)(F)F)C(F)(F)F.O=S(=O)([N-]S(=O)(=O)C(F)(F)F)C(F)(F)F,30,-2293575.1350023407,-0.23750001192092896,-0.08587487041950226,0.15083137154579163,2
539,50340324,5635893,O=S(=O)([N-]S(=O)(=O)C(F)(F)F)C(F)(F)F.O=S(=O)([N-]S(=O)(=O)C(F)(F)F)C(F)(F)F,30,-2293551.020444017,-0.14929676055908203,0.043138522654771805,0.33952537178993225,2
540,51174322,5635893,O=S(=O)([N-]S(=O)(=O)C(F)(F)F)C(F)(F)F.O=S(=O)([N-]S(=O)(=O)C(F)(F)F)C(F)(F)F,30,-2293534.1838875054,-0.028866613283753395,-0.0703805610537529,-0.1216895803809166,2
541,51416686,5635893,O=S(=O)([N-]S(=O)(=O)C(F)(F)F)C(F)(F)F.O=S(=O)([N-]S(=O)(=O)C(F)(F)F)C(F)(F)F,30,-2293574.045354938,0.044884808361530304,-0.031517792493104935,-0.11293169856071472,2
542,51374374,5635893,O=S(=O)([N-]S(=O)(=O)C(F)(F)F)C(F)(F)F.O=S(=O)([N-]S(=O)(=O)C(F)(F)F)C(F)(F)F,30,-2293558.4787288588,-0.654221773147583,0.11654069274663925,-0.49098119139671326,2
543,51680940,5635893,O=S(=O)([N-]S(=O)(=O)C(F)(F)F)C(F)(F)F.O=S(=O)([N-]S(=O)(=O)C(F)(F)F)C(F)(F)F,30,-2293577.659612582,0.16236743330955505,0.36306846141815186,-0.3225916922092438,2
544,51878131,5635893,O=S(=O)([N-]S(=O)(=O)C(F)(F)F)C(F)(F)F.O=S(=O)([N-]S(=O)(=O)C(F)(F)F)C(F)(F)F,30,-2293564.264775661,0.09021412581205368,0.1743321269750595,-0.3010806441307068,2
545,51295807,5635893,O=S(=O)([N-]S(=O)(=O)C(F)(F)F)C(F)(F)F.O=S(=O)([N-]S(=O)(=O)C(F)(F)F)C(F)(F)F,30,-2293558.1455901074,0.23691262304782867,-0.2248685657978058,0.051462482661008835,2
546,58382666,5635893,O=S(=O)([N-]S(=O)(=O)C(F)(F)F)C(F)(F)F.O=S(=O)([N-]S(=O)(=O)C(F)(F)F)C(F)(F)F,30,-2293560.261671607,0.1254255771636963,0.031755924224853516,0.09103435277938843,2
547,51374355,5635893,O=S(=O)([N-]S(=O)(=O)C(F)(F)F)C(F)(F)F.O=S(=O)([N-]S(=O)(=O)C(F)(F)F)C(F)(F)F,30,-2293560.0652467455,-0.5949803590774536,-0.3618195950984955,0.30410754680633545,2
548,51987298,5635893,O=S(=O)([N-]S(=O)(=O)C(F)(F)F)C(F)(F)F.O=S(=O)([N-]S(=O)(=O)C(F)(F)F)C(F)(F)F,30,-2293577.5114931343,-0.2296152561903,0.12763753533363342,-0.3454892039299011,2
549,51987277,5635893,O=S(=O)([N-]S(=O)(=O)C(F)(F)F)C(F)(F)F.O=S(=O)([N-]S(=O)(=O)C(F)(F)F)C(F)(F)F,30,-2293577.751838793,-0.22463570535182953,0.0986386239528656,0.029369331896305084,2
550,51374384,5635893,O=S(=O)([N-]S(=O)(=O)C(F)(F)F)C(F)(F)F.O=S(=O)([N-]S(=O)(=O)C(F)(F)F)C(F)(F)F,30,-2293526.868028873,0.41332441568374634,0.04742485657334328,-0.4261305034160614,2
551,52206419,5635893,O=S(=O)([N-]S(=O)(=O)C(F)(F)F)C(F)(F)F.O=S(=O)([N-]S(=O)(=O)C(F)(F)F)C(F)(F)F,30,-2293571.1676594582,0.7530773282051086,-0.29431775212287903,0.6626991629600525,2
552,52070452,5635893,O=S(=O)([N-]S(=O)(=O)C(F)(F)F)C(F)(F)F.O=S(=O)([N-]S(=O)(=O)C(F)(F)F)C(F)(F)F,30,-2293569.3165308023,-0.3953588604927063,0.09579695016145706,0.07445523142814636,2
553,50340319,5635893,O=S(=O)([N-]S(=O)(=O)C(F)(F)F)C(F)(F)F.O=S(=O)([N-]S(=O)(=O)C(F)(F)F)C(F)(F)F,30,-2293570.8101183544,-0.10855011641979218,-0.08754707127809525,-0.017288219183683395,2
554,51416603,5635893,O=S(=O)([N-]S(=O)(=O)C(F)(F)F)C(F)(F)F.O=S(=O)([N-]S(=O)(=O)C(F)(F)F)C(F)(F)F,30,-2293558.4272780237,-0.08196954429149628,-0.0842503011226654,-0.2804427444934845,2
555,51532801,5635893,O=S(=O)([N-]S(=O)(=O)C(F)(F)F)C(F)(F)F.O=S(=O)([N-]S(=O)(=O)C(F)(F)F)C(F)(F)F,30,-2293563.291208753,0.43596789240837097,-0.11684231460094452,-0.31290775537490845,2
556,58351809,5635893,O=S(=O)([N-]S(=O)(=O)C(F)(F)F)C(F)(F)F.O=S(=O)([N-]S(=O)(=O)C(F)(F)F)C(F)(F)F,30,-2293555.4609527243,0.4696870744228363,-0.1441531628370285,-0.18627037107944489,2
557,51416613,5635893,O=S(=O)([N-]S(=O)(=O)C(F)(F)F)C(F)(F)F.O=S(=O)([N-]S(=O)(=O)C(F)(F)F)C(F)(F)F,30,-2293554.607002301,-0.33868926763534546,0.044620219618082047,0.10054896026849747,2
558,51574008,5635893,O=S(=O)([N-]S(=O)(=O)C(F)(F)F)C(F)(F)F.O=S(=O)([N-]S(=O)(=O)C(F)(F)F)C(F)(F)F,30,-2293562.08670149,0.36069247126579285,-0.052293289452791214,-0.27780744433403015,2
559,51374246,5635893,O=S(=O)([N-]S(=O)(=O)C(F)(F)F)C(F)(F)F.O=S(=O)([N-]S(=O)(=O)C(F)(F)F)C(F)(F)F,30,-2293561.7453065333,0.0011641898890957236,-0.03714294731616974,0.36456072330474854,2
560,52070563,5635893,O=S(=O)([N-]S(=O)(=O)C(F)(F)F)C(F)(F)F.O=S(=O)([N-]S(=O)(=O)C(F)(F)F)C(F)(F)F,30,-2293542.89852429,-0.5368872880935669,0.260498046875,0.4598338007926941,2
561,51790262,5635893,O=S(=O)([N-]S(=O)(=O)C(F)(F)F)C(F)(F)F.O=S(=O)([N-]S(=O)(=O)C(F)(F)F)C(F)(F)F,30,-2293587.6511839926,0.6785162687301636,-0.060432031750679016,0.21361824870109558,2
562,51574092,5635893,O=S(=O)([N-]S(=O)(=O)C(F)(F)F)C(F)(F)F.O=S(=O)([N-]S(=O)(=O)C(F)(F)F)C(F)(F)F,30,-2293565.9950980716,-0.20163238048553467,0.7489603161811829,-0.48538246750831604,2
563,51680968,5635893,O=S(=O)([N-]S(=O)(=O)C(F)(F)F)C(F)(F)F.O=S(=O)([N-]S(=O)(=O)C(F)(F)F)C(F)(F)F,30,-2293544.5601344975,-0.11469385772943497,0.2070617377758026,0.21147507429122925,2
564,51878082,5635893,O=S(=O)([N-]S(=O)(=O)C(F)(F)F)C(F)(F)F.O=S(=O)([N-]S(=O)(=O)C(F)(F)F)C(F)(F)F,30,-2293556.302907684,0.4005924165248871,-0.31794023513793945,0.6772356629371643,2
565,51790336,5635893,O=S(=O)([N-]S(=O)(=O)C(F)(F)F)C(F)(F)F.O=S(=O)([N-]S(=O)(=O)C(F)(F)F)C(F)(F)F,30,-2293559.6744709406,0.04544573649764061,0.1892073005437851,-0.6535179615020752,2
566,51295799,5635893,O=S(=O)([N-]S(=O)(=O)C(F)(F)F)C(F)(F)F.O=S(=O)([N-]S(=O)(=O)C(F)(F)F)C(F)(F)F,30,-2293560.11415438,0.648279070854187,0.12611880898475647,0.31755924224853516,2
567,51416517,5635893,O=S(=O)([N-]S(=O)(=O)C(F)(F)F)C(F)(F)F.O=S(=O)([N-]S(=O)(=O)C(F)(F)F)C(F)(F)F,30,-2293569.4982424784,0.013668646104633808,-0.2763892412185669,0.14103630185127258,2
568,51295760,5635893,O=S(=O)([N-]S(=O)(=O)C(F)(F)F)C(F)(F)F.O=S(=O)([N-]S(=O)(=O)C(F)(F)F)C(F)(F)F,30,-2293546.5398274134,-0.06761825829744339,0.23236697912216187,0.16197055578231812,2
569,50752969,5635893,O=S(=O)([N-]S(=O)(=O)C(F)(F)F)C(F)(F)F.O=S(=O)([N-]S(=O)(=O)C(F)(F)F)C(F)(F)F,30,-2293511.085630141,0.19404926896095276,-0.5541014671325684,0.2981489896774292,2
570,51790154,5635893,O=S(=O)([N-]S(=O)(=O)C(F)(F)F)C(F)(F)F.O=S(=O)([N-]S(=O)(=O)C(F)(F)F)C(F)(F)F,30,-2293563.451539446,-0.41032928228378296,0.4490809142589569,-0.3652486801147461,2
571,52206421,5635893,O=S(=O)([N-]S(=O)(=O)C(F)(F)F)C(F)(F)F.O=S(=O)([N-]S(=O)(=O)C(F)(F)F)C(F)(F)F,30,-2293561.370572843,0.5072851181030273,-0.31230977177619934,0.06195077300071716,2
572,51532852,5635893,O=S(=O)([N-]S(=O)(=O)C(F)(F)F)C(F)(F)F.O=S(=O)([N-]S(=O)(=O)C(F)(F)F)C(F)(F)F,30,-2293588.0279877796,-0.16668552160263062,0.0007461398490704596,-0.1378982812166214,2
573,52206384,5635893,O=S(=O)([N-]S(=O)(=O)C(F)(F)F)C(F)(F)F.O=S(=O)([N-]S(=O)(=O)C(F)(F)F)C(F)(F)F,30,-2293569.9551303377,0.8511497378349304,-0.27760636806488037,0.6911900639533997,2
574,51878178,5635893,O=S(=O)([N-]S(=O)(=O)C(F)(F)F)C(F)(F)F.O=S(=O)([N-]S(=O)(=O)C(F)(F)F)C(F)(F)F,30,-2293556.3788362923,-0.1920701563358307,0.019283216446638107,-0.07668306678533554,2
575,51474405,5635893,O=S(=O)([N-]S(=O)(=O)C(F)(F)F)C(F)(F)F.O=S(=O)([N-]S(=O)(=O)C(F)(F)F)C(F)(F)F,30,-2293525.6706254003,-0.1354905217885971,-0.32853963971138,-0.01321355439722538,2
576,51878071,5635893,O=S(=O)([N-]S(=O)(=O)C(F)(F)F)C(F)(F)F.O=S(=O)([N-]S(=O)(=O)C(F)(F)F)C(F)(F)F,30,-2293571.1484888187,0.2687055766582489,-0.04596962034702301,0.24138416349887848,2
577,51474316,5635893,O=S(=O)([N-]S(=O)(=O)C(F)(F)F)C(F)(F)F.O=S(=O)([N-]S(=O)(=O)C(F)(F)F)C(F)(F)F,30,-2293556.941172064,-0.25213703513145447,0.21611066162586212,0.019690683111548424,2
578,51474293,5635893,O=S(=O)([N-]S(=O)(=O)C(F)(F)F)C(F)(F)F.O=S(=O)([N-]S(=O)(=O)C(F)(F)F)C(F)(F)F,30,-2293560.6696879724,-0.3901623487472534,0.07637085020542145,0.15120179951190948,2
579,51708645,5635893,O=S(=O)([N-]S(=O)(=O)C(F)(F)F)C(F)(F)F.O=S(=O)([N-]S(=O)(=O)C(F)(F)F)C(F)(F)F,30,-2293573.5915390374,-0.039810001850128174,-0.10060187429189682,0.45544689893722534,2
580,51374266,5635893,O=S(=O)([N-]S(=O)(=O)C(F)(F)F)C(F)(F)F.O=S(=O)([N-]S(=O)(=O)C(F)(F)F)C(F)(F)F,30,-2293573.15913409,-0.6063523888587952,-0.028776654973626137,-0.5105184316635132,2
581,51987427,5635893,O=S(=O)([N-]S(=O)(=O)C(F)(F)F)C(F)(F)F.O=S(=O)([N-]S(=O)(=O)C(F)(F)F)C(F)(F)F,30,-2293560.4985229704,1.0437490940093994,-0.05726226046681404,-0.019807102158665657,2
582,51790162,5635893,O=S(=O)([N-]S(=O)(=O)C(F)(F)F)C(F)(F)F.O=S(=O)([N-]S(=O)(=O)C(F)(F)F)C(F)(F)F,30,-2293574.349565218,0.6164649724960327,0.04700680822134018,0.17029450833797455,2
583,51174334,5635893,O=S(=O)([N-]S(=O)(=O)C(F)(F)F)C(F)(F)F.O=S(=O)([N-]S(=O)(=O)C(F)(F)F)C(F)(F)F,30,-2293565.453750945,-0.06364943087100983,-0.04800695180892944,0.06244290620088577,2
584,50753006,5635893,O=S(=O)([N-]S(=O)(=O)C(F)(F)F)C(F)(F)F.O=S(=O)([N-]S(=O)(=O)C(F)(F)F)C(F)(F)F,30,-2293544.0300349123,-0.14085638523101807,-0.0091335978358984,-0.11289465427398682,2
585,50340339,5635893,O=S(=O)([N-]S(=O)(=O)C(F)(F)F)C(F)(F)F.O=S(=O)([N-]S(=O)(=O)C(F)(F)F)C(F)(F)F,30,-2293578.0001178356,-0.02406168542802334,-0.06056962162256241,-0.18466167151927948,2
586,51790285,5635893,O=S(=O)([N-]S(=O)(=O)C(F)(F)F)C(F)(F)F.O=S(=O)([N-]S(=O)(=O)C(F)(F)F)C(F)(F)F,30,-2293557.6165595073,-0.3491828441619873,-0.02319912798702717,-0.3694715201854706,2
587,51878083,5635893,O=S(=O)([N-]S(=O)(=O)C(F)(F)F)C(F)(F)F.O=S(=O)([N-]S(=O)(=O)C(F)(F)F)C(F)(F)F,30,-2293557.3512445083,0.04872134327888489,-0.04356715828180313,0.5053324699401855,2
588,52070436,5635893,O=S(=O)([N-]S(=O)(=O)C(F)(F)F)C(F)(F)F.O=S(=O)([N-]S(=O)(=O)C(F)(F)F)C(F)(F)F,30,-2293543.736524081,0.4173991084098816,0.11102137714624405,-0.14539672434329987,2
589,50753055,5635893,O=S(=O)([N-]S(=O)(=O)C(F)(F)F)C(F)(F)F.O=S(=O)([N-]S(=O)(=O)C(F)(F)F)C(F)(F)F,30,-2293515.7028411673,-0.7358102798461914,0.5506617426872253,0.6056380271911621,2
590,50482508,5635893,O=S(=O)([N-]S(=O)(=O)C(F)(F)F)C(F)(F)F.O=S(=O)([N-]S(=O)(=O)C(F)(F)F)C(F)(F)F,30,-2293501.107991428,-0.09924717992544174,-0.8782488703727722,0.042164839804172516,2
591,58382699,5635893,O=S(=O)([N-]S(=O)(=O)C(F)(F)F)C(F)(F)F.O=S(=O)([N-]S(=O)(=O)C(F)(F)F)C(F)(F)F,30,-2293546.152369829,0.07690002769231796,0.14670908451080322,-0.01285371370613575,2
592,51532841,5635893,O=S(=O)([N-]S(=O)(=O)C(F)(F)F)C(F)(F)F.O=S(=O)([N-]S(=O)(=O)C(F)(F)F)C(F)(F)F,30,-2293551.473300198,-0.26255127787590027,0.25450247526168823,0.013255887664854527,2
593,51174214,5635893,O=S(=O)([N-]S(=O)(=O)C(F)(F)F)C(F)(F)F.O=S(=O)([N-]S(=O)(=O)C(F)(F)F)C(F)(F)F,30,-2293557.736608177,0.14257091283798218,0.4851919710636139,0.4235163629055023,2
594,51790315,5635893,O=S(=O)([N-]S(=O)(=O)C(F)(F)F)C(F)(F)F.O=S(=O)([N-]S(=O)(=O)C(F)(F)F)C(F)(F)F,30,-2293570.0320469923,0.14298896491527557,0.009466979652643204,-0.2868404686450958,2
595,50482523,5635893,O=S(=O)([N-]S(=O)(=O)C(F)(F)F)C(F)(F)F.O=S(=O)([N-]S(=O)(=O)C(F)(F)F)C(F)(F)F,30,-2293475.962585312,-0.6323508620262146,0.19658932089805603,-0.4607863128185272,2
596,51174314,5635893,O=S(=O)([N-]S(=O)(=O)C(F)(F)F)C(F)(F)F.O=S(=O)([N-]S(=O)(=O)C(F)(F)F)C(F)(F)F,30,-2293572.040260833,0.3104841411113739,-0.15006406605243683,-0.12792329490184784,2
597,51295856,5635893,O=S(=O)([N-]S(=O)(=O)C(F)(F)F)C(F)(F)F.O=S(=O)([N-]S(=O)(=O)C(F)(F)F)C(F)(F)F,30,-2293541.1693971595,-0.5373053550720215,-0.049377523362636566,0.1421951949596405,2
598,50340338,5635893,O=S(=O)([N-]S(=O)(=O)C(F)(F)F)C(F)(F)F.O=S(=O)([N-]S(=O)(=O)C(F)(F)F)C(F)(F)F,30,-2293553.924724783,-0.039439573884010315,-0.30004873871803284,-0.18848761916160583,2
599,50752952,5635893,O=S(=O)([N-]S(=O)(=O)C(F)(F)F)C(F)(F)F.O=S(=O)([N-]S(=O)(=O)C(F)(F)F)C(F)(F)F,30,-2293480.929502324,0.0251306239515543,-0.023040374740958214,-1.2796509265899658,2
600,50340350,5635893,O=S(=O)([N-]S(=O)(=O)C(F)(F)F)C(F)(F)F.O=S(=O)([N-]S(=O)(=O)C(F)(F)F)C(F)(F)F,30,-2293550.4582887893,0.5338921546936035,0.03607400879263878,-0.2985723614692688,2
601,51174213,5635893,O=S(=O)([N-]S(=O)(=O)C(F)(F)F)C(F)(F)F.O=S(=O)([N-]S(=O)(=O)C(F)(F)F)C(F)(F)F,30,-2293537.385727456,-0.2006322294473648,0.004032330121845007,0.1803382933139801,2
602,51790215,5635893,O=S(=O)([N-]S(=O)(=O)C(F)(F)F)C(F)(F)F.O=S(=O)([N-]S(=O)(=O)C(F)(F)F)C(F)(F)F,30,-2293557.3626010227,-0.04176795482635498,0.38688671588897705,-0.2841046452522278,2
603,50340327,5635893,O=S(=O)([N-]S(=O)(=O)C(F)(F)F)C(F)(F)F.O=S(=O)([N-]S(=O)(=O)C(F)(F)F)C(F)(F)F,30,-2293494.1958304015,-0.3068486750125885,-0.01818781904876232,0.19415511190891266,2
604,51474266,5635893,O=S(=O)([N-]S(=O)(=O)C(F)(F)F)C(F)(F)F.O=S(=O)([N-]S(=O)(=O)C(F)(F)F)C(F)(F)F,30,-2293526.045986512,0.5879634618759155,-0.743224024772644,-0.10512103885412216,2
605,51708744,5635893,O=S(=O)([N-]S(=O)(=O)C(F)(F)F)C(F)(F)F.O=S(=O)([N-]S(=O)(=O)C(F)(F)F)C(F)(F)F,30,-2293563.0146339447,0.1564406454563141,-0.11817055195569992,0.3017421364784241,2
606,51680904,5635893,O=S(=O)([N-]S(=O)(=O)C(F)(F)F)C(F)(F)F.O=S(=O)([N-]S(=O)(=O)C(F)(F)F)C(F)(F)F,30,-2293533.0637187897,-0.81294846534729,-0.13117773830890656,-0.3212370276451111,2
607,51295701,5635893,O=S(=O)([N-]S(=O)(=O)C(F)(F)F)C(F)(F)F.O=S(=O)([N-]S(=O)(=O)C(F)(F)F)C(F)(F)F,30,-2293531.6298505594,-0.04535048454999924,-0.42496100068092346,-0.24903078377246857,2
608,51878097,5635893,O=S(=O)([N-]S(=O)(=O)C(F)(F)F)C(F)(F)F.O=S(=O)([N-]S(=O)(=O)C(F)(F)F)C(F)(F)F,30,-2293561.0741501367,-0.05610336363315582,-0.40099459886550903,0.42594531178474426,2
609,51878036,5635893,O=S(=O)([N-]S(=O)(=O)C(F)(F)F)C(F)(F)F.O=S(=O)([N-]S(=O)(=O)C(F)(F)F)C(F)(F)F,30,-2293569.404969724,0.022257192060351372,0.13851213455200195,0.5039460062980652,2
610,51574149,5635893,O=S(=O)([N-]S(=O)(=O)C(F)(F)F)C(F)(F)F.O=S(=O)([N-]S(=O)(=O)C(F)(F)F)C(F)(F)F,30,-2293545.0484228977,-0.14365042746067047,0.16187530755996704,0.2849142849445343,2
611,51416567,5635893,O=S(=O)([N-]S(=O)(=O)C(F)(F)F)C(F)(F)F.O=S(=O)([N-]S(=O)(=O)C(F)(F)F)C(F)(F)F,30,-2293544.5436384017,-0.018304239958524704,-0.11327037215232849,0.27189651131629944,2
612,51174201,5635893,O=S(=O)([N-]S(=O)(=O)C(F)(F)F)C(F)(F)F.O=S(=O)([N-]S(=O)(=O)C(F)(F)F)C(F)(F)F,30,-2293551.2640441577,0.13232076168060303,-0.002645885804668069,0.02470199018716812,2
613,51374317,5635893,O=S(=O)([N-]S(=O)(=O)C(F)(F)F)C(F)(F)F.O=S(=O)([N-]S(=O)(=O)C(F)(F)F)C(F)(F)F,30,-2293549.1869762847,-0.10557614266872406,-0.28754428029060364,-0.24088145792484283,2
614,51374349,5635893,O=S(=O)([N-]S(=O)(=O)C(F)(F)F)C(F)(F)F.O=S(=O)([N-]S(=O)(=O)C(F)(F)F)C(F)(F)F,30,-2293560.617665242,-0.22272008657455444,-0.49286502599716187,-0.44343459606170654,2
615,51532866,5635893,O=S(=O)([N-]S(=O)(=O)C(F)(F)F)C(F)(F)F.O=S(=O)([N-]S(=O)(=O)C(F)(F)F)C(F)(F)F,30,-2293566.680796111,0.20138895511627197,-0.29604288935661316,0.28464969992637634,2
616,51532777,5635893,O=S(=O)([N-]S(=O)(=O)C(F)(F)F)C(F)(F)F.O=S(=O)([N-]S(=O)(=O)C(F)(F)F)C(F)(F)F,30,-2293571.544896433,0.09214562177658081,-0.4413919746875763,-0.09167465567588806,2
617,51532712,5635893,O=S(=O)([N-]S(=O)(=O)C(F)(F)F)C(F)(F)F.O=S(=O)([N-]S(=O)(=O)C(F)(F)F)C(F)(F)F,30,-2293581.0056317085,0.18415366113185883,-0.3845636248588562,-0.1751311868429184,2
618,51878010,5635893,O=S(=O)([N-]S(=O)(=O)C(F)(F)F)C(F)(F)F.O=S(=O)([N-]S(=O)(=O)C(F)(F)F)C(F)(F)F,30,-2293563.383786281,0.08479534834623337,-0.10358113795518875,0.6237675547599792,2
619,51374385,5635893,O=S(=O)([N-]S(=O)(=O)C(F)(F)F)C(F)(F)F.O=S(=O)([N-]S(=O)(=O)C(F)(F)F)C(F)(F)F,30,-2293543.4087707256,-0.7732284069061279,0.3334927558898926,-0.5681193470954895,2
620,52206318,5635893,O=S(=O)([N-]S(=O)(=O)C(F)(F)F)C(F)(F)F.O=S(=O)([N-]S(=O)(=O)C(F)(F)F)C(F)(F)F,30,-2293545.7206949103,-0.16021369397640228,0.11678940057754517,-0.05181702971458435,2
621,51474386,5635893,O=S(=O)([N-]S(=O)(=O)C(F)(F)F)C(F)(F)F.O=S(=O)([N-]S(=O)(=O)C(F)(F)F)C(F)(F)F,30,-2293571.417091102,-0.02660173736512661,0.09150002151727676,0.2830886244773865,2
622,50753007,5635893,O=S(=O)([N-]S(=O)(=O)C(F)(F)F)C(F)(F)F.O=S(=O)([N-]S(=O)(=O)C(F)(F)F)C(F)(F)F,30,-2293527.439465163,-0.026300106197595596,0.918826162815094,-0.13529473543167114,2
623,51573996,5635893,O=S(=O)([N-]S(=O)(=O)C(F)(F)F)C(F)(F)F.O=S(=O)([N-]S(=O)(=O)C(F)(F)F)C(F)(F)F,30,-2293541.6019844473,0.0018732871394604445,0.15593793988227844,-0.06423681974411011,2
624,51790280,5635893,O=S(=O)([N-]S(=O)(=O)C(F)(F)F)C(F)(F)F.O=S(=O)([N-]S(=O)(=O)C(F)(F)F)C(F)(F)F,30,-2293569.32909299,0.18569356203079224,0.25622230768203735,-0.43341198563575745,2
625,51295754,5635893,O=S(=O)([N-]S(=O)(=O)C(F)(F)F)C(F)(F)F.O=S(=O)([N-]S(=O)(=O)C(F)(F)F)C(F)(F)F,30,-2293556.6621683394,-0.20686595141887665,0.07015302032232285,-0.3321380615234375,2
626,51987426,5635893,O=S(=O)([N-]S(=O)(=O)C(F)(F)F)C(F)(F)F.O=S(=O)([N-]S(=O)(=O)C(F)(F)F)C(F)(F)F,30,-2293559.636844862,-0.37874796986579895,0.656100332736969,-0.10191952437162399,2
627,51790236,5635893,O=S(=O)([N-]S(=O)(=O)C(F)(F)F)C(F)(F)F.O=S(=O)([N-]S(=O)(=O)C(F)(F)F)C(F)(F)F,30,-2293574.129717723,0.6487712264060974,-0.10536446422338486,0.47722259163856506,2
628,50753001,5635893,O=S(=O)([N-]S(=O)(=O)C(F)(F)F)C(F)(F)F.O=S(=O)([N-]S(=O)(=O)C(F)(F)F)C(F)(F)F,30,-2293466.5657090633,-0.4158327281475067,0.12239339202642441,0.5208532214164734,2
629,51680921,5635893,O=S(=O)([N-]S(=O)(=O)C(F)(F)F)C(F)(F)F.O=S(=O)([N-]S(=O)(=O)C(F)(F)F)C(F)(F)F,30,-2293570.227637663,-0.1809680163860321,0.20434176921844482,-0.30570563673973083,2
630,51574141,5635893,O=S(=O)([N-]S(=O)(=O)C(F)(F)F)C(F)(F)F.O=S(=O)([N-]S(=O)(=O)C(F)(F)F)C(F)(F)F,30,-2293536.0690659527,-0.21605245769023895,0.44490572810173035,0.09013474732637405,2
631,51708798,5635893,O=S(=O)([N-]S(=O)(=O)C(F)(F)F)C(F)(F)F.O=S(=O)([N-]S(=O)(=O)C(F)(F)F)C(F)(F)F,30,-2293575.915623638,0.2033204585313797,-0.10943913459777832,0.597705602645874,2
632,51474352,5635893,O=S(=O)([N-]S(=O)(=O)C(F)(F)F)C(F)(F)F.O=S(=O)([N-]S(=O)(=O)C(F)(F)F)C(F)(F)F,30,-2293562.6270901314,-0.8180814385414124,0.11340796947479248,0.31007665395736694,2
633,51474288,5635893,O=S(=O)([N-]S(=O)(=O)C(F)(F)F)C(F)(F)F.O=S(=O)([N-]S(=O)(=O)C(F)(F)F)C(F)(F)F,30,-2293580.9111992586,-0.25481468439102173,0.2532006800174713,0.11032285541296005,2
634,51878152,5635893,O=S(=O)([N-]S(=O)(=O)C(F)(F)F)C(F)(F)F.O=S(=O)([N-]S(=O)(=O)C(F)(F)F)C(F)(F)F,30,-2293554.956540861,-0.11119600385427475,0.03727524355053902,0.03651322424411774,2
635,51295724,5635893,O=S(=O)([N-]S(=O)(=O)C(F)(F)F)C(F)(F)F.O=S(=O)([N-]S(=O)(=O)C(F)(F)F)C(F)(F)F,30,-2293561.587020885,0.6464745998382568,-0.11078853905200958,0.12515570223331451,2
636,51681041,5635893,O=S(=O)([N-]S(=O)(=O)C(F)(F)F)C(F)(F)F.O=S(=O)([N-]S(=O)(=O)C(F)(F)F)C(F)(F)F,30,-2293566.855273809,-0.09882912784814835,0.40473058819770813,-0.8147106170654297,2
637,51532850,5635893,O=S(=O)([N-]S(=O)(=O)C(F)(F)F)C(F)(F)F.O=S(=O)([N-]S(=O)(=O)C(F)(F)F)C(F)(F)F,30,-2293544.367194744,0.48912906646728516,0.06554388254880905,0.02944871224462986,2
638,52070557,5635893,O=S(=O)([N-]S(=O)(=O)C(F)(F)F)C(F)(F)F.O=S(=O)([N-]S(=O)(=O)C(F)(F)F)C(F)(F)F,30,-2293547.011368314,-0.20098677277565002,-0.10903166234493256,-0.282501220703125,2
639,51374244,5635893,O=S(=O)([N-]S(=O)(=O)C(F)(F)F)C(F)(F)F.O=S(=O)([N-]S(=O)(=O)C(F)(F)F)C(F)(F)F,30,-2293519.2437377493,-0.1285688877105713,0.09417237341403961,-0.2745000720024109,2
640,52206414,5635893,O=S(=O)([N-]S(=O)(=O)C(F)(F)F)C(F)(F)F.O=S(=O)([N-]S(=O)(=O)C(F)(F)F)C(F)(F)F,30,-2293558.0745712314,0.34993427991867065,-0.5649548768997192,0.6693191528320312,2
641,51374290,5635893,O=S(=O)([N-]S(=O)(=O)C(F)(F)F)C(F)(F)F.O=S(=O)([N-]S(=O)(=O)C(F)(F)F)C(F)(F)F,30,-2293561.817494525,0.23575900495052338,-0.30336669087409973,-0.43603670597076416,2
642,50482509,5635893,O=S(=O)([N-]S(=O)(=O)C(F)(F)F)C(F)(F)F.O=S(=O)([N-]S(=O)(=O)C(F)(F)F)C(F)(F)F,30,-2293515.541073899,-0.23799213767051697,0.3133840262889862,0.15977446734905243,2
643,51708766,5635893,O=S(=O)([N-]S(=O)(=O)C(F)(F)F)C(F)(F)F.O=S(=O)([N-]S(=O)(=O)C(F)(F)F)C(F)(F)F,30,-2293540.9163555456,0.0007408480742014945,0.6094269156455994,0.24480795860290527,2
644,51708649,5635893,O=S(=O)([N-]S(=O)(=O)C(F)(F)F)C(F)(F)F.O=S(=O)([N-]S(=O)(=O)C(F)(F)F)C(F)(F)F,30,-2293572.8025620356,-0.46569177508354187,0.1878102719783783,-0.17824803292751312,2
645,51574097,5635893,O=S(=O)([N-]S(=O)(=O)C(F)(F)F)C(F)(F)F.O=S(=O)([N-]S(=O)(=O)C(F)(F)F)C(F)(F)F,30,-2293565.6030696076,0.028496190905570984,-0.10054366290569305,0.07707995176315308,2
646,51532721,5635893,O=S(=O)([N-]S(=O)(=O)C(F)(F)F)C(F)(F)F.O=S(=O)([N-]S(=O)(=O)C(F)(F)F)C(F)(F)F,30,-2293574.262231056,-0.3994494080543518,0.06761825829744339,-0.5082270503044128,2
647,51374249,5635893,O=S(=O)([N-]S(=O)(=O)C(F)(F)F)C(F)(F)F.O=S(=O)([N-]S(=O)(=O)C(F)(F)F)C(F)(F)F,30,-2293538.717023044,0.039296697825193405,-0.003926494624465704,0.1137995570898056,2
648,51295858,5635893,O=S(=O)([N-]S(=O)(=O)C(F)(F)F)C(F)(F)F.O=S(=O)([N-]S(=O)(=O)C(F)(F)F)C(F)(F)F,30,-2293534.5005764547,0.31424129009246826,-0.5233880281448364,-0.17150631546974182,2
649,51878094,5635893,O=S(=O)([N-]S(=O)(=O)C(F)(F)F)C(F)(F)F.O=S(=O)([N-]S(=O)(=O)C(F)(F)F)C(F)(F)F,30,-2293567.4530784376,0.4624267816543579,-0.4189813435077667,0.11981628835201263,2
650,52206436,5635893,O=S(=O)([N-]S(=O)(=O)C(F)(F)F)C(F)(F)F.O=S(=O)([N-]S(=O)(=O)C(F)(F)F)C(F)(F)F,30,-2293557.3470804184,0.6417754888534546,0.0023283797781914473,0.2360765039920807,2
651,51790190,5635893,O=S(=O)([N-]S(=O)(=O)C(F)(F)F)C(F)(F)F.O=S(=O)([N-]S(=O)(=O)C(F)(F)F)C(F)(F)F,30,-2293557.424084274,-0.07824414223432541,0.22576816380023956,-0.39226844906806946,2
652,51681036,5635893,O=S(=O)([N-]S(=O)(=O)C(F)(F)F)C(F)(F)F.O=S(=O)([N-]S(=O)(=O)C(F)(F)F)C(F)(F)F,30,-2293566.8869371577,0.42080169916152954,0.8089372515678406,-0.23032966256141663,2
653,51532835,5635893,O=S(=O)([N-]S(=O)(=O)C(F)(F)F)C(F)(F)F.O=S(=O)([N-]S(=O)(=O)C(F)(F)F)C(F)(F)F,30,-2293579.1728693764,0.12129799276590347,-0.3861088156700134,0.046837471425533295,2
654,51532786,5635893,O=S(=O)([N-]S(=O)(=O)C(F)(F)F)C(F)(F)F.O=S(=O)([N-]S(=O)(=O)C(F)(F)F)C(F)(F)F,30,-2293564.8743935204,0.3507544994354248,-0.027194416150450706,0.13550640642642975,2
655,52206344,5635893,O=S(=O)([N-]S(=O)(=O)C(F)(F)F)C(F)(F)F.O=S(=O)([N-]S(=O)(=O)C(F)(F)F)C(F)(F)F,30,-2293544.4894602937,-0.07933424413204193,-0.1390201300382614,0.23188014328479767,2
656,51878017,5635893,O=S(=O)([N-]S(=O)(=O)C(F)(F)F)C(F)(F)F.O=S(=O)([N-]S(=O)(=O)C(F)(F)F)C(F)(F)F,30,-2293566.772827545,0.0923520028591156,-0.11503782123327255,0.6415956020355225,2
657,51532757,5635893,O=S(=O)([N-]S(=O)(=O)C(F)(F)F)C(F)(F)F.O=S(=O)([N-]S(=O)(=O)C(F)(F)F)C(F)(F)F,30,-2293571.123777307,0.2618580162525177,0.3560304045677185,-0.3067163825035095,2
658,52206431,5635893,O=S(=O)([N-]S(=O)(=O)C(F)(F)F)C(F)(F)F.O=S(=O)([N-]S(=O)(=O)C(F)(F)F)C(F)(F)F,30,-2293561.026537438,0.12229285389184952,0.1871117651462555,0.15463615953922272,2
659,52206427,5635893,O=S(=O)([N-]S(=O)(=O)C(F)(F)F)C(F)(F)F.O=S(=O)([N-]S(=O)(=O)C(F)(F)F)C(F)(F)F,30,-2293531.7545183753,-0.10905282944440842,-0.23073183000087738,-0.03302595019340515,2
660,51680991,5635893,O=S(=O)([N-]S(=O)(=O)C(F)(F)F)C(F)(F)F.O=S(=O)([N-]S(=O)(=O)C(F)(F)F)C(F)(F)F,30,-2293543.3311481085,0.12039310485124588,0.09021412581205368,0.09320926666259766,2
661,51680900,5635893,O=S(=O)([N-]S(=O)(=O)C(F)(F)F)C(F)(F)F.O=S(=O)([N-]S(=O)(=O)C(F)(F)F)C(F)(F)F,30,-2293575.098145619,0.058717500418424606,0.4523512125015259,0.2892006039619446,2
662,51416620,5635893,O=S(=O)([N-]S(=O)(=O)C(F)(F)F)C(F)(F)F.O=S(=O)([N-]S(=O)(=O)C(F)(F)F)C(F)(F)F,30,-2293579.521847336,-0.1713581532239914,0.11097903549671173,0.03486219048500061,2
663,51416584,5635893,O=S(=O)([N-]S(=O)(=O)C(F)(F)F)C(F)(F)F.O=S(=O)([N-]S(=O)(=O)C(F)(F)F)C(F)(F)F,30,-2293552.489399901,-0.11049219220876694,-0.014478287659585476,-0.15909181535243988,2
664,51987282,5635893,O=S(=O)([N-]S(=O)(=O)C(F)(F)F)C(F)(F)F.O=S(=O)([N-]S(=O)(=O)C(F)(F)F)C(F)(F)F,30,-2293588.398107664,-0.11120128631591797,0.16584941744804382,0.04217012971639633,2
665,52070570,5635893,O=S(=O)([N-]S(=O)(=O)C(F)(F)F)C(F)(F)F.O=S(=O)([N-]S(=O)(=O)C(F)(F)F)C(F)(F)F,30,-2293534.4974101745,0.5309287905693054,0.22414357960224152,-0.3127595782279968,2
666,52070457,5635893,O=S(=O)([N-]S(=O)(=O)C(F)(F)F)C(F)(F)F.O=S(=O)([N-]S(=O)(=O)C(F)(F)F)C(F)(F)F,30,-2293546.3124447763,-0.4107632040977478,0.2249743938446045,0.3721332550048828,2
667,51708758,5635893,O=S(=O)([N-]S(=O)(=O)C(F)(F)F)C(F)(F)F.O=S(=O)([N-]S(=O)(=O)C(F)(F)F)C(F)(F)F,30,-2293574.536905542,0.6530205607414246,-0.4303533136844635,-0.550831139087677,2
668,52206370,5635893,O=S(=O)([N-]S(=O)(=O)C(F)(F)F)C(F)(F)F.O=S(=O)([N-]S(=O)(=O)C(F)(F)F)C(F)(F)F,30,-2293558.5011065225,0.43520060181617737,-0.24859684705734253,0.44755157828330994,2
669,51295833,5635893,O=S(=O)([N-]S(=O)(=O)C(F)(F)F)C(F)(F)F.O=S(=O)([N-]S(=O)(=O)C(F)(F)F)C(F)(F)F,30,-2293539.9108613273,0.017245884984731674,-0.5972611308097839,-0.21843376755714417,2
670,51174244,5635893,O=S(=O)([N-]S(=O)(=O)C(F)(F)F)C(F)(F)F.O=S(=O)([N-]S(=O)(=O)C(F)(F)F)C(F)(F)F,30,-2293566.107353846,-0.21584607660770416,-0.33645614981651306,0.026178395375609398,2
671,58351797,5635893,O=S(=O)([N-]S(=O)(=O)C(F)(F)F)C(F)(F)F.O=S(=O)([N-]S(=O)(=O)C(F)(F)F)C(F)(F)F,30,-2293546.2061725417,0.5903553366661072,-0.3160351812839508,0.18586818873882294,2
672,51374334,5635893,O=S(=O)([N-]S(=O)(=O)C(F)(F)F)C(F)(F)F.O=S(=O)([N-]S(=O)(=O)C(F)(F)F)C(F)(F)F,30,-2293539.1299496503,-0.014769335277378559,-0.16383326053619385,-0.40383628010749817,2
673,51681055,5635893,O=S(=O)([N-]S(=O)(=O)C(F)(F)F)C(F)(F)F.O=S(=O)([N-]S(=O)(=O)C(F)(F)F)C(F)(F)F,30,-2293584.2360641616,-0.1599755585193634,0.2795643210411072,0.10941796749830246,2
674,51878169,5635893,O=S(=O)([N-]S(=O)(=O)C(F)(F)F)C(F)(F)F.O=S(=O)([N-]S(=O)(=O)C(F)(F)F)C(F)(F)F,30,-2293556.1405310864,-0.5361146926879883,0.254708856344223,0.08341419696807861,2
675,52206408,5635893,O=S(=O)([N-]S(=O)(=O)C(F)(F)F)C(F)(F)F.O=S(=O)([N-]S(=O)(=O)C(F)(F)F)C(F)(F)F,30,-2293558.9840920754,0.5425494909286499,-0.25680968165397644,0.5010566711425781,2
676,51681019,5635893,O=S(=O)([N-]S(=O)(=O)C(F)(F)F)C(F)(F)F.O=S(=O)([N-]S(=O)(=O)C(F)(F)F)C(F)(F)F,30,-2293563.3349724016,0.350188285112381,0.18099446594715118,-0.09877092391252518,2
677,51878072,5635893,O=S(=O)([N-]S(=O)(=O)C(F)(F)F)C(F)(F)F.O=S(=O)([N-]S(=O)(=O)C(F)(F)F)C(F)(F)F,30,-2293577.2076228973,0.5752102732658386,-0.40711188316345215,0.2956724762916565,2
678,51474272,5635893,O=S(=O)([N-]S(=O)(=O)C(F)(F)F)C(F)(F)F.O=S(=O)([N-]S(=O)(=O)C(F)(F)F)C(F)(F)F,30,-2293515.0872753714,0.21923811733722687,0.20185992121696472,-0.21266572177410126,2
679,51532864,5635893,O=S(=O)([N-]S(=O)(=O)C(F)(F)F)C(F)(F)F.O=S(=O)([N-]S(=O)(=O)C(F)(F)F)C(F)(F)F,30,-2293574.899976092,-0.4794080853462219,0.34266868233680725,0.20385493338108063,2
680,50340332,5635893,O=S(=O)([N-]S(=O)(=O)C(F)(F)F)C(F)(F)F.O=S(=O)([N-]S(=O)(=O)C(F)(F)F)C(F)(F)F,30,-2293552.5902037174,-0.0675865113735199,-0.5707122683525085,0.8107470273971558,2
681,51174281,5635893,O=S(=O)([N-]S(=O)(=O)C(F)(F)F)C(F)(F)F.O=S(=O)([N-]S(=O)(=O)C(F)(F)F)C(F)(F)F,30,-2293529.2055410757,-0.16630980372428894,-0.02817339263856411,0.3057215213775635,2
682,51374340,5635893,O=S(=O)([N-]S(=O)(=O)C(F)(F)F)C(F)(F)F.O=S(=O)([N-]S(=O)(=O)C(F)(F)F)C(F)(F)F,30,-2293548.359554861,-0.13663354516029358,-0.49576494097709656,-0.40212175250053406,2
683,51295817,5635893,O=S(=O)([N-]S(=O)(=O)C(F)(F)F)C(F)(F)F.O=S(=O)([N-]S(=O)(=O)C(F)(F)F)C(F)(F)F,30,-2293525.596156618,0.3683972954750061,-0.18915437161922455,0.16502389311790466,2
684,51680969,5635893,O=S(=O)([N-]S(=O)(=O)C(F)(F)F)C(F)(F)F.O=S(=O)([N-]S(=O)(=O)C(F)(F)F)C(F)(F)F,30,-2293555.9712090893,-0.69571453332901,0.03011547215282917,-0.20945361256599426,2
685,51174212,5635893,O=S(=O)([N-]S(=O)(=O)C(F)(F)F)C(F)(F)F.O=S(=O)([N-]S(=O)(=O)C(F)(F)F)C(F)(F)F,30,-2293560.9406578317,0.08440376073122025,-0.03963008150458336,-0.10400977730751038,2
686,52070442,5635893,O=S(=O)([N-]S(=O)(=O)C(F)(F)F)C(F)(F)F.O=S(=O)([N-]S(=O)(=O)C(F)(F)F)C(F)(F)F,30,-2293576.8553922316,-0.19232945144176483,0.3403138220310211,0.22058221697807312,2
687,51987376,5635893,O=S(=O)([N-]S(=O)(=O)C(F)(F)F)C(F)(F)F.O=S(=O)([N-]S(=O)(=O)C(F)(F)F)C(F)(F)F,30,-2293562.8152486905,-0.3272537589073181,-0.07413772493600845,-0.12392270565032959,2
688,51708847,5635893,O=S(=O)([N-]S(=O)(=O)C(F)(F)F)C(F)(F)F.O=S(=O)([N-]S(=O)(=O)C(F)(F)F)C(F)(F)F,30,-2293563.6990779093,0.05007603392004967,0.04372061789035797,0.39586159586906433,2
689,51474393,5635893,O=S(=O)([N-]S(=O)(=O)C(F)(F)F)C(F)(F)F.O=S(=O)([N-]S(=O)(=O)C(F)(F)F)C(F)(F)F,30,-2293535.044329156,0.10379280894994736,-0.10099346935749054,-0.1646852195262909,2
690,50482496,5635893,O=S(=O)([N-]S(=O)(=O)C(F)(F)F)C(F)(F)F.O=S(=O)([N-]S(=O)(=O)C(F)(F)F)C(F)(F)F,30,-2293440.5020489637,0.185540109872818,0.38482823967933655,-0.28755488991737366,2
691,51681005,5635893,O=S(=O)([N-]S(=O)(=O)C(F)(F)F)C(F)(F)F.O=S(=O)([N-]S(=O)(=O)C(F)(F)F)C(F)(F)F,30,-2293571.456207354,0.3069121837615967,0.08195367455482483,-0.33466753363609314,2
692,51987339,5635893,O=S(=O)([N-]S(=O)(=O)C(F)(F)F)C(F)(F)F.O=S(=O)([N-]S(=O)(=O)C(F)(F)F)C(F)(F)F,30,-2293571.5738552967,-0.1412903070449829,-0.5937209129333496,0.13473381102085114,2
693,51574100,5635893,O=S(=O)([N-]S(=O)(=O)C(F)(F)F)C(F)(F)F.O=S(=O)([N-]S(=O)(=O)C(F)(F)F)C(F)(F)F,30,-2293548.2848183145,-0.12471648305654526,-0.0074878572486341,-0.02870786003768444,2
694,51708729,5635893,O=S(=O)([N-]S(=O)(=O)C(F)(F)F)C(F)(F)F.O=S(=O)([N-]S(=O)(=O)C(F)(F)F)C(F)(F)F,30,-2293572.231823106,0.2530631124973297,0.5565938353538513,0.15820810198783875,2
695,51790253,5635893,O=S(=O)([N-]S(=O)(=O)C(F)(F)F)C(F)(F)F.O=S(=O)([N-]S(=O)(=O)C(F)(F)F)C(F)(F)F,30,-2293552.269769903,-0.08437201380729675,0.142512708902359,-0.10572431236505508,2
696,51790199,5635893,O=S(=O)([N-]S(=O)(=O)C(F)(F)F)C(F)(F)F.O=S(=O)([N-]S(=O)(=O)C(F)(F)F)C(F)(F)F,30,-2293564.978709212,-0.07996395975351334,0.24393481016159058,-0.2262338399887085,2
697,51174211,5635893,O=S(=O)([N-]S(=O)(=O)C(F)(F)F)C(F)(F)F.O=S(=O)([N-]S(=O)(=O)C(F)(F)F)C(F)(F)F,30,-2293565.834826034,-0.3139078915119171,0.26537707448005676,-0.0034819860011339188,2
698,51474317,5635893,O=S(=O)([N-]S(=O)(=O)C(F)(F)F)C(F)(F)F.O=S(=O)([N-]S(=O)(=O)C(F)(F)F)C(F)(F)F,30,-2293569.4798681526,-0.3561256527900696,-0.2962386906147003,0.14119505882263184,2
699,51474375,5635893,O=S(=O)([N-]S(=O)(=O)C(F)(F)F)C(F)(F)F.O=S(=O)([N-]S(=O)(=O)C(F)(F)F)C(F)(F)F,30,-2293562.151646017,-0.20302940905094147,0.37781134247779846,0.27438366413116455,2
700,51987398,5635893,O=S(=O)([N-]S(=O)(=O)C(F)(F)F)C(F)(F)F.O=S(=O)([N-]S(=O)(=O)C(F)(F)F)C(F)(F)F,30,-2293566.8594214343,-0.08097469061613083,0.5796447992324829,-0.6611962914466858,2
701,51574116,5635893,O=S(=O)([N-]S(=O)(=O)C(F)(F)F)C(F)(F)F.O=S(=O)([N-]S(=O)(=O)C(F)(F)F)C(F)(F)F,30,-2293552.307448471,0.23658452928066254,0.09554823487997055,-0.27856945991516113,2
702,50340344,5635893,O=S(=O)([N-]S(=O)(=O)C(F)(F)F)C(F)(F)F.O=S(=O)([N-]S(=O)(=O)C(F)(F)F)C(F)(F)F,30,-2293518.215018939,0.0968552976846695,0.07111082971096039,-0.4288134276866913,2
703,51573998,5635893,O=S(=O)([N-]S(=O)(=O)C(F)(F)F)C(F)(F)F.O=S(=O)([N-]S(=O)(=O)C(F)(F)F)C(F)(F)F,30,-2293546.7630359214,-0.6477392911911011,-0.7592105269432068,0.017616307362914085,2
704,51680989,5635893,O=S(=O)([N-]S(=O)(=O)C(F)(F)F)C(F)(F)F.O=S(=O)([N-]S(=O)(=O)C(F)(F)F)C(F)(F)F,30,-2293564.412029299,0.6297684907913208,-0.3430285155773163,0.24134184420108795,2
705,51295763,5635893,O=S(=O)([N-]S(=O)(=O)C(F)(F)F)C(F)(F)F.O=S(=O)([N-]S(=O)(=O)C(F)(F)F)C(F)(F)F,30,-2293554.6766584287,0.5462801456451416,0.19837793707847595,0.55467289686203,2
706,51790167,5635893,O=S(=O)([N-]S(=O)(=O)C(F)(F)F)C(F)(F)F.O=S(=O)([N-]S(=O)(=O)C(F)(F)F)C(F)(F)F,30,-2293580.541983933,0.6824057102203369,0.16592350602149963,0.4121708273887634,2
707,51416536,5635893,O=S(=O)([N-]S(=O)(=O)C(F)(F)F)C(F)(F)F.O=S(=O)([N-]S(=O)(=O)C(F)(F)F)C(F)(F)F,30,-2293580.287809189,0.1883024126291275,-0.4729997515678406,0.1632934957742691,2
708,51532778,5635893,O=S(=O)([N-]S(=O)(=O)C(F)(F)F)C(F)(F)F.O=S(=O)([N-]S(=O)(=O)C(F)(F)F)C(F)(F)F,30,-2293558.780945456,0.321755588054657,-0.19686979055404663,-0.21622179448604584,2
709,51790230,5635893,O=S(=O)([N-]S(=O)(=O)C(F)(F)F)C(F)(F)F.O=S(=O)([N-]S(=O)(=O)C(F)(F)F)C(F)(F)F,30,-2293560.2257087245,-0.2753891050815582,-0.4264586269855499,-0.20909908413887024,2
710,51708674,5635893,O=S(=O)([N-]S(=O)(=O)C(F)(F)F)C(F)(F)F.O=S(=O)([N-]S(=O)(=O)C(F)(F)F)C(F)(F)F,30,-2293581.6383081446,0.19876423478126526,-0.030014928430318832,0.15831394493579865,2
711,50753069,5635893,O=S(=O)([N-]S(=O)(=O)C(F)(F)F)C(F)(F)F.O=S(=O)([N-]S(=O)(=O)C(F)(F)F)C(F)(F)F,30,-2293508.8503453773,0.24021999537944794,-0.05236208066344261,0.3408747613430023,2
712,51416606,5635893,O=S(=O)([N-]S(=O)(=O)C(F)(F)F)C(F)(F)F.O=S(=O)([N-]S(=O)(=O)C(F)(F)F)C(F)(F)F,30,-2293562.868701961,0.10044311732053757,-0.19117054343223572,0.24217265844345093,2
713,51574018,5635893,O=S(=O)([N-]S(=O)(=O)C(F)(F)F)C(F)(F)F.O=S(=O)([N-]S(=O)(=O)C(F)(F)F)C(F)(F)F,30,-2293562.2220068746,0.07260310649871826,-0.38185954093933105,0.26705455780029297,2
714,52070510,5635893,O=S(=O)([N-]S(=O)(=O)C(F)(F)F)C(F)(F)F.O=S(=O)([N-]S(=O)(=O)C(F)(F)F)C(F)(F)F,30,-2293559.025492747,0.5331354737281799,0.08729306608438492,0.15130764245986938,2
715,52070581,5635893,O=S(=O)([N-]S(=O)(=O)C(F)(F)F)C(F)(F)F.O=S(=O)([N-]S(=O)(=O)C(F)(F)F)C(F)(F)F,30,-2293577.7542136167,0.5123916864395142,-0.8214258551597595,0.3207871913909912,2
716,52206361,5635893,O=S(=O)([N-]S(=O)(=O)C(F)(F)F)C(F)(F)F.O=S(=O)([N-]S(=O)(=O)C(F)(F)F)C(F)(F)F,30,-2293566.5909704985,-0.12551024556159973,0.17256996035575867,-0.026432398706674576,2
717,51574041,5635893,O=S(=O)([N-]S(=O)(=O)C(F)(F)F)C(F)(F)F.O=S(=O)([N-]S(=O)(=O)C(F)(F)F)C(F)(F)F,30,-2293564.4000707315,-0.025146499276161194,0.04139753058552742,-0.10001448541879654,2
718,51790337,5635893,O=S(=O)([N-]S(=O)(=O)C(F)(F)F)C(F)(F)F.O=S(=O)([N-]S(=O)(=O)C(F)(F)F)C(F)(F)F,30,-2293575.033886304,-0.4015131890773773,0.013171220198273659,0.0010795213747769594,2
719,51532773,5635893,O=S(=O)([N-]S(=O)(=O)C(F)(F)F)C(F)(F)F.O=S(=O)([N-]S(=O)(=O)C(F)(F)F)C(F)(F)F,30,-2293573.100815553,0.06655461341142654,-0.4493984580039978,-0.1162073090672493,2
720,51532802,5635893,O=S(=O)([N-]S(=O)(=O)C(F)(F)F)C(F)(F)F.O=S(=O)([N-]S(=O)(=O)C(F)(F)F)C(F)(F)F,30,-2293575.305399133,0.27225637435913086,-0.17173387110233307,-0.34248876571655273,2
721,51681046,5635893,O=S(=O)([N-]S(=O)(=O)C(F)(F)F)C(F)(F)F.O=S(=O)([N-]S(=O)(=O)C(F)(F)F)C(F)(F)F,30,-2293576.7238250785,0.05615099146962166,-0.30393821001052856,-0.10280854254961014,2
722,50752968,5635893,O=S(=O)([N-]S(=O)(=O)C(F)(F)F)C(F)(F)F.O=S(=O)([N-]S(=O)(=O)C(F)(F)F)C(F)(F)F,30,-2293527.86068385,0.10676149278879166,-0.45266345143318176,0.1295901983976364,2
723,51987333,5635893,O=S(=O)([N-]S(=O)(=O)C(F)(F)F)C(F)(F)F.O=S(=O)([N-]S(=O)(=O)C(F)(F)F)C(F)(F)F,30,-2293574.4377147765,-0.02758600562810898,-0.25129565596580505,0.18961475789546967,2
724,58382669,5635893,O=S(=O)([N-]S(=O)(=O)C(F)(F)F)C(F)(F)F.O=S(=O)([N-]S(=O)(=O)C(F)(F)F)C(F)(F)F,30,-2293544.5346063217,0.07778904587030411,0.11741382628679276,0.01573243737220764,2
725,51680888,5635893,O=S(=O)([N-]S(=O)(=O)C(F)(F)F)C(F)(F)F.O=S(=O)([N-]S(=O)(=O)C(F)(F)F)C(F)(F)F,30,-2293586.7166176373,0.0019526637624949217,0.014848710969090462,-0.33211687207221985,2
726,50752955,5635893,O=S(=O)([N-]S(=O)(=O)C(F)(F)F)C(F)(F)F.O=S(=O)([N-]S(=O)(=O)C(F)(F)F)C(F)(F)F,30,-2293549.192972207,-0.09998273849487305,-0.14248095452785492,0.1720990091562271,2
727,51708793,5635893,O=S(=O)([N-]S(=O)(=O)C(F)(F)F)C(F)(F)F.O=S(=O)([N-]S(=O)(=O)C(F)(F)F)C(F)(F)F,30,-2293580.277211908,0.2658374607563019,0.4109748899936676,-0.16784970462322235,2
728,51532718,5635893,O=S(=O)([N-]S(=O)(=O)C(F)(F)F)C(F)(F)F.O=S(=O)([N-]S(=O)(=O)C(F)(F)F)C(F)(F)F,30,-2293563.2097483496,0.2795960605144501,-0.08419737964868546,-0.13623136281967163,2
729,51474388,5635893,O=S(=O)([N-]S(=O)(=O)C(F)(F)F)C(F)(F)F.O=S(=O)([N-]S(=O)(=O)C(F)(F)F)C(F)(F)F,30,-2293552.410874067,-0.8062490224838257,0.03985762596130371,-0.6461253762245178,2
730,51374361,5635893,O=S(=O)([N-]S(=O)(=O)C(F)(F)F)C(F)(F)F.O=S(=O)([N-]S(=O)(=O)C(F)(F)F)C(F)(F)F,30,-2293560.203892356,-0.1502651572227478,0.47529104351997375,-0.04501710459589958,2
731,51790299,5635893,O=S(=O)([N-]S(=O)(=O)C(F)(F)F)C(F)(F)F.O=S(=O)([N-]S(=O)(=O)C(F)(F)F)C(F)(F)F,30,-2293557.301696503,0.019034503027796745,-0.38867005705833435,0.44287896156311035,2
732,51374336,5635893,O=S(=O)([N-]S(=O)(=O)C(F)(F)F)C(F)(F)F.O=S(=O)([N-]S(=O)(=O)C(F)(F)F)C(F)(F)F,30,-2293551.049055506,0.35583990812301636,-0.32968267798423767,0.17580853402614594,2
733,51790205,5635893,O=S(=O)([N-]S(=O)(=O)C(F)(F)F)C(F)(F)F.O=S(=O)([N-]S(=O)(=O)C(F)(F)F)C(F)(F)F,30,-2293544.955346258,-0.16050472855567932,0.03807958960533142,0.2500203549861908,2
734,52070478,5635893,O=S(=O)([N-]S(=O)(=O)C(F)(F)F)C(F)(F)F.O=S(=O)([N-]S(=O)(=O)C(F)(F)F)C(F)(F)F,30,-2293585.119747628,-0.36150211095809937,0.24441105127334595,0.2525339424610138,2
735,51295810,5635893,O=S(=O)([N-]S(=O)(=O)C(F)(F)F)C(F)(F)F.O=S(=O)([N-]S(=O)(=O)C(F)(F)F)C(F)(F)F,30,-2293536.89814725,-0.27521446347236633,-0.055912863463163376,0.037846751511096954,2
736,51532700,5635893,O=S(=O)([N-]S(=O)(=O)C(F)(F)F)C(F)(F)F.O=S(=O)([N-]S(=O)(=O)C(F)(F)F)C(F)(F)F,30,-2293561.818592121,0.07470394670963287,-0.09792423993349075,-0.15244536101818085,2
737,51987377,5635893,O=S(=O)([N-]S(=O)(=O)C(F)(F)F)C(F)(F)F.O=S(=O)([N-]S(=O)(=O)C(F)(F)F)C(F)(F)F,30,-2293575.4026472387,-0.5192604064941406,-0.31790319085121155,0.11317511647939682,2
738,52070567,5635893,O=S(=O)([N-]S(=O)(=O)C(F)(F)F)C(F)(F)F.O=S(=O)([N-]S(=O)(=O)C(F)(F)F)C(F)(F)F,30,-2293543.954970182,-0.16100744903087616,0.16200760006904602,0.33759915828704834,2
739,51878102,5635893,O=S(=O)([N-]S(=O)(=O)C(F)(F)F)C(F)(F)F.O=S(=O)([N-]S(=O)(=O)C(F)(F)F)C(F)(F)F,30,-2293570.4497074867,0.03662964701652527,-0.43131116032600403,0.6266886591911316,2
740,52070500,5635893,O=S(=O)([N-]S(=O)(=O)C(F)(F)F)C(F)(F)F.O=S(=O)([N-]S(=O)(=O)C(F)(F)F)C(F)(F)F,30,-2293569.707903106,0.24585044384002686,-0.04905472323298454,-0.020886622369289398,2
741,51987351,5635893,O=S(=O)([N-]S(=O)(=O)C(F)(F)F)C(F)(F)F.O=S(=O)([N-]S(=O)(=O)C(F)(F)F)C(F)(F)F,30,-2293573.6684471853,-0.07845581322908401,-0.32608428597450256,0.036613766103982925,2
742,52070616,5635893,O=S(=O)([N-]S(=O)(=O)C(F)(F)F)C(F)(F)F.O=S(=O)([N-]S(=O)(=O)C(F)(F)F)C(F)(F)F,30,-2293569.5696402434,-0.4894942045211792,-0.01002790778875351,0.038545265793800354,2
743,52070470,5635893,O=S(=O)([N-]S(=O)(=O)C(F)(F)F)C(F)(F)F.O=S(=O)([N-]S(=O)(=O)C(F)(F)F)C(F)(F)F,30,-2293544.356468603,-0.28723737597465515,0.28859207034111023,0.2838188707828522,2
744,50340345,5635893,O=S(=O)([N-]S(=O)(=O)C(F)(F)F)C(F)(F)F.O=S(=O)([N-]S(=O)(=O)C(F)(F)F)C(F)(F)F,30,-2293510.7034056257,-0.030480604618787766,-0.17930638790130615,-0.2254294902086258,2
745,51574120,5635893,O=S(=O)([N-]S(=O)(=O)C(F)(F)F)C(F)(F)F.O=S(=O)([N-]S(=O)(=O)C(F)(F)F)C(F)(F)F,30,-2293541.2825157978,-0.9285207390785217,0.4088475704193115,0.3096162676811218,2
746,51474369,5635893,O=S(=O)([N-]S(=O)(=O)C(F)(F)F)C(F)(F)F.O=S(=O)([N-]S(=O)(=O)C(F)(F)F)C(F)(F)F,30,-2293564.2648532772,-0.2834431827068329,-0.10346472263336182,-0.5399459600448608,2
747,51574150,5635893,O=S(=O)([N-]S(=O)(=O)C(F)(F)F)C(F)(F)F.O=S(=O)([N-]S(=O)(=O)C(F)(F)F)C(F)(F)F,30,-2293549.215004364,-0.5543554425239563,-0.11143413931131363,0.15702803432941437,2
748,51416577,5635893,O=S(=O)([N-]S(=O)(=O)C(F)(F)F)C(F)(F)F.O=S(=O)([N-]S(=O)(=O)C(F)(F)F)C(F)(F)F,30,-2293567.1222746987,0.5006439685821533,-0.15068849921226501,-0.030459437519311905,2
749,51680950,5635893,O=S(=O)([N-]S(=O)(=O)C(F)(F)F)C(F)(F)F.O=S(=O)([N-]S(=O)(=O)C(F)(F)F)C(F)(F)F,30,-2293535.4399712435,-0.4526475667953491,-0.13079671561717987,-0.3092934787273407,2
750,58382680,5635893,O=S(=O)([N-]S(=O)(=O)C(F)(F)F)C(F)(F)F.O=S(=O)([N-]S(=O)(=O)C(F)(F)F)C(F)(F)F,30,-2293558.3938430473,-0.14588885009288788,0.09743209928274155,-0.08998657763004303,2
751,51790273,5635893,O=S(=O)([N-]S(=O)(=O)C(F)(F)F)C(F)(F)F.O=S(=O)([N-]S(=O)(=O)C(F)(F)F)C(F)(F)F,30,-2293571.4531359924,0.539787232875824,0.4732537269592285,0.46115145087242126,2
752,50753018,5635893,O=S(=O)([N-]S(=O)(=O)C(F)(F)F)C(F)(F)F.O=S(=O)([N-]S(=O)(=O)C(F)(F)F)C(F)(F)F,30,-2293543.0343104145,-0.29886868596076965,0.05986052379012108,0.245273619890213,2
753,51374372,5635893,O=S(=O)([N-]S(=O)(=O)C(F)(F)F)C(F)(F)F.O=S(=O)([N-]S(=O)(=O)C(F)(F)F)C(F)(F)F,30,-2293540.9486388094,0.013102427124977112,-0.10541738569736481,-0.41833046078681946,2
754,58382691,5635893,O=S(=O)([N-]S(=O)(=O)C(F)(F)F)C(F)(F)F.O=S(=O)([N-]S(=O)(=O)C(F)(F)F)C(F)(F)F,30,-2293559.4925199663,-0.10351234674453735,0.0671684592962265,0.1799202412366867,2
755,51790202,5635893,O=S(=O)([N-]S(=O)(=O)C(F)(F)F)C(F)(F)F.O=S(=O)([N-]S(=O)(=O)C(F)(F)F)C(F)(F)F,30,-2293566.004067211,0.06885653734207153,0.30386412143707275,-0.3102301061153412,2
756,51174216,5635893,O=S(=O)([N-]S(=O)(=O)C(F)(F)F)C(F)(F)F.O=S(=O)([N-]S(=O)(=O)C(F)(F)F)C(F)(F)F,30,-2293563.238739924,-0.1956738382577896,-0.41762131452560425,-0.16864347457885742,2
757,51987420,5635893,O=S(=O)([N-]S(=O)(=O)C(F)(F)F)C(F)(F)F.O=S(=O)([N-]S(=O)(=O)C(F)(F)F)C(F)(F)F,30,-2293558.435692952,-0.3497702181339264,-0.39226317405700684,0.19806043803691864,2
758,51374292,5635893,O=S(=O)([N-]S(=O)(=O)C(F)(F)F)C(F)(F)F.O=S(=O)([N-]S(=O)(=O)C(F)(F)F)C(F)(F)F,30,-2293553.183251369,0.2697215974330902,0.5426077246665955,0.26889610290527344,2
759,51174300,5635893,O=S(=O)([N-]S(=O)(=O)C(F)(F)F)C(F)(F)F.O=S(=O)([N-]S(=O)(=O)C(F)(F)F)C(F)(F)F,30,-2293546.889692007,-0.1433488130569458,-0.27574363350868225,0.28890955448150635,2
760,51680967,5635893,O=S(=O)([N-]S(=O)(=O)C(F)(F)F)C(F)(F)F.O=S(=O)([N-]S(=O)(=O)C(F)(F)F)C(F)(F)F,30,-2293548.769636728,0.21073423326015472,-0.2781990170478821,0.33505383133888245,2
761,51708736,5635893,O=S(=O)([N-]S(=O)(=O)C(F)(F)F)C(F)(F)F.O=S(=O)([N-]S(=O)(=O)C(F)(F)F)C(F)(F)F,30,-2293574.7759682005,0.5226735472679138,0.06350655108690262,0.2854064404964447,2
762,51374363,5635893,O=S(=O)([N-]S(=O)(=O)C(F)(F)F)C(F)(F)F.O=S(=O)([N-]S(=O)(=O)C(F)(F)F)C(F)(F)F,30,-2293519.414457914,0.7102774977684021,-0.28580331802368164,-0.01958484761416912,2
763,51708688,5635893,O=S(=O)([N-]S(=O)(=O)C(F)(F)F)C(F)(F)F.O=S(=O)([N-]S(=O)(=O)C(F)(F)F)C(F)(F)F,30,-2293583.472009173,0.08698085695505142,-0.24010884761810303,0.22380490601062775,2
764,51474345,5635893,O=S(=O)([N-]S(=O)(=O)C(F)(F)F)C(F)(F)F.O=S(=O)([N-]S(=O)(=O)C(F)(F)F)C(F)(F)F,30,-2293566.986085145,-0.2585824429988861,-0.03177179768681526,-0.16211342811584473,2
765,51878073,5635893,O=S(=O)([N-]S(=O)(=O)C(F)(F)F)C(F)(F)F.O=S(=O)([N-]S(=O)(=O)C(F)(F)F)C(F)(F)F,30,-2293553.2772855912,-0.07892148196697235,0.06225769594311714,-0.06598310172557831,2
766,51790222,5635893,O=S(=O)([N-]S(=O)(=O)C(F)(F)F)C(F)(F)F.O=S(=O)([N-]S(=O)(=O)C(F)(F)F)C(F)(F)F,30,-2293567.758431927,-0.0058526997454464436,-0.06921108067035675,0.11532887071371078,2
767,51708777,5635893,O=S(=O)([N-]S(=O)(=O)C(F)(F)F)C(F)(F)F.O=S(=O)([N-]S(=O)(=O)C(F)(F)F)C(F)(F)F,30,-2293562.193240796,-0.3566971719264984,0.3790813684463501,-0.1932925432920456,2
768,51790330,5635893,O=S(=O)([N-]S(=O)(=O)C(F)(F)F)C(F)(F)F.O=S(=O)([N-]S(=O)(=O)C(F)(F)F)C(F)(F)F,30,-2293567.50254982,-0.36461368203163147,0.07183580100536346,0.0019791226368397474,2
769,51708854,5635893,O=S(=O)([N-]S(=O)(=O)C(F)(F)F)C(F)(F)F.O=S(=O)([N-]S(=O)(=O)C(F)(F)F)C(F)(F)F,30,-2293566.4092644835,0.04778999090194702,0.1480320245027542,0.3583058714866638,2
770,51987357,5635893,O=S(=O)([N-]S(=O)(=O)C(F)(F)F)C(F)(F)F.O=S(=O)([N-]S(=O)(=O)C(F)(F)F)C(F)(F)F,30,-2293589.426414822,-0.1340194195508957,-0.03325878456234932,0.19943100214004517,2
771,51574117,5635893,O=S(=O)([N-]S(=O)(=O)C(F)(F)F)C(F)(F)F.O=S(=O)([N-]S(=O)(=O)C(F)(F)F)C(F)(F)F,30,-2293565.954953858,-0.34435147047042847,0.5419039130210876,-0.11120658367872238,2
772,58351839,5635893,O=S(=O)([N-]S(=O)(=O)C(F)(F)F)C(F)(F)F.O=S(=O)([N-]S(=O)(=O)C(F)(F)F)C(F)(F)F,30,-2293555.2538650534,0.7443088889122009,-0.26044511795043945,-0.2626941502094269,2
773,51174297,5635893,O=S(=O)([N-]S(=O)(=O)C(F)(F)F)C(F)(F)F.O=S(=O)([N-]S(=O)(=O)C(F)(F)F)C(F)(F)F,30,-2293533.1682825303,-0.38045722246170044,0.08038201928138733,-0.14446008205413818,2
774,51987360,5635893,O=S(=O)([N-]S(=O)(=O)C(F)(F)F)C(F)(F)F.O=S(=O)([N-]S(=O)(=O)C(F)(F)F)C(F)(F)F,30,-2293566.6224711183,-0.17341136932373047,-0.3186599016189575,0.2003200203180313,2
775,51574076,5635893,O=S(=O)([N-]S(=O)(=O)C(F)(F)F)C(F)(F)F.O=S(=O)([N-]S(=O)(=O)C(F)(F)F)C(F)(F)F,30,-2293563.531174703,-0.1655954122543335,0.4140758514404297,-0.10218411684036255,2
776,51878123,5635893,O=S(=O)([N-]S(=O)(=O)C(F)(F)F)C(F)(F)F.O=S(=O)([N-]S(=O)(=O)C(F)(F)F)C(F)(F)F,30,-2293565.9231914347,0.3070867955684662,-0.24232082068920135,-0.27040424942970276,2
777,52070460,5635893,O=S(=O)([N-]S(=O)(=O)C(F)(F)F)C(F)(F)F.O=S(=O)([N-]S(=O)(=O)C(F)(F)F)C(F)(F)F,30,-2293538.5349602383,-0.08768995106220245,0.33246612548828125,-0.3650475740432739,2
778,52206360,5635893,O=S(=O)([N-]S(=O)(=O)C(F)(F)F)C(F)(F)F.O=S(=O)([N-]S(=O)(=O)C(F)(F)F)C(F)(F)F,30,-2293555.274015756,-0.505358874797821,-0.01727234199643135,0.15317562222480774,2
779,51708734,5635893,O=S(=O)([N-]S(=O)(=O)C(F)(F)F)C(F)(F)F.O=S(=O)([N-]S(=O)(=O)C(F)(F)F)C(F)(F)F,30,-2293580.2066949247,0.5988327860832214,-0.29691603779792786,-0.492208868265152,2
780,51174309,5635893,O=S(=O)([N-]S(=O)(=O)C(F)(F)F)C(F)(F)F.O=S(=O)([N-]S(=O)(=O)C(F)(F)F)C(F)(F)F,30,-2293570.8819119087,0.04432388022542,0.017499890178442,-0.009345268830657005,2
781,51681060,5635893,O=S(=O)([N-]S(=O)(=O)C(F)(F)F)C(F)(F)F.O=S(=O)([N-]S(=O)(=O)C(F)(F)F)C(F)(F)F,30,-2293564.9165405547,0.36107346415519714,-0.6343564391136169,-0.13721564412117004,2
782,51878127,5635893,O=S(=O)([N-]S(=O)(=O)C(F)(F)F)C(F)(F)F.O=S(=O)([N-]S(=O)(=O)C(F)(F)F)C(F)(F)F,30,-2293560.450849115,0.144534170627594,-0.3251846730709076,0.8436089158058167,2
783,51474397,5635893,O=S(=O)([N-]S(=O)(=O)C(F)(F)F)C(F)(F)F.O=S(=O)([N-]S(=O)(=O)C(F)(F)F)C(F)(F)F,30,-2293561.065509606,-0.20589753985404968,-0.21007277071475983,-0.5562446117401123,2
784,52070547,5635893,O=S(=O)([N-]S(=O)(=O)C(F)(F)F)C(F)(F)F.O=S(=O)([N-]S(=O)(=O)C(F)(F)F)C(F)(F)F,30,-2293565.9754464887,-0.1678708791732788,0.005159477703273296,0.15929292142391205,2
785,51295851,5635893,O=S(=O)([N-]S(=O)(=O)C(F)(F)F)C(F)(F)F.O=S(=O)([N-]S(=O)(=O)C(F)(F)F)C(F)(F)F,30,-2293537.902940132,0.1634310930967331,-0.45160508155822754,-0.10651807487010956,2
786,52206327,5635893,O=S(=O)([N-]S(=O)(=O)C(F)(F)F)C(F)(F)F.O=S(=O)([N-]S(=O)(=O)C(F)(F)F)C(F)(F)F,30,-2293549.8133056494,0.02295570634305477,-0.03757687285542488,-0.04923993721604347,2
787,51987331,5635893,O=S(=O)([N-]S(=O)(=O)C(F)(F)F)C(F)(F)F.O=S(=O)([N-]S(=O)(=O)C(F)(F)F)C(F)(F)F,30,-2293557.926969769,0.264265775680542,0.4927062690258026,-0.20700353384017944,2
788,58351837,5635893,O=S(=O)([N-]S(=O)(=O)C(F)(F)F)C(F)(F)F.O=S(=O)([N-]S(=O)(=O)C(F)(F)F)C(F)(F)F,30,-2293561.6827712418,0.30731433629989624,-0.13375481963157654,0.08755236864089966,2
789,51680981,5635893,O=S(=O)([N-]S(=O)(=O)C(F)(F)F)C(F)(F)F.O=S(=O)([N-]S(=O)(=O)C(F)(F)F)C(F)(F)F,30,-2293563.203017595,0.5911914706230164,0.12397033721208572,-0.05938955396413803,2
790,51295852,5635893,O=S(=O)([N-]S(=O)(=O)C(F)(F)F)C(F)(F)F.O=S(=O)([N-]S(=O)(=O)C(F)(F)F)C(F)(F)F,30,-2293534.467414514,-0.27410849928855896,-0.2052731215953827,-0.07807479798793793,2
791,52070515,5635893,O=S(=O)([N-]S(=O)(=O)C(F)(F)F)C(F)(F)F.O=S(=O)([N-]S(=O)(=O)C(F)(F)F)C(F)(F)F,30,-2293578.653935794,-0.06065429002046585,0.2365686595439911,0.2636413872241974,2
792,50340343,5635893,O=S(=O)([N-]S(=O)(=O)C(F)(F)F)C(F)(F)F.O=S(=O)([N-]S(=O)(=O)C(F)(F)F)C(F)(F)F,30,-2293556.9018963436,-0.0661894828081131,-0.5002682209014893,-0.5362522602081299,2
793,51532882,5635893,O=S(=O)([N-]S(=O)(=O)C(F)(F)F)C(F)(F)F.O=S(=O)([N-]S(=O)(=O)C(F)(F)F)C(F)(F)F,30,-2293576.5989129543,0.5711409449577332,-0.1719931662082672,-0.041762664914131165,2
794,56105256,5387566,COCCOCCOCCOCCOC.[Li+],38,-488086.0327405956,-0.43093016743659973,0.6385951638221741,-0.3931998014450073,2
795,56709669,5387566,COCCOCCOCCOCCOC.[Li+],38,-488099.3062248252,-0.23941564559936523,-0.00018521201855037361,-0.1279444545507431,2
796,57232165,5387566,COCCOCCOCCOCCOC.[Li+],38,-488085.53199672175,-0.4838002324104309,-0.48915019631385803,-0.477603554725647,2
797,58401378,5387566,COCCOCCOCCOCCOC.[Li+],38,-488063.48472510226,0.1081743985414505,0.6208306550979614,-1.6384543180465698,2
798,57533507,5387566,COCCOCCOCCOCCOC.[Li+],38,-488062.4814788982,-0.4411432445049286,-1.2305063009262085,-1.3042999505996704,2
799,56280516,5387566,COCCOCCOCCOCCOC.[Li+],38,-488076.12606485886,0.04363594949245453,-0.34050434827804565,0.30085840821266174,2
800,56396366,5387566,COCCOCCOCCOCCOC.[Li+],38,-488091.4728434239,0.10059129446744919,-0.26009586453437805,-0.06553860008716583,2
801,58191353,5387566,COCCOCCOCCOCCOC.[Li+],38,-488051.0926678951,-1.622377872467041,-0.8398147821426392,-0.7615970969200134,2
802,57232150,5387566,COCCOCCOCCOCCOC.[Li+],38,-488081.29668807844,0.0003439651627559215,-0.13659121096134186,-0.09567523747682571,2
803,57707899,5387566,COCCOCCOCCOCCOC.[Li+],38,-488041.84040246607,-4.872917175292969,-1.0140727758407593,-3.5290772914886475,2
804,58641450,5387566,COCCOCCOCCOCCOC.[Li+],38,-488072.66909012623,0.02905711904168129,-0.008588545955717564,0.06032619997859001,2
805,57232226,5387566,COCCOCCOCCOCCOC.[Li+],38,-488047.8728644853,1.32498037815094,-4.997845649719238,-1.3676319122314453,2
806,58044497,5387566,COCCOCCOCCOCCOC.[Li+],38,-488099.30048194574,-0.222143292427063,-0.5023690462112427,-0.5557366013526917,2
807,57758996,5387566,COCCOCCOCCOCCOC.[Li+],38,-488071.6426638483,0.04691155627369881,0.39694109559059143,-0.3378637433052063,2
808,57637854,5387566,COCCOCCOCCOCCOC.[Li+],38,-488067.4968955785,-0.20516198873519897,0.5255152583122253,-0.35535305738449097,2
809,57254037,5387566,COCCOCCOCCOCCOC.[Li+],38,-488040.3853275461,-0.7664443850517273,-4.966311931610107,-3.8474884033203125,2
810,57232149,5387566,COCCOCCOCCOCCOC.[Li+],38,-488088.0365591935,-0.26840394735336304,-0.8352003693580627,-0.34836262464523315,2
811,57707952,5387566,COCCOCCOCCOCCOC.[Li+],38,-488059.0932571074,-0.1147414892911911,-1.4634605646133423,-2.876448392868042,2
812,56508543,5387566,COCCOCCOCCOCCOC.[Li+],38,-488019.3870588227,-0.5860531330108643,-5.129309177398682,-3.852304220199585,2
813,57667788,5387566,COCCOCCOCCOCCOC.[Li+],38,-488071.6919502622,0.1475716382265091,0.14494162797927856,0.018468283116817474,2
814,57533528,5387566,COCCOCCOCCOCCOC.[Li+],38,-488038.5602659481,-5.185708999633789,-2.789668560028076,-3.0341060161590576,2
815,58191363,5387566,COCCOCCOCCOCCOC.[Li+],38,-488027.83156165766,-1.849611759185791,-3.7401394844055176,-5.283141136169434,2
816,57953246,5387566,COCCOCCOCCOCCOC.[Li+],38,-488102.05848601303,0.39785125851631165,0.299620121717453,0.5615151524543762,2
817,58641444,5387566,COCCOCCOCCOCCOC.[Li+],38,-488023.81802787946,0.2621861398220062,-4.421148300170898,-1.2908642292022705,2
818,57637881,5387566,COCCOCCOCCOCCOC.[Li+],38,-488036.3652681746,-4.857169151306152,-0.9173974394798279,-3.876783609390259,2
819,58728829,5387566,COCCOCCOCCOCCOC.[Li+],38,-488048.1162206407,0.1628383994102478,-0.40582066774368286,0.020907791331410408,2
820,56907408,5387566,COCCOCCOCCOCCOC.[Li+],38,-488038.02367067477,-3.1165783405303955,-1.4380018711090088,-4.900683403015137,2
821,56396367,5387566,COCCOCCOCCOCCOC.[Li+],38,-488098.9463740799,-0.03643384575843811,-0.024633198976516724,-0.06709437817335129,2
822,57232161,5387566,COCCOCCOCCOCCOC.[Li+],38,-488048.76111143077,-0.112259641289711,-5.36808967590332,-0.875095009803772,2
823,58641447,5387566,COCCOCCOCCOCCOC.[Li+],38,-488021.5392369574,-4.731701374053955,-4.333421230316162,-1.4032773971557617,2
824,57253998,5387566,COCCOCCOCCOCCOC.[Li+],38,-488032.6157506399,-1.3398131132125854,-6.152467727661133,-2.6452720165252686,2
825,57232200,5387566,COCCOCCOCCOCCOC.[Li+],38,-488075.08281833376,0.2701449394226074,-0.5804015398025513,-0.1310877650976181,2
826,58641460,5387566,COCCOCCOCCOCCOC.[Li+],38,-488077.30847283534,-0.01765334978699684,0.1279074102640152,-0.3896913528442383,2
827,56508542,5387566,COCCOCCOCCOCCOC.[Li+],38,-488043.2607897994,-0.6214127540588379,0.832072913646698,-1.2311254739761353,2
828,58191360,5387566,COCCOCCOCCOCCOC.[Li+],38,-488045.2346832812,-3.2934823036193848,-0.1437615603208542,-1.0813417434692383,2
829,57675684,5387566,COCCOCCOCCOCCOC.[Li+],38,-488092.22889036057,0.08395925164222717,-0.04523935914039612,-0.17233183979988098,2
830,57707904,5387566,COCCOCCOCCOCCOC.[Li+],38,-488040.39359690994,-3.7591001987457275,-2.7644269466400146,-4.339226245880127,2
831,57632837,5387566,COCCOCCOCCOCCOC.[Li+],38,-488063.09800821467,-0.13752785325050354,-0.5296428799629211,-0.09110314399003983,2
832,58201077,5387566,COCCOCCOCCOCCOC.[Li+],38,-488067.8497689437,-0.2768707871437073,0.36159735918045044,0.5990179777145386,2
833,58191340,5387566,COCCOCCOCCOCCOC.[Li+],38,-488049.1334333119,-2.5267257690429688,0.10742826014757156,-1.1666346788406372,2
834,56280505,5387566,COCCOCCOCCOCCOC.[Li+],38,-488060.0570324982,-0.81203293800354,-0.37557291984558105,-1.2056772708892822,2
835,56280514,5387566,COCCOCCOCCOCCOC.[Li+],38,-488044.5024019042,-5.308075904846191,-3.1125564575195312,-0.7215754389762878,2
836,58228622,5387566,COCCOCCOCCOCCOC.[Li+],38,-488107.980566061,-0.028766069561243057,0.028210435062646866,-0.1499529331922531,2
837,56280560,5387566,COCCOCCOCCOCCOC.[Li+],38,-488042.9726133299,-1.7535556554794312,-1.151214361190796,-0.5124287009239197,2
838,58641445,5387566,COCCOCCOCCOCCOC.[Li+],38,-488083.11424955964,-0.011144471354782581,0.2126128077507019,0.09012945741415024,2
839,58228640,5387566,COCCOCCOCCOCCOC.[Li+],38,-488071.1661969858,0.02538992092013359,0.25024259090423584,-0.20414067804813385,2
840,58044529,5387566,COCCOCCOCCOCCOC.[Li+],38,-488087.9743114365,0.09347914904356003,0.08300673216581345,-0.13773423433303833,2
841,56168516,5387566,COCCOCCOCCOCCOC.[Li+],38,-488056.7427123922,-1.0849826335906982,-1.8528980016708374,-1.8067113161087036,2
842,56168555,5387566,COCCOCCOCCOCCOC.[Li+],38,-488062.89766763547,-1.2498530149459839,-1.1473513841629028,-0.510931134223938,2
843,57637826,5387566,COCCOCCOCCOCCOC.[Li+],38,-488055.1391516724,0.31308767199516296,0.01967480592429638,-0.596716046333313,2
844,57758991,5387566,COCCOCCOCCOCCOC.[Li+],38,-488105.79510395974,0.011557229794561863,0.1815977245569229,0.05404486507177353,2
845,56280536,5387566,COCCOCCOCCOCCOC.[Li+],38,-488111.2750750824,-0.0562356598675251,-0.20181229710578918,-0.1489369124174118,2
846,56064100,5387566,COCCOCCOCCOCCOC.[Li+],38,-488073.3450022896,-0.08538273721933365,0.5386388301849365,-0.6243496537208557,2
847,58191328,5387566,COCCOCCOCCOCCOC.[Li+],38,-488047.2210576875,-1.9989666938781738,-0.7364770174026489,-2.4669182300567627,2
848,58191321,5387566,COCCOCCOCCOCCOC.[Li+],38,-488017.8200498722,-2.719616174697876,-3.2303831577301025,-4.349116802215576,2
849,56907453,5387566,COCCOCCOCCOCCOC.[Li+],38,-488095.46031562163,0.16638918220996857,-0.31406667828559875,0.04483718425035477,2
850,58191348,5387566,COCCOCCOCCOCCOC.[Li+],38,-488043.74814548367,0.24108782410621643,-3.935389995574951,0.6627891063690186,2
851,56064152,5387566,COCCOCCOCCOCCOC.[Li+],38,-488102.09704022715,0.4124089479446411,0.14101512730121613,-0.4404183030128479,2
852,56168536,5387566,COCCOCCOCCOCCOC.[Li+],38,-488099.37517957477,-0.27430957555770874,0.10403094440698624,-0.3340536952018738,2
853,58068632,5387566,COCCOCCOCCOCCOC.[Li+],38,-488046.2878186441,0.19164152443408966,-0.15945695340633392,0.09644254297018051,2
854,56396346,5387566,COCCOCCOCCOCCOC.[Li+],38,-488093.9591874645,0.35503557324409485,-0.31089159846305847,-0.04003225639462471,2
855,57632834,5387566,COCCOCCOCCOCCOC.[Li+],38,-488035.7052622143,0.9395065307617188,-3.0444092750549316,-2.275721311569214,2
856,57232209,5387566,COCCOCCOCCOCCOC.[Li+],38,-488053.00241223554,0.49547916650772095,-4.917320728302002,-2.4050521850585938,2
857,57254033,5387566,COCCOCCOCCOCCOC.[Li+],38,-488043.46263137815,-0.051409561187028885,-3.948143243789673,-3.6177196502685547,2
858,56280542,5387566,COCCOCCOCCOCCOC.[Li+],38,-488081.76375154644,0.13264884054660797,-0.1200861856341362,-0.2544601559638977,2
859,57707909,5387566,COCCOCCOCCOCCOC.[Li+],38,-488039.6554294445,-4.755001068115234,-2.7856574058532715,-4.009808540344238,2
860,56168534,5387566,COCCOCCOCCOCCOC.[Li+],38,-488097.70507180225,-0.15364129841327667,-0.0056357369758188725,0.12547849118709564,2
861,57707954,5387566,COCCOCCOCCOCCOC.[Li+],38,-488043.3078979302,-3.9491169452667236,-1.2994686365127563,-3.7070658206939697,2
862,56907472,5387566,COCCOCCOCCOCCOC.[Li+],38,-488099.5843053814,0.20560121536254883,-0.13154815137386322,0.15070436894893646,2
863,57632847,5387566,COCCOCCOCCOCCOC.[Li+],38,-488042.0989829099,1.3120312690734863,-3.328233480453491,-2.680520534515381,2
864,57232171,5387566,COCCOCCOCCOCCOC.[Li+],38,-488048.0385227703,-0.2998265027999878,-1.0371025800704956,-1.1822558641433716,2
865,56064122,5387566,COCCOCCOCCOCCOC.[Li+],38,-488103.4005854758,0.21593603491783142,0.023638345301151276,-0.07562471181154251,2
866,57253994,5387566,COCCOCCOCCOCCOC.[Li+],38,-488020.9162920437,0.29583120346069336,0.4447469711303711,-1.6794337034225464,2
867,57232215,5387566,COCCOCCOCCOCCOC.[Li+],38,-488039.63685705344,-0.549021303653717,0.30136638879776,-5.019377708435059,2
868,57667827,5387566,COCCOCCOCCOCCOC.[Li+],38,-488079.5181201752,0.21415799856185913,0.22855691611766815,-0.7608668208122253,2
869,57953238,5387566,COCCOCCOCCOCCOC.[Li+],38,-488100.82426716894,-0.6473424434661865,-0.2208891361951828,0.18437591195106506,2
870,57707956,5387566,COCCOCCOCCOCCOC.[Li+],38,-488036.1954984068,-4.073367595672607,-2.549417018890381,-4.662082672119141,2
871,56105231,5387566,COCCOCCOCCOCCOC.[Li+],38,-488052.0584407595,-2.0554563999176025,0.5109099745750427,-1.5142722129821777,2
872,58191332,5387566,COCCOCCOCCOCCOC.[Li+],38,-488039.74272319546,-1.8418911695480347,-1.6789840459823608,-2.029860019683838,2
873,56105263,5387566,COCCOCCOCCOCCOC.[Li+],38,-488086.11660403205,-0.23256278038024902,0.8894569277763367,-0.09890850633382797,2
874,58068641,5387566,COCCOCCOCCOCCOC.[Li+],38,-488053.22350273514,0.04762594401836395,-0.3661588728427887,-0.6971962451934814,2
875,56064102,5387566,COCCOCCOCCOCCOC.[Li+],38,-488043.8361765319,-0.7163471579551697,-0.24350087344646454,-6.777187824249268,2
876,58068606,5387566,COCCOCCOCCOCCOC.[Li+],38,-488042.66646738054,-0.31144723296165466,0.026167813688516617,-0.1543503999710083,2
877,56105276,5387566,COCCOCCOCCOCCOC.[Li+],38,-488045.9265294393,0.9065704941749573,-2.919221878051758,-1.3899579048156738,2
878,56508588,5387566,COCCOCCOCCOCCOC.[Li+],38,-488085.6667803923,-0.8752272725105286,-0.4916955530643463,-1.4821089506149292,2
879,57675646,5387566,COCCOCCOCCOCCOC.[Li+],38,-488044.4943336297,-2.86100697517395,-1.0727850198745728,-0.42750105261802673,2
880,58353463,5387566,COCCOCCOCCOCCOC.[Li+],38,-488101.2519223185,-0.16226689517498016,-0.1290610283613205,-0.1131698340177536,2
881,57127529,5387566,COCCOCCOCCOCCOC.[Li+],38,-488077.6168290451,0.40918096899986267,0.5940120220184326,0.08678506314754486,2
882,56709625,5387566,COCCOCCOCCOCCOC.[Li+],38,-488066.3623930319,-0.02358013391494751,-0.14260795712471008,-0.31255850195884705,2
883,57758977,5387566,COCCOCCOCCOCCOC.[Li+],38,-488055.4059845517,-2.503563642501831,0.9343152046203613,-2.81878399848938,2
884,57254006,5387566,COCCOCCOCCOCCOC.[Li+],38,-487999.71127223974,-3.2519683837890625,-0.6042197942733765,-4.129820346832275,2
885,57533494,5387566,COCCOCCOCCOCCOC.[Li+],38,-488036.54954753653,-4.9508442878723145,-3.0155320167541504,-2.792372703552246,2
886,56709623,5387566,COCCOCCOCCOCCOC.[Li+],38,-488040.5575621442,-2.2155802249908447,-1.0717214345932007,-2.707836627960205,2
887,57667801,5387566,COCCOCCOCCOCCOC.[Li+],38,-488073.1741227644,1.213927149772644,-0.7864154577255249,-0.6003462076187134,2
888,58191355,5387566,COCCOCCOCCOCCOC.[Li+],38,-488035.4843590439,-4.413771629333496,-3.221403121948242,-2.268630266189575,2
889,58191317,5387566,COCCOCCOCCOCCOC.[Li+],38,-488041.44692257815,-2.357177495956421,-3.8173835277557373,-4.837240219116211,2
890,57953236,5387566,COCCOCCOCCOCCOC.[Li+],38,-488086.32613868057,-0.18804840743541718,-0.15570509433746338,0.1836191862821579,2
891,55980989,5387566,COCCOCCOCCOCCOC.[Li+],38,-488085.857271114,-0.14876757562160492,0.16312944889068604,-0.25170841813087463,2
892,57675698,5387566,COCCOCCOCCOCCOC.[Li+],38,-488035.1723105684,0.7064991593360901,-4.422280788421631,-2.1298165321350098,2
893,57759015,5387566,COCCOCCOCCOCCOC.[Li+],38,-488072.31369490345,0.11027522385120392,-0.26529768109321594,-0.17116235196590424,2
894,58228661,5387566,COCCOCCOCCOCCOC.[Li+],38,-488101.76097575045,0.07294707000255585,-0.09030408412218094,-0.051388394087553024,2
895,56508589,5387566,COCCOCCOCCOCCOC.[Li+],38,-488051.46122286696,0.6521950364112854,-0.061151716858148575,-0.2838030159473419,2
896,56907412,5387566,COCCOCCOCCOCCOC.[Li+],38,-488038.7725465373,-3.3936502933502197,-1.145668625831604,-5.822774410247803,2
897,57533527,5387566,COCCOCCOCCOCCOC.[Li+],38,-488041.77371796116,-1.696764349937439,-3.0516483783721924,-5.5406599044799805,2
898,56105253,5387566,COCCOCCOCCOCCOC.[Li+],38,-488067.0775676033,-3.865570306777954,-0.8556582927703857,0.019119171425700188,2
899,57232174,5387566,COCCOCCOCCOCCOC.[Li+],38,-488037.88752099645,-0.17973501980304718,-0.7624754905700684,-3.762963056564331,2
900,56709675,5387566,COCCOCCOCCOCCOC.[Li+],38,-488097.3444401509,0.10613706707954407,0.18455053865909576,-0.2165234237909317,2
901,57667816,5387566,COCCOCCOCCOCCOC.[Li+],38,-488026.94000302406,0.34619301557540894,-0.12661093473434448,0.9321296811103821,2
902,58191352,5387566,COCCOCCOCCOCCOC.[Li+],38,-488044.85694080073,-1.8045099973678589,-4.373501300811768,-0.8113503456115723,2
903,56709595,5387566,COCCOCCOCCOCCOC.[Li+],38,-488069.1324857159,0.42304009199142456,0.23648926615715027,-0.8477418422698975,2
904,57232207,5387566,COCCOCCOCCOCCOC.[Li+],38,-488103.9705095312,-0.22147122025489807,0.1314052790403366,-0.1409675031900406,2
905,57533544,5387566,COCCOCCOCCOCCOC.[Li+],38,-488035.9901006384,-5.199642181396484,-3.402646541595459,-3.341722249984741,2
906,57637888,5387566,COCCOCCOCCOCCOC.[Li+],38,-488049.4258905933,-0.08296968787908554,-1.282275676727295,-0.44361981749534607,2
907,58191302,5387566,COCCOCCOCCOCCOC.[Li+],38,-488041.2281017414,-0.38074296712875366,-3.872772693634033,-0.19341954588890076,2
908,58191356,5387566,COCCOCCOCCOCCOC.[Li+],38,-488070.3428755089,0.5275737643241882,-0.36743417382240295,0.01442007813602686,2
909,56396383,5387566,COCCOCCOCCOCCOC.[Li+],38,-488055.75335581903,-0.336715430021286,-0.27144673466682434,0.35615742206573486,2
910,58728840,5387566,COCCOCCOCCOCCOC.[Li+],38,-488036.67927599564,-1.9973527193069458,-1.98969566822052,-1.7846553325653076,2
911,56168560,5387566,COCCOCCOCCOCCOC.[Li+],38,-488100.20845239435,0.2077179253101349,-0.3203585743904114,0.005868575070053339,2
912,57637875,5387566,COCCOCCOCCOCCOC.[Li+],38,-488074.73102895543,0.3845900893211365,0.7121295928955078,-0.5642139911651611,2
913,57667786,5387566,COCCOCCOCCOCCOC.[Li+],38,-488079.4201375264,-0.3269627094268799,0.16157366335391998,-0.16576474905014038,2
914,57675647,5387566,COCCOCCOCCOCCOC.[Li+],38,-488046.13010157814,-0.08646754920482635,0.08311256766319275,-0.12919332087039948,2
915,57707901,5387566,COCCOCCOCCOCCOC.[Li+],38,-488069.26811353595,-0.7918819189071655,-0.21077126264572144,-0.6039710640907288,2
916,57232188,5387566,COCCOCCOCCOCCOC.[Li+],38,-488091.548935138,-0.27788153290748596,-0.5446820259094238,-0.5196413993835449,2
917,58191366,5387566,COCCOCCOCCOCCOC.[Li+],38,-488039.4167506092,-2.720346450805664,-5.212829113006592,-1.2140223979949951,2
918,57232194,5387566,COCCOCCOCCOCCOC.[Li+],38,-488044.8312853563,0.662381649017334,-4.960003852844238,-2.8880584239959717,2
919,58191299,5387566,COCCOCCOCCOCCOC.[Li+],38,-488037.5097156281,-3.8815410137176514,-4.923728942871094,-1.6457622051239014,2
920,57232213,5387566,COCCOCCOCCOCCOC.[Li+],38,-488082.89827228076,-0.2634614408016205,-0.6332610249519348,-0.4706343114376068,2
921,57254030,5387566,COCCOCCOCCOCCOC.[Li+],38,-488011.9876436006,1.1230250597000122,-0.11288408190011978,0.7174848914146423,2
922,57675693,5387566,COCCOCCOCCOCCOC.[Li+],38,-488097.34704323777,0.016796084120869637,-0.1001044511795044,-0.03411076217889786,2
923,57232192,5387566,COCCOCCOCCOCCOC.[Li+],38,-488115.0762956898,-0.10403094440698624,0.05638911947607994,-0.12353111803531647,2
924,57232178,5387566,COCCOCCOCCOCCOC.[Li+],38,-488082.31484586926,-0.5048773884773254,-0.5500796437263489,-0.5942606925964355,2
925,56168568,5387566,COCCOCCOCCOCCOC.[Li+],38,-488056.4838711773,-1.0119508504867554,-1.313364863395691,-0.525409460067749,2
926,58191330,5387566,COCCOCCOCCOCCOC.[Li+],38,-488022.7347343172,-1.5562995672225952,-2.9607250690460205,-3.089003086090088,2
927,57667803,5387566,COCCOCCOCCOCCOC.[Li+],38,-488045.041367328,-0.3263329863548279,1.501630187034607,-0.30362069606781006,2
928,57637868,5387566,COCCOCCOCCOCCOC.[Li+],38,-488040.474639067,1.9756089448928833,-2.3231513500213623,0.7368369102478027,2
929,56396340,5387566,COCCOCCOCCOCCOC.[Li+],38,-488101.1464851464,-0.03918027877807617,-0.5811529755592346,-0.0578761100769043,2
930,57758992,5387566,COCCOCCOCCOCCOC.[Li+],38,-488107.0847397349,0.4373543858528137,0.11035460978746414,-0.23822499811649323,2
931,57707942,5387566,COCCOCCOCCOCCOC.[Li+],38,-488075.37078606914,-0.43516358733177185,-0.4041273295879364,-1.0892529487609863,2
932,58044495,5387566,COCCOCCOCCOCCOC.[Li+],38,-488093.91132092196,-0.042985063046216965,-0.15999142825603485,-0.013001883402466774,2
933,56769961,5387566,COCCOCCOCCOCCOC.[Li+],38,-488040.15328611265,-0.41521888971328735,-3.8322958946228027,-4.168466091156006,2
934,56709592,5387566,COCCOCCOCCOCCOC.[Li+],38,-488084.8573650481,-0.20769675076007843,0.046726346015930176,0.14860354363918304,2
935,56709596,5387566,COCCOCCOCCOCCOC.[Li+],38,-488081.6460503982,-0.008567378856241703,-0.2851894795894623,-0.23921982944011688,2
936,56709677,5387566,COCCOCCOCCOCCOC.[Li+],38,-488095.91544739617,-0.21222122013568878,-0.5498574376106262,-0.1630818247795105,2
937,56907424,5387566,COCCOCCOCCOCCOC.[Li+],38,-488099.66961460037,-0.3351808190345764,-0.7953797578811646,-0.5474125742912292,2
938,58068615,5387566,COCCOCCOCCOCCOC.[Li+],38,-488102.795880041,0.05786552280187607,-0.22356148064136505,-0.21675097942352295,2
939,56168527,5387566,COCCOCCOCCOCCOC.[Li+],38,-488047.58284102264,-2.3331685066223145,-1.2113605737686157,-2.547898292541504,2
940,56280517,5387566,COCCOCCOCCOCCOC.[Li+],38,-488059.123288277,-0.931425929069519,-0.29310065507888794,-1.0083577632904053,2
941,57707933,5387566,COCCOCCOCCOCCOC.[Li+],38,-488056.1091119107,0.20406131446361542,-1.1915005445480347,-2.4294047355651855,2
942,57232232,5387566,COCCOCCOCCOCCOC.[Li+],38,-488106.24215318315,-0.08444080501794815,0.11768370866775513,-0.11215381324291229,2
943,56280507,5387566,COCCOCCOCCOCCOC.[Li+],38,-488056.2576910224,-1.2087305784225464,-0.5427929162979126,-1.3430728912353516,2
944,57232189,5387566,COCCOCCOCCOCCOC.[Li+],38,-488111.5569356018,-0.01789677143096924,-0.010562376119196415,-0.22167231142520905,2
945,56508564,5387566,COCCOCCOCCOCCOC.[Li+],38,-488075.03110077,-1.0432727336883545,-0.5202288031578064,-1.9782758951187134,2
946,58191291,5387566,COCCOCCOCCOCCOC.[Li+],38,-488032.47989051515,-0.861632764339447,-3.4672696590423584,-3.717226505279541,2
947,140138618,5430556,COCCOCCOCCOCCOC.O=S(=O)([N-]S(=O)(=O)C(F)(F)F)C(F)(F)F,52,-1630214.1048274923,0.14392560720443726,0.03530140966176987,-0.1612296998500824,2
948,140138641,5430556,COCCOCCOCCOCCOC.O=S(=O)([N-]S(=O)(=O)C(F)(F)F)C(F)(F)F,52,-1630223.7061869954,0.1383216232061386,-0.39100372791290283,0.7665025591850281,2
949,140120270,5430556,COCCOCCOCCOCCOC.O=S(=O)([N-]S(=O)(=O)C(F)(F)F)C(F)(F)F,52,-1630224.7210214704,-1.3909897804260254,-1.5050169229507446,-0.4480384290218353,2
950,140139639,5430556,COCCOCCOCCOCCOC.O=S(=O)([N-]S(=O)(=O)C(F)(F)F)C(F)(F)F,52,-1630233.3176200483,0.11775778979063034,-0.5175194144248962,0.14626456797122955,2
951,140138456,5430556,COCCOCCOCCOCCOC.O=S(=O)([N-]S(=O)(=O)C(F)(F)F)C(F)(F)F,52,-1630230.9216161107,0.42220398783683777,0.07222209870815277,0.3990895450115204,2
952,140120273,5430556,COCCOCCOCCOCCOC.O=S(=O)([N-]S(=O)(=O)C(F)(F)F)C(F)(F)F,52,-1630237.4547407862,-0.09721513837575912,0.47522225975990295,0.6240216493606567,2
953,140138730,5430556,COCCOCCOCCOCCOC.O=S(=O)([N-]S(=O)(=O)C(F)(F)F)C(F)(F)F,52,-1630206.8543130383,-0.09683942794799805,0.1980763077735901,1.0843316316604614,2
954,140139861,5430556,COCCOCCOCCOCCOC.O=S(=O)([N-]S(=O)(=O)C(F)(F)F)C(F)(F)F,52,-1630241.9414657266,0.5142861604690552,-0.12606588006019592,0.17962390184402466,2
955,140139667,5430556,COCCOCCOCCOCCOC.O=S(=O)([N-]S(=O)(=O)C(F)(F)F)C(F)(F)F,52,-1630247.2208060846,0.40107399225234985,0.5853176116943359,0.16249972581863403,2
956,140120572,5430556,COCCOCCOCCOCCOC.O=S(=O)([N-]S(=O)(=O)C(F)(F)F)C(F)(F)F,52,-1630237.6587863197,-1.5178654193878174,-1.6036397218704224,-0.6800190806388855,2
957,140122851,5430556,COCCOCCOCCOCCOC.O=S(=O)([N-]S(=O)(=O)C(F)(F)F)C(F)(F)F,52,-1630240.3860492937,-0.28985679149627686,0.022611740976572037,0.33520200848579407,2
958,140138495,5430556,COCCOCCOCCOCCOC.O=S(=O)([N-]S(=O)(=O)C(F)(F)F)C(F)(F)F,52,-1630216.9224162267,0.6215662360191345,-0.4851602017879486,-0.23860597610473633,2
959,140120043,5430556,COCCOCCOCCOCCOC.O=S(=O)([N-]S(=O)(=O)C(F)(F)F)C(F)(F)F,52,-1630244.50905125,-0.1122966855764389,0.6721450090408325,0.6322503089904785,2
960,140120571,5430556,COCCOCCOCCOCCOC.O=S(=O)([N-]S(=O)(=O)C(F)(F)F)C(F)(F)F,52,-1630242.4448234485,0.34874895215034485,-0.30637770891189575,0.06421564519405365,2
961,140139749,5430556,COCCOCCOCCOCCOC.O=S(=O)([N-]S(=O)(=O)C(F)(F)F)C(F)(F)F,52,-1630232.8884797157,0.548301637172699,1.0259581804275513,-0.3192208409309387,2
962,140120501,5430556,COCCOCCOCCOCCOC.O=S(=O)([N-]S(=O)(=O)C(F)(F)F)C(F)(F)F,52,-1630234.2910005213,-1.4682179689407349,-1.2316758632659912,-0.3379431366920471,2
963,140138899,5430556,COCCOCCOCCOCCOC.O=S(=O)([N-]S(=O)(=O)C(F)(F)F)C(F)(F)F,52,-1630228.7042435713,0.8469851016998291,0.5628328323364258,0.9856241941452026,2
964,140138623,5430556,COCCOCCOCCOCCOC.O=S(=O)([N-]S(=O)(=O)C(F)(F)F)C(F)(F)F,52,-1630223.8837473146,0.2711239457130432,-0.5908739566802979,-0.1582292765378952,2
965,140139248,5430556,COCCOCCOCCOCCOC.O=S(=O)([N-]S(=O)(=O)C(F)(F)F)C(F)(F)F,52,-1630225.9432118963,0.36698436737060547,0.043212611228227615,0.23430907726287842,2
966,140138704,5430556,COCCOCCOCCOCCOC.O=S(=O)([N-]S(=O)(=O)C(F)(F)F)C(F)(F)F,52,-1630216.8886848853,-1.0160518884658813,-0.6395899653434753,-0.01144081074744463,2
967,140120215,5430556,COCCOCCOCCOCCOC.O=S(=O)([N-]S(=O)(=O)C(F)(F)F)C(F)(F)F,52,-1630223.054104867,-1.6699879169464111,-1.5272847414016724,-0.6138613820075989,2
968,140138765,5430556,COCCOCCOCCOCCOC.O=S(=O)([N-]S(=O)(=O)C(F)(F)F)C(F)(F)F,52,-1630208.652074789,0.3515165150165558,-0.04539281874895096,0.9968322515487671,2
969,140139863,5430556,COCCOCCOCCOCCOC.O=S(=O)([N-]S(=O)(=O)C(F)(F)F)C(F)(F)F,52,-1630232.8719167893,-0.10185602307319641,0.016721999272704124,-0.3292011320590973,2
970,140120431,5430556,COCCOCCOCCOCCOC.O=S(=O)([N-]S(=O)(=O)C(F)(F)F)C(F)(F)F,52,-1630212.9984161064,0.9813908338546753,0.9028979539871216,0.016536787152290344,2
971,140138683,5430556,COCCOCCOCCOCCOC.O=S(=O)([N-]S(=O)(=O)C(F)(F)F)C(F)(F)F,52,-1630228.6689901187,0.1875986009836197,-0.5376493334770203,0.3782770037651062,2
972,140120390,5430556,COCCOCCOCCOCCOC.O=S(=O)([N-]S(=O)(=O)C(F)(F)F)C(F)(F)F,52,-1630229.9184936571,-0.19990725815296173,0.20131486654281616,-0.36285150051116943,2
973,140120491,5430556,COCCOCCOCCOCCOC.O=S(=O)([N-]S(=O)(=O)C(F)(F)F)C(F)(F)F,52,-1630219.9179549534,1.1872937679290771,0.36815914511680603,-0.7565116882324219,2
974,140120358,5430556,COCCOCCOCCOCCOC.O=S(=O)([N-]S(=O)(=O)C(F)(F)F)C(F)(F)F,52,-1630222.0135997324,0.7044565677642822,-2.4758718013763428,-1.7144757509231567,2
975,140120149,5430556,COCCOCCOCCOCCOC.O=S(=O)([N-]S(=O)(=O)C(F)(F)F)C(F)(F)F,52,-1630220.051023787,0.08586958050727844,-2.142812967300415,-1.9412970542907715,2
976,140122592,5430556,COCCOCCOCCOCCOC.O=S(=O)([N-]S(=O)(=O)C(F)(F)F)C(F)(F)F,52,-1630232.3958760104,-0.2780296802520752,-0.04962094500660896,0.5928636193275452,2
977,140120601,5430556,COCCOCCOCCOCCOC.O=S(=O)([N-]S(=O)(=O)C(F)(F)F)C(F)(F)F,52,-1630223.2050418968,0.258889377117157,0.6267680525779724,0.31794553995132446,2
978,140139272,5430556,COCCOCCOCCOCCOC.O=S(=O)([N-]S(=O)(=O)C(F)(F)F)C(F)(F)F,52,-1630245.9937740383,0.6393783688545227,0.5604938864707947,0.1682836413383484,2
979,140139257,5430556,COCCOCCOCCOCCOC.O=S(=O)([N-]S(=O)(=O)C(F)(F)F)C(F)(F)F,52,-1630235.3633965268,0.7372866868972778,0.013118302449584007,0.6631912589073181,2
980,140120202,5430556,COCCOCCOCCOCCOC.O=S(=O)([N-]S(=O)(=O)C(F)(F)F)C(F)(F)F,52,-1630216.8367345512,0.10521101206541061,-1.716507911682129,-1.507938027381897,2
981,140139618,5430556,COCCOCCOCCOCCOC.O=S(=O)([N-]S(=O)(=O)C(F)(F)F)C(F)(F)F,52,-1630213.5928047302,0.23554205894470215,0.17402520775794983,-0.05070575699210167,2
982,140139282,5430556,COCCOCCOCCOCCOC.O=S(=O)([N-]S(=O)(=O)C(F)(F)F)C(F)(F)F,52,-1630218.169537423,0.2908781170845032,0.062733955681324,-0.029469875618815422,2
983,140138466,5430556,COCCOCCOCCOCCOC.O=S(=O)([N-]S(=O)(=O)C(F)(F)F)C(F)(F)F,52,-1630213.6955163714,0.26334500312805176,0.8506946563720703,0.05400253087282181,2
984,140139610,5430556,COCCOCCOCCOCCOC.O=S(=O)([N-]S(=O)(=O)C(F)(F)F)C(F)(F)F,52,-1630162.088434574,0.37755733728408813,-0.13013525307178497,-0.767931342124939,2
985,140120361,5430556,COCCOCCOCCOCCOC.O=S(=O)([N-]S(=O)(=O)C(F)(F)F)C(F)(F)F,52,-1630232.868516891,-1.5044136047363281,-0.9246471524238586,-0.45500239729881287,2
986,140120586,5430556,COCCOCCOCCOCCOC.O=S(=O)([N-]S(=O)(=O)C(F)(F)F)C(F)(F)F,52,-1630225.6197737744,1.8794468641281128,0.5430204272270203,-0.6291387677192688,2
987,140138699,5430556,COCCOCCOCCOCCOC.O=S(=O)([N-]S(=O)(=O)C(F)(F)F)C(F)(F)F,52,-1630213.8672982156,0.5636583566665649,0.658068835735321,-0.06026269868016243,2
988,140140074,5430556,COCCOCCOCCOCCOC.O=S(=O)([N-]S(=O)(=O)C(F)(F)F)C(F)(F)F,52,-1630227.1070485204,0.08050902187824249,0.2575716972351074,0.5540326237678528,2
989,140139414,5430556,COCCOCCOCCOCCOC.O=S(=O)([N-]S(=O)(=O)C(F)(F)F)C(F)(F)F,52,-1630219.6634746874,0.1138683408498764,0.13072262704372406,0.030184267088770866,2
990,140122738,5430556,COCCOCCOCCOCCOC.O=S(=O)([N-]S(=O)(=O)C(F)(F)F)C(F)(F)F,52,-1630231.974243418,-0.39229491353034973,0.1815289407968521,0.17390349507331848,2
991,140139653,5430556,COCCOCCOCCOCCOC.O=S(=O)([N-]S(=O)(=O)C(F)(F)F)C(F)(F)F,52,-1630237.8969553045,0.38849541544914246,0.5703577399253845,-0.2132372260093689,2
992,140120295,5430556,COCCOCCOCCOCCOC.O=S(=O)([N-]S(=O)(=O)C(F)(F)F)C(F)(F)F,52,-1630212.7767506947,1.9379526376724243,-1.2009199857711792,-0.8621248602867126,2
993,140139802,5430556,COCCOCCOCCOCCOC.O=S(=O)([N-]S(=O)(=O)C(F)(F)F)C(F)(F)F,52,-1630219.496376,0.5041418075561523,0.376102089881897,0.3072032332420349,2
994,140122918,5430556,COCCOCCOCCOCCOC.O=S(=O)([N-]S(=O)(=O)C(F)(F)F)C(F)(F)F,52,-1630240.9585376133,-0.34092238545417786,-0.16852706670761108,0.26030227541923523,2
995,140138726,5430556,COCCOCCOCCOCCOC.O=S(=O)([N-]S(=O)(=O)C(F)(F)F)C(F)(F)F,52,-1630221.7840950142,-0.30036625266075134,-0.6860570311546326,0.17145340144634247,2
996,140120282,5430556,COCCOCCOCCOCCOC.O=S(=O)([N-]S(=O)(=O)C(F)(F)F)C(F)(F)F,52,-1630234.9481422307,0.1874927580356598,0.17011459171772003,0.26760488748550415,2
997,140120472,5430556,COCCOCCOCCOCCOC.O=S(=O)([N-]S(=O)(=O)C(F)(F)F)C(F)(F)F,52,-1630238.9446219106,-1.0811142921447754,-1.3887461423873901,-0.9878626465797424,2
998,140120642,5430556,COCCOCCOCCOCCOC.O=S(=O)([N-]S(=O)(=O)C(F)(F)F)C(F)(F)F,52,-1630212.9061839553,0.6365260481834412,-1.6730570793151855,-1.3583396673202515,2
999,140120630,5430556,COCCOCCOCCOCCOC.O=S(=O)([N-]S(=O)(=O)C(F)(F)F)C(F)(F)F,52,-1630219.496927926,-0.11377308517694473,-1.5540452003479004,-1.927464485168457,2
1000,140138705,5430556,COCCOCCOCCOCCOC.O=S(=O)([N-]S(=O)(=O)C(F)(F)F)C(F)(F)F,52,-1630237.0283541135,0.3828226625919342,0.03303123638033867,0.19362592697143555,2
1001,140120681,5430556,COCCOCCOCCOCCOC.O=S(=O)([N-]S(=O)(=O)C(F)(F)F)C(F)(F)F,52,-1630225.2482535136,-0.5309763550758362,-1.4170782566070557,0.3014616370201111,2
1002,140120058,5430556,COCCOCCOCCOCCOC.O=S(=O)([N-]S(=O)(=O)C(F)(F)F)C(F)(F)F,52,-1630233.690908171,0.17987790703773499,0.10539621859788895,0.6485648155212402,2
1003,140120435,5430556,COCCOCCOCCOCCOC.O=S(=O)([N-]S(=O)(=O)C(F)(F)F)C(F)(F)F,52,-1630212.4622678785,1.7021088600158691,-1.1188921928405762,-0.8323216438293457,2
1004,140140000,5430556,COCCOCCOCCOCCOC.O=S(=O)([N-]S(=O)(=O)C(F)(F)F)C(F)(F)F,52,-1630218.9069432463,-0.40986889600753784,0.08820325136184692,-0.26687464118003845,2
1005,140138667,5430556,COCCOCCOCCOCCOC.O=S(=O)([N-]S(=O)(=O)C(F)(F)F)C(F)(F)F,52,-1630216.3158437235,0.09525718539953232,-0.19443556666374207,-0.20959120988845825,2
1006,140139328,5430556,COCCOCCOCCOCCOC.O=S(=O)([N-]S(=O)(=O)C(F)(F)F)C(F)(F)F,52,-1630236.4528231428,-0.0026935117784887552,0.05436237156391144,-0.02673402987420559,2
1007,140139967,5430556,COCCOCCOCCOCCOC.O=S(=O)([N-]S(=O)(=O)C(F)(F)F)C(F)(F)F,52,-1630234.5209347655,0.32503649592399597,0.2826017737388611,0.10263920575380325,2
1008,140138747,5430556,COCCOCCOCCOCCOC.O=S(=O)([N-]S(=O)(=O)C(F)(F)F)C(F)(F)F,52,-1630229.387663134,0.27124035358428955,-0.3678310811519623,0.3549879491329193,2
1009,140120220,5430556,COCCOCCOCCOCCOC.O=S(=O)([N-]S(=O)(=O)C(F)(F)F)C(F)(F)F,52,-1630223.6139498798,0.05137781426310539,0.22178873419761658,0.6606671214103699,2
1010,140120660,5430556,COCCOCCOCCOCCOC.O=S(=O)([N-]S(=O)(=O)C(F)(F)F)C(F)(F)F,52,-1630228.0591296013,-0.3144212067127228,-0.04642471298575401,0.6978841423988342,2
1011,140138900,5430556,COCCOCCOCCOCCOC.O=S(=O)([N-]S(=O)(=O)C(F)(F)F)C(F)(F)F,52,-1630223.9317380888,0.5561652183532715,-0.47061312198638916,-0.43749192357063293,2
1012,140120269,5430556,COCCOCCOCCOCCOC.O=S(=O)([N-]S(=O)(=O)C(F)(F)F)C(F)(F)F,52,-1630224.9425481213,1.29799222946167,0.689073383808136,-0.12886522710323334,2
1013,140138468,5430556,COCCOCCOCCOCCOC.O=S(=O)([N-]S(=O)(=O)C(F)(F)F)C(F)(F)F,52,-1630212.4850782345,0.31426775455474854,-0.4157851040363312,-0.4849485456943512,2
1014,140120578,5430556,COCCOCCOCCOCCOC.O=S(=O)([N-]S(=O)(=O)C(F)(F)F)C(F)(F)F,52,-1630215.1633545088,1.2726500034332275,0.9986631870269775,-0.01304950937628746,2
1015,140138834,5430556,COCCOCCOCCOCCOC.O=S(=O)([N-]S(=O)(=O)C(F)(F)F)C(F)(F)F,52,-1630233.199095654,0.5606367588043213,-0.15960513055324554,0.3348527252674103,2
1016,140138643,5430556,COCCOCCOCCOCCOC.O=S(=O)([N-]S(=O)(=O)C(F)(F)F)C(F)(F)F,52,-1630220.467514927,0.6114801168441772,-0.7684658169746399,0.1932978332042694,2
1017,140139993,5430556,COCCOCCOCCOCCOC.O=S(=O)([N-]S(=O)(=O)C(F)(F)F)C(F)(F)F,52,-1630227.941015442,0.2286045402288437,-0.28020989894866943,0.027194416150450706,2
1018,140120371,5430556,COCCOCCOCCOCCOC.O=S(=O)([N-]S(=O)(=O)C(F)(F)F)C(F)(F)F,52,-1630241.9320099237,-0.20347921550273895,0.11745616793632507,-0.008144036866724491,2
1019,140139622,5430556,COCCOCCOCCOCCOC.O=S(=O)([N-]S(=O)(=O)C(F)(F)F)C(F)(F)F,52,-1630235.638965451,-0.007768321316689253,0.6879462003707886,0.6553330421447754,2
1020,140122605,5430556,COCCOCCOCCOCCOC.O=S(=O)([N-]S(=O)(=O)C(F)(F)F)C(F)(F)F,52,-1630242.281659586,-0.4164835810661316,0.18244969844818115,0.47699499130249023,2
1021,140140006,5430556,COCCOCCOCCOCCOC.O=S(=O)([N-]S(=O)(=O)C(F)(F)F)C(F)(F)F,52,-1630232.7499437598,0.27442070841789246,0.39424756169319153,0.6266040205955505,2
1022,140139253,5430556,COCCOCCOCCOCCOC.O=S(=O)([N-]S(=O)(=O)C(F)(F)F)C(F)(F)F,52,-1630239.7049204605,0.34518754482269287,0.05513497069478035,-0.04450909048318863,2
1023,140139616,5430556,COCCOCCOCCOCCOC.O=S(=O)([N-]S(=O)(=O)C(F)(F)F)C(F)(F)F,52,-1630250.3137728593,0.3715088367462158,0.3346939980983734,0.22484739124774933,2
1024,140120207,5430556,COCCOCCOCCOCCOC.O=S(=O)([N-]S(=O)(=O)C(F)(F)F)C(F)(F)F,52,-1630243.2901425448,0.5355696678161621,-0.2671762704849243,0.048298001289367676,2
1025,140120253,5430556,COCCOCCOCCOCCOC.O=S(=O)([N-]S(=O)(=O)C(F)(F)F)C(F)(F)F,52,-1630223.5988377228,0.5024802088737488,-2.035046100616455,-1.662971019744873,2
1026,140120076,5430556,COCCOCCOCCOCCOC.O=S(=O)([N-]S(=O)(=O)C(F)(F)F)C(F)(F)F,52,-1630231.5980616352,-0.03914852440357208,0.2836971580982208,0.20591342449188232,2
1027,140139654,5430556,COCCOCCOCCOCCOC.O=S(=O)([N-]S(=O)(=O)C(F)(F)F)C(F)(F)F,52,-1630229.9920456458,0.3120557963848114,0.39244839549064636,-0.16348928213119507,2
1028,140120090,5430556,COCCOCCOCCOCCOC.O=S(=O)([N-]S(=O)(=O)C(F)(F)F)C(F)(F)F,52,-1630215.4989721898,1.1906169652938843,-1.7579741477966309,-1.5074459314346313,2
1029,140122624,5430556,COCCOCCOCCOCCOC.O=S(=O)([N-]S(=O)(=O)C(F)(F)F)C(F)(F)F,52,-1630233.6233070272,0.39180806279182434,-0.27215054631233215,-0.15397469699382782,2
1030,140138863,5430556,COCCOCCOCCOCCOC.O=S(=O)([N-]S(=O)(=O)C(F)(F)F)C(F)(F)F,52,-1630213.0272423874,0.941131055355072,-0.3896278738975525,-0.7892783880233765,2
1031,140139494,5430556,COCCOCCOCCOCCOC.O=S(=O)([N-]S(=O)(=O)C(F)(F)F)C(F)(F)F,52,-1630172.306418891,0.8705970048904419,0.9182388782501221,0.3845583498477936,2
1032,140120656,5430556,COCCOCCOCCOCCOC.O=S(=O)([N-]S(=O)(=O)C(F)(F)F)C(F)(F)F,52,-1630239.4731338904,0.18555068969726562,-0.17518939077854156,0.02185501717031002,2
1033,140122759,5430556,COCCOCCOCCOCCOC.O=S(=O)([N-]S(=O)(=O)C(F)(F)F)C(F)(F)F,52,-1630225.5694789097,0.09582340717315674,-0.019987020641565323,0.6028492450714111,2
1034,140138443,5430556,COCCOCCOCCOCCOC.O=S(=O)([N-]S(=O)(=O)C(F)(F)F)C(F)(F)F,52,-1630237.4018150177,0.6664563417434692,-0.3630419969558716,0.6437387466430664,2
1035,140138534,5430556,COCCOCCOCCOCCOC.O=S(=O)([N-]S(=O)(=O)C(F)(F)F)C(F)(F)F,52,-1630229.450128073,0.41217610239982605,-0.005963827017694712,0.011096845380961895,2
1036,140139367,5430556,COCCOCCOCCOCCOC.O=S(=O)([N-]S(=O)(=O)C(F)(F)F)C(F)(F)F,52,-1630246.9432442277,-0.08445139229297638,-0.10083471238613129,-0.020563824102282524,2
1037,140139583,5430556,COCCOCCOCCOCCOC.O=S(=O)([N-]S(=O)(=O)C(F)(F)F)C(F)(F)F,52,-1630165.4233935438,-0.024400360882282257,-0.4247387945652008,-0.3592424988746643,2
1038,140122758,5430556,COCCOCCOCCOCCOC.O=S(=O)([N-]S(=O)(=O)C(F)(F)F)C(F)(F)F,52,-1630229.8396396996,-0.01481696031987667,-0.00732381222769618,0.7075839638710022,2
1039,140139334,5430556,COCCOCCOCCOCCOC.O=S(=O)([N-]S(=O)(=O)C(F)(F)F)C(F)(F)F,52,-1630167.6358704306,0.24549059569835663,-0.3473360240459442,0.2265460342168808,2
1040,140120417,5430556,COCCOCCOCCOCCOC.O=S(=O)([N-]S(=O)(=O)C(F)(F)F)C(F)(F)F,52,-1630222.5154022768,1.2269078493118286,-0.5080259442329407,-0.7871934175491333,2
1041,140139880,5430556,COCCOCCOCCOCCOC.O=S(=O)([N-]S(=O)(=O)C(F)(F)F)C(F)(F)F,52,-1630251.6350031835,-0.09330452233552933,0.2456493377685547,-0.48276305198669434,2
1042,140122897,5430556,COCCOCCOCCOCCOC.O=S(=O)([N-]S(=O)(=O)C(F)(F)F)C(F)(F)F,52,-1630244.235760936,0.14623281359672546,-0.06798868626356125,-0.5630550980567932,2
1043,140138470,5430556,COCCOCCOCCOCCOC.O=S(=O)([N-]S(=O)(=O)C(F)(F)F)C(F)(F)F,52,-1630214.7996154062,0.03263435512781143,-0.9155665040016174,0.5272985696792603,2
1044,140120493,5430556,COCCOCCOCCOCCOC.O=S(=O)([N-]S(=O)(=O)C(F)(F)F)C(F)(F)F,52,-1630227.868619376,2.063208818435669,0.32757654786109924,-0.06741717457771301,2
1045,140122798,5430556,COCCOCCOCCOCCOC.O=S(=O)([N-]S(=O)(=O)C(F)(F)F)C(F)(F)F,52,-1630245.318013713,0.1910276710987091,0.39467620849609375,0.4161449372768402,2
1046,140120168,5430556,COCCOCCOCCOCCOC.O=S(=O)([N-]S(=O)(=O)C(F)(F)F)C(F)(F)F,52,-1630232.5784784348,0.42663323879241943,0.020489739254117012,0.8794342279434204,2
1047,140139992,5430556,COCCOCCOCCOCCOC.O=S(=O)([N-]S(=O)(=O)C(F)(F)F)C(F)(F)F,52,-1630241.0362472145,0.6244078874588013,0.43142226338386536,0.40459299087524414,2
1048,140139412,5430556,COCCOCCOCCOCCOC.O=S(=O)([N-]S(=O)(=O)C(F)(F)F)C(F)(F)F,52,-1630217.4126362752,-0.10084529221057892,0.029342874884605408,-0.021304672583937645,2
1049,140139380,5430556,COCCOCCOCCOCCOC.O=S(=O)([N-]S(=O)(=O)C(F)(F)F)C(F)(F)F,52,-1630238.0708908525,0.07520665973424911,-0.17319440841674805,-0.19739367067813873,2
1050,140139896,5430556,COCCOCCOCCOCCOC.O=S(=O)([N-]S(=O)(=O)C(F)(F)F)C(F)(F)F,52,-1630230.254535839,0.03380383923649788,0.827590823173523,0.6522055864334106,2
1051,140122603,5430556,COCCOCCOCCOCCOC.O=S(=O)([N-]S(=O)(=O)C(F)(F)F)C(F)(F)F,52,-1630212.2405509404,0.05350510776042938,-0.16397613286972046,-0.6770293116569519,2
1052,140138522,5430556,COCCOCCOCCOCCOC.O=S(=O)([N-]S(=O)(=O)C(F)(F)F)C(F)(F)F,52,-1630224.888697978,0.47187256813049316,-0.7541303634643555,-0.23820382356643677,2
1053,140138505,5430556,COCCOCCOCCOCCOC.O=S(=O)([N-]S(=O)(=O)C(F)(F)F)C(F)(F)F,52,-1630233.6262511706,0.11051864922046661,-0.056865379214286804,0.3749537765979767,2
1054,140120576,5430556,COCCOCCOCCOCCOC.O=S(=O)([N-]S(=O)(=O)C(F)(F)F)C(F)(F)F,52,-1630232.4255123036,-1.6335170269012451,-1.160284399986267,-1.1235225200653076,2
1055,140139505,5430556,COCCOCCOCCOCCOC.O=S(=O)([N-]S(=O)(=O)C(F)(F)F)C(F)(F)F,52,-1630233.6710783702,0.1714692860841751,0.1216207817196846,0.04149807617068291,2
1056,140139677,5430556,COCCOCCOCCOCCOC.O=S(=O)([N-]S(=O)(=O)C(F)(F)F)C(F)(F)F,52,-1630235.5054524643,0.33436059951782227,0.5190910696983337,-0.5295052528381348,2
1057,140138615,5430556,COCCOCCOCCOCCOC.O=S(=O)([N-]S(=O)(=O)C(F)(F)F)C(F)(F)F,52,-1630213.4649737806,0.5523180961608887,-0.5891065001487732,-0.909401535987854,2
1058,140138733,5430556,COCCOCCOCCOCCOC.O=S(=O)([N-]S(=O)(=O)C(F)(F)F)C(F)(F)F,52,-1630211.2883360412,0.2127186357975006,0.3868020474910736,0.1647646129131317,2
1059,140140030,5430556,COCCOCCOCCOCCOC.O=S(=O)([N-]S(=O)(=O)C(F)(F)F)C(F)(F)F,52,-1630164.2052058005,0.0882297158241272,-0.3535432517528534,0.3849922716617584,2
1060,140139981,5430556,COCCOCCOCCOCCOC.O=S(=O)([N-]S(=O)(=O)C(F)(F)F)C(F)(F)F,52,-1630253.7187180188,0.3680744767189026,0.10026849806308746,0.07607980817556381,2
1061,140120288,5430556,COCCOCCOCCOCCOC.O=S(=O)([N-]S(=O)(=O)C(F)(F)F)C(F)(F)F,52,-1630222.4544611827,-0.48336100578308105,-1.2940287590026855,0.2526027262210846,2
1062,140138564,5430556,COCCOCCOCCOCCOC.O=S(=O)([N-]S(=O)(=O)C(F)(F)F)C(F)(F)F,52,-1630232.7666027518,0.2200160026550293,0.08177904039621353,-0.23726187646389008,2
1063,140120018,5430556,COCCOCCOCCOCCOC.O=S(=O)([N-]S(=O)(=O)C(F)(F)F)C(F)(F)F,52,-1630219.6502837976,0.010901049710810184,-0.3076265752315521,-0.6339172124862671,2
1064,140139947,5430556,COCCOCCOCCOCCOC.O=S(=O)([N-]S(=O)(=O)C(F)(F)F)C(F)(F)F,52,-1630245.0564930984,0.3160457909107208,-0.16375388205051422,-0.15547755360603333,2
1065,140120594,5430556,COCCOCCOCCOCCOC.O=S(=O)([N-]S(=O)(=O)C(F)(F)F)C(F)(F)F,52,-1630237.9362008616,-0.24863390624523163,-0.07996925711631775,-0.05673837661743164,2
1066,140139448,5430556,COCCOCCOCCOCCOC.O=S(=O)([N-]S(=O)(=O)C(F)(F)F)C(F)(F)F,52,-1630236.5124879242,0.25678321719169617,0.08611829578876495,0.14284080266952515,2
1067,140120320,5430556,COCCOCCOCCOCCOC.O=S(=O)([N-]S(=O)(=O)C(F)(F)F)C(F)(F)F,52,-1630226.6112718857,-1.0404046773910522,-1.910197377204895,-0.8221614360809326,2
1068,140138611,5430556,COCCOCCOCCOCCOC.O=S(=O)([N-]S(=O)(=O)C(F)(F)F)C(F)(F)F,52,-1630232.2318537214,0.5017287731170654,-0.3940994143486023,0.3240945637226105,2
1069,140120679,5430556,COCCOCCOCCOCCOC.O=S(=O)([N-]S(=O)(=O)C(F)(F)F)C(F)(F)F,52,-1630237.5717606393,0.26333972811698914,0.7304391264915466,0.7894794344902039,2
1070,140139345,5430556,COCCOCCOCCOCCOC.O=S(=O)([N-]S(=O)(=O)C(F)(F)F)C(F)(F)F,52,-1630233.608882812,0.6249582171440125,-0.0002963392180390656,-0.13392946124076843,2
1071,140139587,5430556,COCCOCCOCCOCCOC.O=S(=O)([N-]S(=O)(=O)C(F)(F)F)C(F)(F)F,52,-1630233.8551457312,0.3554959297180176,0.13539527356624603,0.2721664011478424,2
1072,140122844,5430556,COCCOCCOCCOCCOC.O=S(=O)([N-]S(=O)(=O)C(F)(F)F)C(F)(F)F,52,-1630230.8715504648,-0.36973080039024353,0.2178886979818344,-0.2524651288986206,2
1073,140139362,5430556,COCCOCCOCCOCCOC.O=S(=O)([N-]S(=O)(=O)C(F)(F)F)C(F)(F)F,52,-1630215.67831684,0.055664148181676865,-0.30881720781326294,-0.12610821425914764,2
1074,140120162,5430556,COCCOCCOCCOCCOC.O=S(=O)([N-]S(=O)(=O)C(F)(F)F)C(F)(F)F,52,-1630219.3697570288,0.11573104560375214,-0.4399314522743225,-0.5120000839233398,2
1075,140139771,5430556,COCCOCCOCCOCCOC.O=S(=O)([N-]S(=O)(=O)C(F)(F)F)C(F)(F)F,52,-1630223.549985635,0.16801904141902924,-0.6240374445915222,-0.6988366842269897,2
1076,140138820,5430556,COCCOCCOCCOCCOC.O=S(=O)([N-]S(=O)(=O)C(F)(F)F)C(F)(F)F,52,-1630230.6819315094,0.5996106266975403,0.5259756445884705,-0.35142654180526733,2
1077,140138658,5430556,COCCOCCOCCOCCOC.O=S(=O)([N-]S(=O)(=O)C(F)(F)F)C(F)(F)F,52,-1630205.1075026023,-0.3285819888114929,-0.051811736077070236,0.1878473162651062,2
1078,140122599,5430556,COCCOCCOCCOCCOC.O=S(=O)([N-]S(=O)(=O)C(F)(F)F)C(F)(F)F,52,-1630238.6800994722,-0.06905762106180191,0.08478476852178574,0.2453741729259491,2
1079,140139914,5430556,COCCOCCOCCOCCOC.O=S(=O)([N-]S(=O)(=O)C(F)(F)F)C(F)(F)F,52,-1630180.1500868949,0.4024180769920349,-0.10633286088705063,-0.2274191826581955,2
1080,140122743,5430556,COCCOCCOCCOCCOC.O=S(=O)([N-]S(=O)(=O)C(F)(F)F)C(F)(F)F,52,-1630233.963739995,-0.05175352841615677,0.29365628957748413,0.09335214644670486,2
1081,140120377,5430556,COCCOCCOCCOCCOC.O=S(=O)([N-]S(=O)(=O)C(F)(F)F)C(F)(F)F,52,-1630228.7682607777,-0.28405702114105225,-0.023977018892765045,0.30606549978256226,2
1082,140122871,5430556,COCCOCCOCCOCCOC.O=S(=O)([N-]S(=O)(=O)C(F)(F)F)C(F)(F)F,52,-1630230.6304330716,0.10613176971673965,0.14654503762722015,-0.24584512412548065,2
1083,140139790,5430556,COCCOCCOCCOCCOC.O=S(=O)([N-]S(=O)(=O)C(F)(F)F)C(F)(F)F,52,-1630236.2761924977,0.17007754743099213,-0.25174015760421753,0.7631158232688904,2
1084,140120500,5430556,COCCOCCOCCOCCOC.O=S(=O)([N-]S(=O)(=O)C(F)(F)F)C(F)(F)F,52,-1630231.997756304,-1.2578330039978027,-1.5567387342453003,-1.0062991380691528,2
1085,140139758,5430556,COCCOCCOCCOCCOC.O=S(=O)([N-]S(=O)(=O)C(F)(F)F)C(F)(F)F,52,-1630243.5514965495,0.10322659462690353,0.07931307703256607,-0.40770456194877625,2
1086,140138681,5430556,COCCOCCOCCOCCOC.O=S(=O)([N-]S(=O)(=O)C(F)(F)F)C(F)(F)F,52,-1630235.4006121021,0.37249839305877686,-0.48654136061668396,0.8856732845306396,2
1087,140120513,5430556,COCCOCCOCCOCCOC.O=S(=O)([N-]S(=O)(=O)C(F)(F)F)C(F)(F)F,52,-1630229.193557519,-0.05756918713450432,0.6722084879875183,0.5329290628433228,2
1088,140139602,5430556,COCCOCCOCCOCCOC.O=S(=O)([N-]S(=O)(=O)C(F)(F)F)C(F)(F)F,52,-1630218.8658229206,0.23859012126922607,0.0007090974249877036,-0.4400372803211212,2
1089,140120034,5430556,COCCOCCOCCOCCOC.O=S(=O)([N-]S(=O)(=O)C(F)(F)F)C(F)(F)F,52,-1630225.469513317,-0.618089497089386,-1.7904020547866821,0.4332214593887329,2
1090,140139431,5430556,COCCOCCOCCOCCOC.O=S(=O)([N-]S(=O)(=O)C(F)(F)F)C(F)(F)F,52,-1630228.5158852085,0.12667973339557648,1.0701179504394531,0.22484739124774933,2
1091,140120330,5430556,COCCOCCOCCOCCOC.O=S(=O)([N-]S(=O)(=O)C(F)(F)F)C(F)(F)F,52,-1630234.1217680078,0.14992119371891022,0.28067028522491455,0.3917286992073059,2
1092,140123506,6079614,COCCOCCOCCOCCOC.O=S(=O)([N-]S(=O)(=O)C(F)(F)F)C(F)(F)F.[Li+],53,-1634936.2309845306,1.3946411609649658,-0.4504038393497467,0.25807440280914307,3
1093,140123601,6079614,COCCOCCOCCOCCOC.O=S(=O)([N-]S(=O)(=O)C(F)(F)F)C(F)(F)F.[Li+],53,-1634937.2213195376,-1.3074487447738647,1.085654616355896,-0.8167849779129028,3
1094,140123796,6079614,COCCOCCOCCOCCOC.O=S(=O)([N-]S(=O)(=O)C(F)(F)F)C(F)(F)F.[Li+],53,-1634918.2724218015,0.08539331704378128,0.8877582550048828,1.31417977809906,3
1095,140123619,6079614,COCCOCCOCCOCCOC.O=S(=O)([N-]S(=O)(=O)C(F)(F)F)C(F)(F)F.[Li+],53,-1634931.0545233414,-0.5538897514343262,0.2011561244726181,-1.3649649620056152,3
1096,140123542,6079614,COCCOCCOCCOCCOC.O=S(=O)([N-]S(=O)(=O)C(F)(F)F)C(F)(F)F.[Li+],53,-1634924.2676926057,1.5134468078613281,-1.1098273992538452,-0.248480424284935,3
1097,140123626,6079614,COCCOCCOCCOCCOC.O=S(=O)([N-]S(=O)(=O)C(F)(F)F)C(F)(F)F.[Li+],53,-1634930.9242942708,-0.08744123578071594,-0.33946189284324646,-0.7620733380317688,3
1098,140123996,6079614,COCCOCCOCCOCCOC.O=S(=O)([N-]S(=O)(=O)C(F)(F)F)C(F)(F)F.[Li+],53,-1634931.4493318947,-1.5430065393447876,0.5805973410606384,-0.6850357055664062,3
1099,140123583,6079614,COCCOCCOCCOCCOC.O=S(=O)([N-]S(=O)(=O)C(F)(F)F)C(F)(F)F.[Li+],53,-1634928.34515028,0.46784552931785583,1.472996473312378,0.016065819188952446,3
1100,140123851,6079614,COCCOCCOCCOCCOC.O=S(=O)([N-]S(=O)(=O)C(F)(F)F)C(F)(F)F.[Li+],53,-1634930.3606144993,-0.21693089604377747,1.4425581693649292,-1.005500078201294,3
1101,140123940,6079614,COCCOCCOCCOCCOC.O=S(=O)([N-]S(=O)(=O)C(F)(F)F)C(F)(F)F.[Li+],53,-1634928.1724306485,-0.21288269758224487,0.40858301520347595,-0.6279321908950806,3
1102,140124076,6079614,COCCOCCOCCOCCOC.O=S(=O)([N-]S(=O)(=O)C(F)(F)F)C(F)(F)F.[Li+],53,-1634925.0853338584,-0.16590233147144318,-0.6107445359230042,-0.538607120513916,3
1103,140123870,6079614,COCCOCCOCCOCCOC.O=S(=O)([N-]S(=O)(=O)C(F)(F)F)C(F)(F)F.[Li+],53,-1634917.9951182816,1.403377890586853,-0.7216019034385681,0.003042768919840455,3
1104,140123688,6079614,COCCOCCOCCOCCOC.O=S(=O)([N-]S(=O)(=O)C(F)(F)F)C(F)(F)F.[Li+],53,-1634922.1071193404,-0.0011430226732045412,1.0428653955459595,1.4560309648513794,3
1105,140123852,6079614,COCCOCCOCCOCCOC.O=S(=O)([N-]S(=O)(=O)C(F)(F)F)C(F)(F)F.[Li+],53,-1634923.57044568,0.11521774530410767,1.9787893295288086,0.17710502445697784,3
1106,140123915,6079614,COCCOCCOCCOCCOC.O=S(=O)([N-]S(=O)(=O)C(F)(F)F)C(F)(F)F.[Li+],53,-1634916.58278953,-1.5675710439682007,0.18909087777137756,0.3448435962200165,3
1107,140123663,6079614,COCCOCCOCCOCCOC.O=S(=O)([N-]S(=O)(=O)C(F)(F)F)C(F)(F)F.[Li+],53,-1634924.8776458355,0.23176902532577515,-1.2366658449172974,0.04724493995308876,3
1108,140137556,6079614,COCCOCCOCCOCCOC.O=S(=O)([N-]S(=O)(=O)C(F)(F)F)C(F)(F)F.[Li+],53,-1634937.6384635284,0.7954009175300598,-0.711790919303894,0.7486957311630249,3
1109,140123872,6079614,COCCOCCOCCOCCOC.O=S(=O)([N-]S(=O)(=O)C(F)(F)F)C(F)(F)F.[Li+],53,-1634925.7737251008,0.38598182797431946,-0.4682265520095825,-1.0972912311553955,3
1110,140137695,6079614,COCCOCCOCCOCCOC.O=S(=O)([N-]S(=O)(=O)C(F)(F)F)C(F)(F)F.[Li+],53,-1634919.9453057991,0.2264825403690338,0.9295578598976135,-1.6945840120315552,3
1111,140123658,6079614,COCCOCCOCCOCCOC.O=S(=O)([N-]S(=O)(=O)C(F)(F)F)C(F)(F)F.[Li+],53,-1634930.530895137,-0.6889199018478394,-0.23930978775024414,-0.6453315615653992,3
1112,140123462,6079614,COCCOCCOCCOCCOC.O=S(=O)([N-]S(=O)(=O)C(F)(F)F)C(F)(F)F.[Li+],53,-1634927.8338271198,1.0824583768844604,0.34777525067329407,1.131460189819336,3
1113,140123440,6079614,COCCOCCOCCOCCOC.O=S(=O)([N-]S(=O)(=O)C(F)(F)F)C(F)(F)F.[Li+],53,-1634933.9865973238,-1.0718696117401123,0.8712479472160339,-0.34214481711387634,3
1114,140137609,6079614,COCCOCCOCCOCCOC.O=S(=O)([N-]S(=O)(=O)C(F)(F)F)C(F)(F)F.[Li+],53,-1634922.564959301,0.7001913785934448,1.3714948892593384,-1.33392333984375,3
1115,140123813,6079614,COCCOCCOCCOCCOC.O=S(=O)([N-]S(=O)(=O)C(F)(F)F)C(F)(F)F.[Li+],53,-1634915.4276267805,0.06071249395608902,0.34011805057525635,1.2038198709487915,3
1116,140123901,6079614,COCCOCCOCCOCCOC.O=S(=O)([N-]S(=O)(=O)C(F)(F)F)C(F)(F)F.[Li+],53,-1634928.583853331,-0.09372256696224213,-0.6742352247238159,-0.36261868476867676,3
1117,140123834,6079614,COCCOCCOCCOCCOC.O=S(=O)([N-]S(=O)(=O)C(F)(F)F)C(F)(F)F.[Li+],53,-1634916.0881239092,-0.45580679178237915,0.8342848420143127,1.0877765417099,3
1118,140123706,6079614,COCCOCCOCCOCCOC.O=S(=O)([N-]S(=O)(=O)C(F)(F)F)C(F)(F)F.[Li+],53,-1634933.258697248,-1.1287243366241455,0.9460894465446472,-0.5782583951950073,3
1119,140123579,6079614,COCCOCCOCCOCCOC.O=S(=O)([N-]S(=O)(=O)C(F)(F)F)C(F)(F)F.[Li+],53,-1634929.8140123023,0.7769326567649841,-0.5920751690864563,-0.8713854551315308,3
1120,140137621,6079614,COCCOCCOCCOCCOC.O=S(=O)([N-]S(=O)(=O)C(F)(F)F)C(F)(F)F.[Li+],53,-1634945.2746623051,1.081606388092041,-0.32240650057792664,1.126258373260498,3
1121,140137610,6079614,COCCOCCOCCOCCOC.O=S(=O)([N-]S(=O)(=O)C(F)(F)F)C(F)(F)F.[Li+],53,-1634914.8865712334,0.28668174147605896,0.5758135914802551,1.0994819402694702,3
1122,140123945,6079614,COCCOCCOCCOCCOC.O=S(=O)([N-]S(=O)(=O)C(F)(F)F)C(F)(F)F.[Li+],53,-1634935.8726949478,-0.8631779551506042,0.4291627109050751,-0.9546514749526978,3
1123,140123500,6079614,COCCOCCOCCOCCOC.O=S(=O)([N-]S(=O)(=O)C(F)(F)F)C(F)(F)F.[Li+],53,-1634917.1162712781,-0.5185936093330383,1.1379002332687378,-0.6816384196281433,3
1124,140123589,6079614,COCCOCCOCCOCCOC.O=S(=O)([N-]S(=O)(=O)C(F)(F)F)C(F)(F)F.[Li+],53,-1634915.0850475645,0.48262548446655273,1.363668441772461,0.8237224817276001,3
1125,140123697,6079614,COCCOCCOCCOCCOC.O=S(=O)([N-]S(=O)(=O)C(F)(F)F)C(F)(F)F.[Li+],53,-1634935.462488699,0.7804093360900879,-0.91758793592453,-0.3465316891670227,3
1126,140123556,6079614,COCCOCCOCCOCCOC.O=S(=O)([N-]S(=O)(=O)C(F)(F)F)C(F)(F)F.[Li+],53,-1634934.6464618302,1.3411890268325806,-0.8804237842559814,-0.5308387875556946,3
1127,140123464,6079614,COCCOCCOCCOCCOC.O=S(=O)([N-]S(=O)(=O)C(F)(F)F)C(F)(F)F.[Li+],53,-1634934.0952409464,0.8560763597488403,-0.643886923789978,-0.9417977929115295,3
1128,140123893,6079614,COCCOCCOCCOCCOC.O=S(=O)([N-]S(=O)(=O)C(F)(F)F)C(F)(F)F.[Li+],53,-1634916.2903596957,-1.0680012702941895,0.43840742111206055,1.457332730293274,3
1129,140123648,6079614,COCCOCCOCCOCCOC.O=S(=O)([N-]S(=O)(=O)C(F)(F)F)C(F)(F)F.[Li+],53,-1634918.4736094037,0.6213122010231018,1.2180546522140503,-1.1565643548965454,3
1130,140137662,6079614,COCCOCCOCCOCCOC.O=S(=O)([N-]S(=O)(=O)C(F)(F)F)C(F)(F)F.[Li+],53,-1634939.9019226038,1.0439977645874023,0.19800223410129547,0.5368925929069519,3
1131,140123891,6079614,COCCOCCOCCOCCOC.O=S(=O)([N-]S(=O)(=O)C(F)(F)F)C(F)(F)F.[Li+],53,-1634930.140266935,0.6478557586669922,1.3833590745925903,0.5487355589866638,3
1132,140123681,6079614,COCCOCCOCCOCCOC.O=S(=O)([N-]S(=O)(=O)C(F)(F)F)C(F)(F)F.[Li+],53,-1634912.7266572781,-0.5885667204856873,0.6147662997245789,1.6898003816604614,3
1133,140123946,6079614,COCCOCCOCCOCCOC.O=S(=O)([N-]S(=O)(=O)C(F)(F)F)C(F)(F)F.[Li+],53,-1634924.5203660913,0.8512185215950012,-0.263773649930954,-1.1452716588974,3
1134,140123875,6079614,COCCOCCOCCOCCOC.O=S(=O)([N-]S(=O)(=O)C(F)(F)F)C(F)(F)F.[Li+],53,-1634927.3731990678,0.40180420875549316,-0.745663583278656,-0.3337467610836029,3
1135,140123492,6079614,COCCOCCOCCOCCOC.O=S(=O)([N-]S(=O)(=O)C(F)(F)F)C(F)(F)F.[Li+],53,-1634932.127421927,-0.2528091073036194,1.5038845539093018,0.21881476044654846,3
1136,140123839,6079614,COCCOCCOCCOCCOC.O=S(=O)([N-]S(=O)(=O)C(F)(F)F)C(F)(F)F.[Li+],53,-1634922.5101234247,-1.41116201877594,0.22470450401306152,-0.30928289890289307,3
1137,140123889,6079614,COCCOCCOCCOCCOC.O=S(=O)([N-]S(=O)(=O)C(F)(F)F)C(F)(F)F.[Li+],53,-1634929.5583150475,0.8353855013847351,0.9710930585861206,0.9713364839553833,3
1138,140123448,6079614,COCCOCCOCCOCCOC.O=S(=O)([N-]S(=O)(=O)C(F)(F)F)C(F)(F)F.[Li+],53,-1634920.5160229825,0.9311454892158508,-0.5572817325592041,1.0156761407852173,3
1139,140123621,6079614,COCCOCCOCCOCCOC.O=S(=O)([N-]S(=O)(=O)C(F)(F)F)C(F)(F)F.[Li+],53,-1634925.5372395364,0.997631311416626,-0.9042050838470459,-0.2012249082326889,3
1140,140123894,6079614,COCCOCCOCCOCCOC.O=S(=O)([N-]S(=O)(=O)C(F)(F)F)C(F)(F)F.[Li+],53,-1634916.2119464155,-1.3894234895706177,0.4501657485961914,1.068493366241455,3
1141,140137599,6079614,COCCOCCOCCOCCOC.O=S(=O)([N-]S(=O)(=O)C(F)(F)F)C(F)(F)F.[Li+],53,-1634906.561440188,-0.13401412963867188,-1.1725190877914429,-0.5728025436401367,3
1142,140137688,6079614,COCCOCCOCCOCCOC.O=S(=O)([N-]S(=O)(=O)C(F)(F)F)C(F)(F)F.[Li+],53,-1634881.7613328632,2.4237372875213623,-0.7553157806396484,1.2838631868362427,3
1143,140123757,6079614,COCCOCCOCCOCCOC.O=S(=O)([N-]S(=O)(=O)C(F)(F)F)C(F)(F)F.[Li+],53,-1634929.6870720747,-0.3794253170490265,0.580015242099762,0.9531221389770508,3
1144,140123993,6079614,COCCOCCOCCOCCOC.O=S(=O)([N-]S(=O)(=O)C(F)(F)F)C(F)(F)F.[Li+],53,-1634925.9977422883,0.5467246770858765,-0.4364229738712311,0.41919299960136414,3
1145,140123627,6079614,COCCOCCOCCOCCOC.O=S(=O)([N-]S(=O)(=O)C(F)(F)F)C(F)(F)F.[Li+],53,-1634941.4019819621,0.30854734778404236,1.7654780149459839,-0.5700031518936157,3
1146,140123963,6079614,COCCOCCOCCOCCOC.O=S(=O)([N-]S(=O)(=O)C(F)(F)F)C(F)(F)F.[Li+],53,-1634927.861611202,-0.9832112193107605,1.1580778360366821,-0.4914203882217407,3
1147,140123527,6079614,COCCOCCOCCOCCOC.O=S(=O)([N-]S(=O)(=O)C(F)(F)F)C(F)(F)F.[Li+],53,-1634922.508329417,-1.2260029315948486,0.5223401784896851,1.1659044027328491,3
1148,140123630,6079614,COCCOCCOCCOCCOC.O=S(=O)([N-]S(=O)(=O)C(F)(F)F)C(F)(F)F.[Li+],53,-1634922.5114131882,1.313719391822815,-0.6454850435256958,-0.27015554904937744,3
1149,140124057,6079614,COCCOCCOCCOCCOC.O=S(=O)([N-]S(=O)(=O)C(F)(F)F)C(F)(F)F.[Li+],53,-1634921.5971557857,1.2024863958358765,-0.8769418597221375,-0.08996012061834335,3
1150,140137647,6079614,COCCOCCOCCOCCOC.O=S(=O)([N-]S(=O)(=O)C(F)(F)F)C(F)(F)F.[Li+],53,-1634919.9566853277,-0.42621520161628723,-0.5891541242599487,-0.9523442983627319,3
1151,140124073,6079614,COCCOCCOCCOCCOC.O=S(=O)([N-]S(=O)(=O)C(F)(F)F)C(F)(F)F.[Li+],53,-1634920.345119013,-1.2413597106933594,0.09945356100797653,0.7343814969062805,3
1152,140123718,6079614,COCCOCCOCCOCCOC.O=S(=O)([N-]S(=O)(=O)C(F)(F)F)C(F)(F)F.[Li+],53,-1634929.0715145885,0.23933625221252441,1.5777311325073242,0.19337721168994904,3
1153,140124079,6079614,COCCOCCOCCOCCOC.O=S(=O)([N-]S(=O)(=O)C(F)(F)F)C(F)(F)F.[Li+],53,-1634918.4343315603,-1.5593793392181396,-0.08486413955688477,0.6013781428337097,3
1154,140124047,6079614,COCCOCCOCCOCCOC.O=S(=O)([N-]S(=O)(=O)C(F)(F)F)C(F)(F)F.[Li+],53,-1634921.1391266293,0.9236470460891724,-0.056484367698431015,0.9756757020950317,3
1155,140123824,6079614,COCCOCCOCCOCCOC.O=S(=O)([N-]S(=O)(=O)C(F)(F)F)C(F)(F)F.[Li+],53,-1634908.6480626608,0.45467430353164673,0.9927258491516113,-0.16478048264980316,3
1156,140137696,6079614,COCCOCCOCCOCCOC.O=S(=O)([N-]S(=O)(=O)C(F)(F)F)C(F)(F)F.[Li+],53,-1634906.9407308262,0.6842049360275269,0.24070152640342712,0.6694090962409973,3
1157,140123782,6079614,COCCOCCOCCOCCOC.O=S(=O)([N-]S(=O)(=O)C(F)(F)F)C(F)(F)F.[Li+],53,-1634941.6626969539,-1.2878637313842773,1.1991419792175293,-0.9811262488365173,3
1158,140124040,6079614,COCCOCCOCCOCCOC.O=S(=O)([N-]S(=O)(=O)C(F)(F)F)C(F)(F)F.[Li+],53,-1634940.281421822,1.2225050926208496,-0.04878484457731247,1.2215579748153687,3
1159,140123518,6079614,COCCOCCOCCOCCOC.O=S(=O)([N-]S(=O)(=O)C(F)(F)F)C(F)(F)F.[Li+],53,-1634930.342440646,-0.5831214785575867,0.2949686646461487,-1.0440930128097534,3
1160,140124049,6079614,COCCOCCOCCOCCOC.O=S(=O)([N-]S(=O)(=O)C(F)(F)F)C(F)(F)F.[Li+],53,-1634932.838266404,1.0874590873718262,-1.2100746631622314,-0.3111191391944885,3
1161,140137546,6079614,COCCOCCOCCOCCOC.O=S(=O)([N-]S(=O)(=O)C(F)(F)F)C(F)(F)F.[Li+],53,-1634916.9632644802,0.3501512408256531,1.037160873413086,-1.634316086769104,3
1162,140124037,6079614,COCCOCCOCCOCCOC.O=S(=O)([N-]S(=O)(=O)C(F)(F)F)C(F)(F)F.[Li+],53,-1634929.8722206212,0.15738257765769958,1.4529141187667847,-0.3738848567008972,3
1163,140137543,6079614,COCCOCCOCCOCCOC.O=S(=O)([N-]S(=O)(=O)C(F)(F)F)C(F)(F)F.[Li+],53,-1634943.8805601783,1.1261895895004272,-0.4657394289970398,0.6526976823806763,3
1164,140123678,6079614,COCCOCCOCCOCCOC.O=S(=O)([N-]S(=O)(=O)C(F)(F)F)C(F)(F)F.[Li+],53,-1634931.5654367667,1.2998919486999512,-0.24947528541088104,1.2293527126312256,3
1165,140123766,6079614,COCCOCCOCCOCCOC.O=S(=O)([N-]S(=O)(=O)C(F)(F)F)C(F)(F)F.[Li+],53,-1634917.2420634418,0.18853524327278137,-0.1755121946334839,1.3447291851043701,3
1166,140124067,6079614,COCCOCCOCCOCCOC.O=S(=O)([N-]S(=O)(=O)C(F)(F)F)C(F)(F)F.[Li+],53,-1634896.2673229573,-0.9407393932342529,0.30571624636650085,1.1219667196273804,3
1167,140123838,6079614,COCCOCCOCCOCCOC.O=S(=O)([N-]S(=O)(=O)C(F)(F)F)C(F)(F)F.[Li+],53,-1634927.0250332882,0.6156288385391235,-1.2522501945495605,0.2160683423280716,3
1168,140137666,6079614,COCCOCCOCCOCCOC.O=S(=O)([N-]S(=O)(=O)C(F)(F)F)C(F)(F)F.[Li+],53,-1634926.038395802,1.096269965171814,1.4467016458511353,-0.28887253999710083,3
1169,140123801,6079614,COCCOCCOCCOCCOC.O=S(=O)([N-]S(=O)(=O)C(F)(F)F)C(F)(F)F.[Li+],53,-1634931.0776337,-0.9708390235900879,0.052859511226415634,-0.7995549440383911,3
1170,140123990,6079614,COCCOCCOCCOCCOC.O=S(=O)([N-]S(=O)(=O)C(F)(F)F)C(F)(F)F.[Li+],53,-1634932.1153333553,0.8488213419914246,-1.3536616563796997,-0.5112751126289368,3
1171,140123463,6079614,COCCOCCOCCOCCOC.O=S(=O)([N-]S(=O)(=O)C(F)(F)F)C(F)(F)F.[Li+],53,-1634928.255850702,-1.6121753454208374,0.3697254955768585,0.8206161856651306,3
1172,140137563,6079614,COCCOCCOCCOCCOC.O=S(=O)([N-]S(=O)(=O)C(F)(F)F)C(F)(F)F.[Li+],53,-1634920.0418762555,-0.5793114304542542,0.2775692939758301,-0.9708760380744934,3
1173,140123714,6079614,COCCOCCOCCOCCOC.O=S(=O)([N-]S(=O)(=O)C(F)(F)F)C(F)(F)F.[Li+],53,-1634931.9205975241,0.7061604857444763,1.4762084484100342,-0.4442230463027954,3
1174,140123623,6079614,COCCOCCOCCOCCOC.O=S(=O)([N-]S(=O)(=O)C(F)(F)F)C(F)(F)F.[Li+],53,-1634909.759354997,-0.21933865547180176,1.4433201551437378,-0.67369544506073,3
1175,140137665,6079614,COCCOCCOCCOCCOC.O=S(=O)([N-]S(=O)(=O)C(F)(F)F)C(F)(F)F.[Li+],53,-1634914.153921139,-0.6661282181739807,-0.4323483407497406,-0.5264254808425903,3
1176,140124012,6079614,COCCOCCOCCOCCOC.O=S(=O)([N-]S(=O)(=O)C(F)(F)F)C(F)(F)F.[Li+],53,-1634928.4604874747,-0.16861173510551453,1.5036040544509888,-0.2848190367221832,3
1177,140123517,6079614,COCCOCCOCCOCCOC.O=S(=O)([N-]S(=O)(=O)C(F)(F)F)C(F)(F)F.[Li+],53,-1634929.6425032527,0.814731776714325,-1.2359198331832886,-0.39508897066116333,3
1178,140123943,6079614,COCCOCCOCCOCCOC.O=S(=O)([N-]S(=O)(=O)C(F)(F)F)C(F)(F)F.[Li+],53,-1634906.239886199,0.25158143043518066,0.74063640832901,1.181149959564209,3
1179,140123807,6079614,COCCOCCOCCOCCOC.O=S(=O)([N-]S(=O)(=O)C(F)(F)F)C(F)(F)F.[Li+],53,-1634932.6583469003,0.24878206849098206,-1.259992003440857,0.15389001369476318,3
1180,140123555,6079614,COCCOCCOCCOCCOC.O=S(=O)([N-]S(=O)(=O)C(F)(F)F)C(F)(F)F.[Li+],53,-1634941.157481943,0.5190328359603882,-0.8124563097953796,-0.2865864932537079,3
1181,140124041,6079614,COCCOCCOCCOCCOC.O=S(=O)([N-]S(=O)(=O)C(F)(F)F)C(F)(F)F.[Li+],53,-1634925.2891202415,-1.3588370084762573,0.3622059226036072,0.9407711625099182,3
1182,140123585,6079614,COCCOCCOCCOCCOC.O=S(=O)([N-]S(=O)(=O)C(F)(F)F)C(F)(F)F.[Li+],53,-1634925.2323324145,-0.005445233080536127,0.810339629650116,-1.9010531902313232,3
1183,140124064,6079614,COCCOCCOCCOCCOC.O=S(=O)([N-]S(=O)(=O)C(F)(F)F)C(F)(F)F.[Li+],53,-1634936.6393690256,0.5109788179397583,-0.8913142681121826,-0.03401021659374237,3
1184,140137589,6079614,COCCOCCOCCOCCOC.O=S(=O)([N-]S(=O)(=O)C(F)(F)F)C(F)(F)F.[Li+],53,-1634933.2143820045,0.5219221711158752,0.4482448101043701,1.0746582746505737,3
1185,140123804,6079614,COCCOCCOCCOCCOC.O=S(=O)([N-]S(=O)(=O)C(F)(F)F)C(F)(F)F.[Li+],53,-1634906.9194714024,0.07941362261772156,1.3053478002548218,-0.0928388461470604,3
1186,140137580,6079614,COCCOCCOCCOCCOC.O=S(=O)([N-]S(=O)(=O)C(F)(F)F)C(F)(F)F.[Li+],53,-1634920.8847172484,-0.5485185980796814,1.2667865753173828,-0.777355968952179,3
1187,140123983,6079614,COCCOCCOCCOCCOC.O=S(=O)([N-]S(=O)(=O)C(F)(F)F)C(F)(F)F.[Li+],53,-1634933.7006801907,0.5436607599258423,-0.7979833483695984,-0.08039788901805878,3
1188,140137559,6079614,COCCOCCOCCOCCOC.O=S(=O)([N-]S(=O)(=O)C(F)(F)F)C(F)(F)F.[Li+],53,-1634900.5930005093,2.2667620182037354,-0.9568317532539368,1.7627155780792236,3
1189,140137573,6079614,COCCOCCOCCOCCOC.O=S(=O)([N-]S(=O)(=O)C(F)(F)F)C(F)(F)F.[Li+],53,-1634923.3433936508,-0.12834134697914124,0.8422913551330566,-2.2398111820220947,3
1190,140123670,6079614,COCCOCCOCCOCCOC.O=S(=O)([N-]S(=O)(=O)C(F)(F)F)C(F)(F)F.[Li+],53,-1634921.3243431319,-0.8065453767776489,0.1526041179895401,-1.5057154893875122,3
1191,140123811,6079614,COCCOCCOCCOCCOC.O=S(=O)([N-]S(=O)(=O)C(F)(F)F)C(F)(F)F.[Li+],53,-1634910.0230138712,-0.2125440090894699,0.8671309351921082,0.8206691741943359,3
1192,140137578,6079614,COCCOCCOCCOCCOC.O=S(=O)([N-]S(=O)(=O)C(F)(F)F)C(F)(F)F.[Li+],53,-1634934.5948861726,1.2561078071594238,1.1306982040405273,-0.47204720973968506,3
1193,140123921,6079614,COCCOCCOCCOCCOC.O=S(=O)([N-]S(=O)(=O)C(F)(F)F)C(F)(F)F.[Li+],53,-1634930.8579207105,-0.15499070286750793,0.39023643732070923,-0.8543565273284912,3
1194,140123965,6079614,COCCOCCOCCOCCOC.O=S(=O)([N-]S(=O)(=O)C(F)(F)F)C(F)(F)F.[Li+],53,-1634929.2870080506,-1.535063624382019,-0.10984659194946289,0.7865477800369263,3
1195,140123446,6079614,COCCOCCOCCOCCOC.O=S(=O)([N-]S(=O)(=O)C(F)(F)F)C(F)(F)F.[Li+],53,-1634905.1845249566,-0.7710323333740234,0.26882728934288025,1.1011382341384888,3
1196,140124022,6079614,COCCOCCOCCOCCOC.O=S(=O)([N-]S(=O)(=O)C(F)(F)F)C(F)(F)F.[Li+],53,-1634925.909849809,0.9990389347076416,-0.9617002010345459,-0.2820884585380554,3
1197,140123614,6079614,COCCOCCOCCOCCOC.O=S(=O)([N-]S(=O)(=O)C(F)(F)F)C(F)(F)F.[Li+],53,-1634916.9440968828,0.045615073293447495,1.592362880706787,-0.7383503317832947,3
1198,140123746,6079614,COCCOCCOCCOCCOC.O=S(=O)([N-]S(=O)(=O)C(F)(F)F)C(F)(F)F.[Li+],53,-1634912.970133478,-0.42272260785102844,0.7878443002700806,0.9658647775650024,3
1199,140123842,6079614,COCCOCCOCCOCCOC.O=S(=O)([N-]S(=O)(=O)C(F)(F)F)C(F)(F)F.[Li+],53,-1634927.2025980093,-0.6976513266563416,0.3753030300140381,1.2174197435379028,3
1200,140123692,6079614,COCCOCCOCCOCCOC.O=S(=O)([N-]S(=O)(=O)C(F)(F)F)C(F)(F)F.[Li+],53,-1634928.5658514579,-0.6565501689910889,-0.13574981689453125,-0.702630877494812,3
1201,140123616,6079614,COCCOCCOCCOCCOC.O=S(=O)([N-]S(=O)(=O)C(F)(F)F)C(F)(F)F.[Li+],53,-1634922.1128183133,-0.8130807280540466,0.0016457409365102649,-1.091639518737793,3
1202,140123749,6079614,COCCOCCOCCOCCOC.O=S(=O)([N-]S(=O)(=O)C(F)(F)F)C(F)(F)F.[Li+],53,-1634917.9728273149,0.7765304446220398,0.9798985123634338,1.6381155252456665,3
1203,140123509,6079614,COCCOCCOCCOCCOC.O=S(=O)([N-]S(=O)(=O)C(F)(F)F)C(F)(F)F.[Li+],53,-1634930.570932582,0.5608272552490234,-0.6576825976371765,-0.05139368772506714,3
1204,140123818,6079614,COCCOCCOCCOCCOC.O=S(=O)([N-]S(=O)(=O)C(F)(F)F)C(F)(F)F.[Li+],53,-1634932.0057191902,-1.4855061769485474,0.9554558992385864,-0.9467138648033142,3
1205,140123642,6079614,COCCOCCOCCOCCOC.O=S(=O)([N-]S(=O)(=O)C(F)(F)F)C(F)(F)F.[Li+],53,-1634923.5620348474,1.0008116960525513,-0.6380765438079834,-0.2191110998392105,3
1206,140123922,6079614,COCCOCCOCCOCCOC.O=S(=O)([N-]S(=O)(=O)C(F)(F)F)C(F)(F)F.[Li+],53,-1634907.336757833,0.7138547301292419,0.7480766177177429,1.426285982131958,3
1207,140137682,6079614,COCCOCCOCCOCCOC.O=S(=O)([N-]S(=O)(=O)C(F)(F)F)C(F)(F)F.[Li+],53,-1634897.1550953672,0.5849630236625671,-0.17401990294456482,0.9109626412391663,3
1208,140124002,6079614,COCCOCCOCCOCCOC.O=S(=O)([N-]S(=O)(=O)C(F)(F)F)C(F)(F)F.[Li+],53,-1634926.8479272895,0.08656280487775803,1.4894697666168213,0.3616926074028015,3
1209,140124009,6079614,COCCOCCOCCOCCOC.O=S(=O)([N-]S(=O)(=O)C(F)(F)F)C(F)(F)F.[Li+],53,-1634950.2137131519,0.7394351363182068,-0.4461704194545746,0.29484695196151733,3
1210,140123790,6079614,COCCOCCOCCOCCOC.O=S(=O)([N-]S(=O)(=O)C(F)(F)F)C(F)(F)F.[Li+],53,-1634907.987246749,-0.3420601189136505,1.6258333921432495,-1.1284067630767822,3
1211,140123942,6079614,COCCOCCOCCOCCOC.O=S(=O)([N-]S(=O)(=O)C(F)(F)F)C(F)(F)F.[Li+],53,-1634923.765001491,0.26023346185684204,1.3164076805114746,0.045636240392923355,3
1212,140137554,6079614,COCCOCCOCCOCCOC.O=S(=O)([N-]S(=O)(=O)C(F)(F)F)C(F)(F)F.[Li+],53,-1634915.9420731864,0.8882714509963989,-0.30564743280410767,1.6376711130142212,3
1213,140137614,6079614,COCCOCCOCCOCCOC.O=S(=O)([N-]S(=O)(=O)C(F)(F)F)C(F)(F)F.[Li+],53,-1634924.2648620415,0.4564417898654938,1.0608255863189697,-1.6045763492584229,3
1214,140137692,6079614,COCCOCCOCCOCCOC.O=S(=O)([N-]S(=O)(=O)C(F)(F)F)C(F)(F)F.[Li+],53,-1634925.883674885,0.2854275703430176,1.0820350646972656,-1.4583752155303955,3
1215,140123809,6079614,COCCOCCOCCOCCOC.O=S(=O)([N-]S(=O)(=O)C(F)(F)F)C(F)(F)F.[Li+],53,-1634917.1207047664,-1.2956427335739136,0.27899810671806335,-0.22594808042049408,3
1216,140123991,6079614,COCCOCCOCCOCCOC.O=S(=O)([N-]S(=O)(=O)C(F)(F)F)C(F)(F)F.[Li+],53,-1634920.4080917237,0.44871053099632263,1.2595157623291016,-0.7753715515136719,3
1217,140123586,6079614,COCCOCCOCCOCCOC.O=S(=O)([N-]S(=O)(=O)C(F)(F)F)C(F)(F)F.[Li+],53,-1634931.2155042347,0.37924012541770935,0.13026225566864014,1.6117308139801025,3
1218,140137656,6079614,COCCOCCOCCOCCOC.O=S(=O)([N-]S(=O)(=O)C(F)(F)F)C(F)(F)F.[Li+],53,-1634943.7098851774,0.9025858044624329,-0.9921648502349854,0.3745357394218445,3
1219,140137661,6079614,COCCOCCOCCOCCOC.O=S(=O)([N-]S(=O)(=O)C(F)(F)F)C(F)(F)F.[Li+],53,-1634922.4441696526,-0.4889279901981354,0.3528130054473877,-0.9972767233848572,3
1220,140123711,6079614,COCCOCCOCCOCCOC.O=S(=O)([N-]S(=O)(=O)C(F)(F)F)C(F)(F)F.[Li+],53,-1634918.0367222189,-0.24613617360591888,0.8066194653511047,1.5044665336608887,3
1221,140123444,6079614,COCCOCCOCCOCCOC.O=S(=O)([N-]S(=O)(=O)C(F)(F)F)C(F)(F)F.[Li+],53,-1634923.8080336715,-0.9607952833175659,0.5561810731887817,1.0466119050979614,3
1222,140124021,6079614,COCCOCCOCCOCCOC.O=S(=O)([N-]S(=O)(=O)C(F)(F)F)C(F)(F)F.[Li+],53,-1634916.2413307796,-0.08154091238975525,1.0626142024993896,-0.407275915145874,3
1223,140137687,6079614,COCCOCCOCCOCCOC.O=S(=O)([N-]S(=O)(=O)C(F)(F)F)C(F)(F)F.[Li+],53,-1634916.5618140504,-0.24077561497688293,-0.45908766984939575,0.10815852880477905,3
1224,140124066,6079614,COCCOCCOCCOCCOC.O=S(=O)([N-]S(=O)(=O)C(F)(F)F)C(F)(F)F.[Li+],53,-1634920.1451149166,0.3708685338497162,1.6920175552368164,-0.6910524368286133,3
1225,140123598,6079614,COCCOCCOCCOCCOC.O=S(=O)([N-]S(=O)(=O)C(F)(F)F)C(F)(F)F.[Li+],53,-1634921.1679165626,-1.156453251838684,0.3675823211669922,0.0055669439025223255,3
1226,140123823,6079614,COCCOCCOCCOCCOC.O=S(=O)([N-]S(=O)(=O)C(F)(F)F)C(F)(F)F.[Li+],53,-1634929.7008828775,1.2407511472702026,-0.18740808963775635,0.7255706787109375,3
1227,140123631,6079614,COCCOCCOCCOCCOC.O=S(=O)([N-]S(=O)(=O)C(F)(F)F)C(F)(F)F.[Li+],53,-1634928.1316197882,0.4674221873283386,1.14531409740448,1.02493155002594,3
1228,140137581,6079614,COCCOCCOCCOCCOC.O=S(=O)([N-]S(=O)(=O)C(F)(F)F)C(F)(F)F.[Li+],53,-1634938.3188282843,1.3570959568023682,1.2187585830688477,-0.6458660364151001,3
1229,140123701,6079614,COCCOCCOCCOCCOC.O=S(=O)([N-]S(=O)(=O)C(F)(F)F)C(F)(F)F.[Li+],53,-1634917.6773827355,-0.1333579421043396,0.6707214713096619,1.4817543029785156,3
1230,140124023,6079614,COCCOCCOCCOCCOC.O=S(=O)([N-]S(=O)(=O)C(F)(F)F)C(F)(F)F.[Li+],53,-1634922.1743232475,-0.30072081089019775,-0.19466841220855713,-0.6561479568481445,3
