,geom_id,species_id,smiles,num_atoms,energy,dipole_x,dipole_y,dipole_z,components
0,534023439,5387528,COCCOCCOCCOC,30,-386871.9717121437,0.09921543300151825,-0.1829259693622589,0.47480419278144836,0
1,416488978,5387528,COCCOCCOCCOC,30,-386917.2148140304,-0.07004717737436295,-0.0909867212176323,0.39174985885620117,0
2,534022962,5387528,COCCOCCOCCOC,30,-386892.96969220834,-0.25928622484207153,-0.3335615396499634,0.3238828778266907,0
3,416489435,5387528,COCCOCCOCCOC,30,-386920.4634989647,-0.09857513010501862,-0.07371437549591064,0.3014298975467682,0
4,534022718,5387528,COCCOCCOCCOC,30,-386891.98989132326,-0.015076258219778538,-0.19798634946346283,0.26921889185905457,0
5,534023538,5387528,COCCOCCOCCOC,30,-386890.7915523238,0.0009683942189440131,0.08838317543268204,0.3423352837562561,0
6,416488275,5387528,COCCOCCOCCOC,30,-386919.59719454154,-0.07229089736938477,-0.08219709247350693,0.36974138021469116,0
7,416487924,5387528,COCCOCCOCCOC,30,-386917.89353795757,0.14466115832328796,-0.1499105989933014,0.3315083384513855,0
8,416488869,5387528,COCCOCCOCCOC,30,-386920.18241305795,-0.09931597113609314,-0.07290473580360413,0.3147546052932739,0
9,416488303,5387528,COCCOCCOCCOC,30,-386920.4782490066,-0.10355468094348907,-0.07241261005401611,0.2827499508857727,0
10,416487884,5387528,COCCOCCOCCOC,30,-386916.0945583353,0.2042306512594223,-0.17575031518936157,0.1983567774295807,0
11,416487652,5387528,COCCOCCOCCOC,30,-386919.40690683416,-0.17147986590862274,-0.33246085047721863,0.26867911219596863,0
12,534023494,5387528,COCCOCCOCCOC,30,-386889.58620217856,0.07923369854688644,0.07870452105998993,0.23125572502613068,0
13,416489356,5387528,COCCOCCOCCOC,30,-386920.52072828996,-0.08974315971136093,-0.07721753418445587,0.3034513592720032,0
14,416489082,5387528,COCCOCCOCCOC,30,-386919.42727733665,-0.09918367862701416,-0.06961854547262192,0.2929895222187042,0
15,534022722,5387528,COCCOCCOCCOC,30,-386891.8530162515,-0.15743021667003632,-0.15269936621189117,0.32439088821411133,0
16,534023284,5387528,COCCOCCOCCOC,30,-386891.1190676132,0.10899461805820465,-0.15807580947875977,0.2862478196620941,0
17,416489491,5387528,COCCOCCOCCOC,30,-386919.0616407701,-0.08749944716691971,-0.0679040178656578,0.31192877888679504,0
18,534943967,5387528,COCCOCCOCCOC,30,-386897.8560869029,0.11085732281208038,-0.13722093403339386,-0.3533157408237457,0
19,534944275,5387528,COCCOCCOCCOC,30,-386882.1268826355,-0.5527731776237488,0.15024398267269135,0.026162520051002502,0
20,416488311,5387528,COCCOCCOCCOC,30,-386919.0705563137,-0.057706769555807114,-0.11102137714624405,0.1550118774175644,0
21,416489200,5387528,COCCOCCOCCOC,30,-386904.40445468796,-0.03839709609746933,-0.03550778701901436,0.01303363498300314,0
22,534022572,5387528,COCCOCCOCCOC,30,-386890.8348205139,-0.13509364426136017,-0.040116921067237854,0.3538607656955719,0
23,534023120,5387528,COCCOCCOCCOC,30,-386891.6764369567,-0.0358729213476181,-0.07517491281032562,0.3345087766647339,0
24,416487811,5387528,COCCOCCOCCOC,30,-386917.4614382426,0.126161128282547,-0.17830096185207367,0.24817880988121033,0
25,534943971,5387528,COCCOCCOCCOC,30,-386889.53659983375,-0.43222662806510925,0.27545788884162903,0.32478776574134827,0
26,416487593,5387528,COCCOCCOCCOC,30,-386919.7606968037,-0.12488052248954773,-0.034724604338407516,0.30690690875053406,0
27,534023480,5387528,COCCOCCOCCOC,30,-386893.0188078901,-0.10364993661642075,-0.10885175317525864,0.3198452889919281,0
28,416487302,5387528,COCCOCCOCCOC,30,-386917.0540621831,0.12321361154317856,-0.1171174943447113,0.37759438157081604,0
29,534023414,5387528,COCCOCCOCCOC,30,-386890.77807189734,0.08036613464355469,-0.21189840137958527,0.4483824074268341,0
30,534944116,5387528,COCCOCCOCCOC,30,-386887.59833954327,0.10369756072759628,-0.30519235134124756,0.3209512531757355,0
31,416488918,5387528,COCCOCCOCCOC,30,-386918.57391514827,-0.09395012259483337,-0.0751643255352974,0.3053140640258789,0
32,416488021,5387528,COCCOCCOCCOC,30,-386913.88358229806,-0.035608332604169846,0.004640883766114712,0.22224383056163788,0
33,416488995,5387528,COCCOCCOCCOC,30,-386920.5459577344,-0.09369082003831863,-0.0764237716794014,0.30390116572380066,0
34,534022487,5387528,COCCOCCOCCOC,30,-386869.26619185566,-0.2833055853843689,0.09109784662723541,0.7757419943809509,0
35,534022808,5387528,COCCOCCOCCOC,30,-386891.3545650834,-0.3597610890865326,0.06367059797048569,0.6370658278465271,0
36,534944138,5387528,COCCOCCOCCOC,30,-386885.36031252646,0.28066498041152954,0.04459376260638237,0.4969979226589203,0
37,416489107,5387528,COCCOCCOCCOC,30,-386920.06128931243,-0.09779723733663559,-0.07120608538389206,0.3012711703777313,0
38,534022899,5387528,COCCOCCOCCOC,30,-386877.5551584585,-0.03850293159484863,-0.15269407629966736,0.15840917825698853,0
39,416487473,5387528,COCCOCCOCCOC,30,-386919.2272294498,-0.16552132368087769,-0.3254386782646179,0.2677583396434784,0
40,534023637,5387528,COCCOCCOCCOC,30,-386869.1859942793,-0.4687451720237732,0.06642232090234756,0.16407668590545654,0
41,416487512,5387528,COCCOCCOCCOC,30,-386920.38123478065,-0.09641607850790024,-0.09459042549133301,0.30340901017189026,0
42,534022768,5387528,COCCOCCOCCOC,30,-386882.8365714752,-0.26215440034866333,0.026718154549598694,0.7932842373847961,0
43,534024470,5387528,COCCOCCOCCOC,30,-386892.5163226625,-0.30466318130493164,0.08902347832918167,0.3442297577857971,0
44,534944137,5387528,COCCOCCOCCOC,30,-386883.23904391273,0.5214776396751404,-0.1295161098241806,0.10762405395507812,0
45,416488088,5387528,COCCOCCOCCOC,30,-386918.83301054646,-0.38573312759399414,0.11046044528484344,0.40601646900177,0
46,534944263,5387528,COCCOCCOCCOC,30,-386890.8019684031,-0.28255945444107056,0.4213044345378876,-0.08587487041950226,0
47,534023498,5387528,COCCOCCOCCOC,30,-386888.89133208245,-0.0026882202364504337,0.04513881355524063,0.17340078949928284,0
48,416488271,5387528,COCCOCCOCCOC,30,-386918.87363363226,-0.06487183272838593,-0.0873565673828125,0.3857542872428894,0
49,534022864,5387528,COCCOCCOCCOC,30,-386891.8123738566,-0.25628048181533813,0.046303004026412964,0.5548528432846069,0
50,416489448,5387528,COCCOCCOCCOC,30,-386916.7039606358,-0.08517636358737946,-0.08128690719604492,0.27860650420188904,0
51,534022474,5387528,COCCOCCOCCOC,30,-386882.8590155356,-0.23982837796211243,0.04445088282227516,0.7607768774032593,0
52,416488078,5387528,COCCOCCOCCOC,30,-386917.49097605795,-0.44191059470176697,0.08554678410291672,0.38723599910736084,0
53,416489058,5387528,COCCOCCOCCOC,30,-386918.8748616188,-0.0496685728430748,-0.1244889348745346,0.148233100771904,0
54,534943942,5387528,COCCOCCOCCOC,30,-386887.3225611104,-0.11017468571662903,-0.350553423166275,0.19117583334445953,0
55,416488092,5387528,COCCOCCOCCOC,30,-386919.03242956026,-0.35872921347618103,0.11578397452831268,0.40501105785369873,0
56,534023708,5387528,COCCOCCOCCOC,30,-386888.4414667365,-0.13263297080993652,0.07110553979873657,0.43403640389442444,0
57,534944312,5387528,COCCOCCOCCOC,30,-386887.90962727455,-0.346415251493454,-0.0953577309846878,0.042942728847265244,0
58,534944257,5387528,COCCOCCOCCOC,30,-386895.35349348566,-0.025797387585043907,-0.0028522650245577097,0.23333539068698883,0
59,534943894,5387528,COCCOCCOCCOC,30,-386883.6126022015,-0.0007038056501187384,-0.06275512278079987,0.09034112840890884,0
60,416488151,5387528,COCCOCCOCCOC,30,-386918.5897116313,-0.04451967775821686,-0.12318187206983566,0.1350671797990799,0
61,534022383,5387528,COCCOCCOCCOC,30,-386869.74053240987,0.13818404078483582,-0.18222744762897491,0.25657153129577637,0
62,534022814,5387528,COCCOCCOCCOC,30,-386891.6130163676,-0.3011229634284973,0.10900520533323288,0.567785918712616,0
63,416487437,5387528,COCCOCCOCCOC,30,-386915.3194269367,-0.2808555066585541,-0.33295297622680664,-0.12239339202642441,0
64,534022776,5387528,COCCOCCOCCOC,30,-386886.4731998039,-0.26988038420677185,-0.0022595864720642567,0.709261417388916,0
65,534944070,5387528,COCCOCCOCCOC,30,-386887.78060440277,-0.06205131486058235,-0.12927798926830292,0.5074068307876587,0
66,534023126,5387528,COCCOCCOCCOC,30,-386892.5140780473,-0.0966859683394432,-0.06577672809362411,0.39023643732070923,0
67,534022733,5387528,COCCOCCOCCOC,30,-386874.3969924166,-0.17358069121837616,-0.12107574194669724,0.25737589597702026,0
68,416488100,5387528,COCCOCCOCCOC,30,-386919.0525857017,-0.3000381588935852,0.1183398887515068,0.3965177536010742,0
69,534943849,5387528,COCCOCCOCCOC,30,-386885.96190036484,-0.4081861078739166,0.43990498781204224,-0.5098992586135864,0
70,416487262,5387528,COCCOCCOCCOC,30,-386916.55901025946,0.1707707643508911,-0.17950747907161713,0.23322956264019012,0
71,534023722,5387528,COCCOCCOCCOC,30,-386889.6109179212,-0.1365330070257187,0.12483289837837219,0.46174943447113037,0
72,534022865,5387528,COCCOCCOCCOC,30,-386873.48250014405,-0.15493778884410858,0.055859941989183426,0.6475064754486084,0
73,416487519,5387528,COCCOCCOCCOC,30,-386911.8345555438,-0.2710709869861603,0.07822296768426895,0.7082083821296692,0
74,534944093,5387528,COCCOCCOCCOC,30,-386886.3043711804,0.10875120013952255,-0.04260934516787529,-0.3880985379219055,0
75,534944185,5387528,COCCOCCOCCOC,30,-386889.62300608115,0.49387580156326294,-0.25769340991973877,0.11143413931131363,0
76,416488956,5387528,COCCOCCOCCOC,30,-386920.6183525361,-0.09582869708538055,-0.07505320012569427,0.2965191602706909,0
77,534024234,5387528,COCCOCCOCCOC,30,-386889.24478445377,-0.3415944576263428,-0.2394685596227646,-0.21258103847503662,0
78,416487513,5387528,COCCOCCOCCOC,30,-386920.44883164606,-0.09613561630249023,-0.0900130346417427,0.3030703365802765,0
79,534944238,5387528,COCCOCCOCCOC,30,-386882.29410662816,0.03190409019589424,-0.015150342136621475,0.25528034567832947,0
80,416487388,5387528,COCCOCCOCCOC,30,-386919.6487449594,-0.2661549746990204,0.09130952507257462,0.5430416464805603,0
81,416489273,5387528,COCCOCCOCCOC,30,-386920.4541594682,-0.10458657890558243,-0.0696820542216301,0.3042186498641968,0
82,416487873,5387528,COCCOCCOCCOC,30,-386920.25109301927,-0.09127777069807053,-0.06756534427404404,0.3344346880912781,0
83,534943981,5387528,COCCOCCOCCOC,30,-386879.36918501,-0.42614638805389404,-0.5390304923057556,-0.06702028959989548,0
84,416489361,5387528,COCCOCCOCCOC,30,-386906.9743845348,-0.20933718979358673,-0.03734932467341423,0.1547684520483017,0
85,416487404,5387528,COCCOCCOCCOC,30,-386919.2559264959,-0.19082129001617432,0.03316882625222206,0.42485517263412476,0
86,416489008,5387528,COCCOCCOCCOC,30,-386920.14520763594,-0.09215091168880463,-0.0834776982665062,0.30655762553215027,0
87,416487808,5387528,COCCOCCOCCOC,30,-386917.141484288,0.14042244851589203,-0.17874017357826233,0.24458570778369904,0
88,534022807,5387528,COCCOCCOCCOC,30,-386871.50776959094,-0.49065306782722473,0.2107924371957779,0.8244421482086182,0
89,416487477,5387528,COCCOCCOCCOC,30,-386918.7073224175,-0.14993706345558167,-0.30529290437698364,0.2639218270778656,0
90,534022557,5387528,COCCOCCOCCOC,30,-386873.6374167425,-0.143142431974411,0.14891046285629272,0.4413866698741913,0
91,416487249,5387528,COCCOCCOCCOC,30,-386916.21704134665,0.21710552275180817,-0.17287689447402954,0.17706267535686493,0
92,534024186,5387528,COCCOCCOCCOC,30,-386886.9526156221,-0.21141156554222107,0.08326073735952377,0.7750805616378784,0
93,416487747,5387528,COCCOCCOCCOC,30,-386918.8173156943,-0.0827474370598793,-0.09117722511291504,0.3039117455482483,0
94,534022649,5387528,COCCOCCOCCOC,30,-386871.7222444313,-0.20589224994182587,-0.20257960259914398,-0.1678708791732788,0
95,416488247,5387528,COCCOCCOCCOC,30,-386920.63359682146,-0.09527306258678436,-0.07452402263879776,0.29729172587394714,0
96,416487657,5387528,COCCOCCOCCOC,30,-386918.74242151296,-0.15104833245277405,-0.30665817856788635,0.26431870460510254,0
97,534024476,5387528,COCCOCCOCCOC,30,-386891.1005372503,-0.36180901527404785,0.15608079731464386,0.47232770919799805,0
98,534022918,5387528,COCCOCCOCCOC,30,-386888.091118903,-0.2906717360019684,-0.3504687547683716,-0.19363650679588318,0
99,416488184,5387528,COCCOCCOCCOC,30,-386920.67929374555,-0.09520426392555237,-0.07410068064928055,0.3044779598712921,0
100,534023554,5387528,COCCOCCOCCOC,30,-386887.5844011886,0.04625537618994713,0.011197389103472233,0.24801474809646606,0
101,534023064,5387528,COCCOCCOCCOC,30,-386890.50472164503,-0.07480977475643158,-0.033417537808418274,0.31056880950927734,0
102,534023502,5387528,COCCOCCOCCOC,30,-386890.7478280767,0.06853903084993362,0.05667487904429436,0.17557041347026825,0
103,534944186,5387528,COCCOCCOCCOC,30,-386885.43871027953,0.24920012056827545,0.040116921067237854,0.1580493450164795,0
104,416488290,5387528,COCCOCCOCCOC,30,-386918.2066637714,-0.0859965831041336,-0.10126334428787231,0.11626023054122925,0
105,416487392,5387528,COCCOCCOCCOC,30,-386919.39381697716,-0.2528937757015228,0.08586428314447403,0.5348182320594788,0
106,416487997,5387528,COCCOCCOCCOC,30,-386917.8694885642,0.0187222883105278,0.1377183496952057,0.32684630155563354,0
107,416489470,5387528,COCCOCCOCCOC,30,-386918.8080796434,-0.10937563329935074,-0.08372112363576889,0.2838030159473419,0
108,534022661,5387528,COCCOCCOCCOC,30,-386874.1350415089,-0.3136327266693115,-0.3196336030960083,0.44224926829338074,0
109,534023270,5387528,COCCOCCOCCOC,30,-386891.5732755607,0.10075533390045166,-0.22839286923408508,0.3340960144996643,0
110,416489079,5387528,COCCOCCOCCOC,30,-386918.8887082309,-0.09960173070430756,-0.06911583244800568,0.29166656732559204,0
111,534024374,5387528,COCCOCCOCCOC,30,-386891.2064870022,0.018171943724155426,-0.0033920255955308676,0.4035346210002899,0
112,416489158,5387528,COCCOCCOCCOC,30,-386919.02131683053,-0.1006653755903244,-0.06571321934461594,0.3025200068950653,0
113,534943980,5387528,COCCOCCOCCOC,30,-386876.8806423205,-0.86009281873703,-0.45651060342788696,-0.18122731149196625,0
114,534944230,5387528,COCCOCCOCCOC,30,-386897.16193792375,-0.04090539366006851,0.3214539885520935,-0.45066314935684204,0
115,416488226,5387528,COCCOCCOCCOC,30,-386920.63779307203,-0.09522543102502823,-0.07468806952238083,0.29593706130981445,0
116,534023534,5387528,COCCOCCOCCOC,30,-386891.2657159548,0.09783957153558731,0.2507135570049286,0.32243824005126953,0
117,416489330,5387528,COCCOCCOCCOC,30,-386918.64624216326,-0.10557614266872406,-0.10048016160726547,0.3766418695449829,0
118,534023247,5387528,COCCOCCOCCOC,30,-386876.0811435889,0.21413154900074005,-0.18309001624584198,0.3029009997844696,0
119,416487268,5387528,COCCOCCOCCOC,30,-386917.16334757645,0.14113683998584747,-0.17880895733833313,0.24759142100811005,0
120,416487304,5387528,COCCOCCOCCOC,30,-386916.96749554493,0.11395300924777985,-0.10611061006784439,0.3908820152282715,0
121,534943949,5387528,COCCOCCOCCOC,30,-386888.1195995958,0.03857172280550003,0.08680622279644012,-0.8035184741020203,0
122,534023310,5387528,COCCOCCOCCOC,30,-386888.9086490359,0.06480304151773453,-0.10741239041090012,0.38601887226104736,0
123,416488908,5387528,COCCOCCOCCOC,30,-386919.99667647225,-0.09479150921106339,-0.07712757587432861,0.30976971983909607,0
124,416489400,5387528,COCCOCCOCCOC,30,-386904.0136617718,-0.11665710806846619,-0.06803102046251297,0.3245866894721985,0
125,416487381,5387528,COCCOCCOCCOC,30,-386920.2366300623,-0.2977256774902344,0.10807914286851883,0.5664577484130859,0
126,534022770,5387528,COCCOCCOCCOC,30,-386885.65297408035,-0.277743935585022,0.13982447981834412,0.7022392749786377,0
127,534944270,5387528,COCCOCCOCCOC,30,-386885.5367596044,0.3745357394218445,0.14091458916664124,0.11633960157632828,0
128,534023148,5387528,COCCOCCOCCOC,30,-386894.95253240847,-0.09061630070209503,-0.0740160122513771,0.24543768167495728,0
129,416487420,5387528,COCCOCCOCCOC,30,-386920.06885102246,-0.08612887561321259,-0.07797954976558685,0.22891676425933838,0
130,416489051,5387528,COCCOCCOCCOC,30,-386920.3589874801,-0.09574931859970093,-0.07283065468072891,0.3080340325832367,0
131,534944320,5387528,COCCOCCOCCOC,30,-386893.97028947476,0.18125376105308533,-0.3321751058101654,0.6371134519577026,0
132,416487409,5387528,COCCOCCOCCOC,30,-386919.45739613345,-0.1436980664730072,-0.013298221863806248,0.3469761908054352,0
133,416487471,5387528,COCCOCCOCCOC,30,-386919.47175845486,-0.17395111918449402,-0.334963858127594,0.27036190032958984,0
134,416489290,5387528,COCCOCCOCCOC,30,-386918.6144797753,-0.0900818333029747,-0.05028241500258446,0.2417757511138916,0
135,416488145,5387528,COCCOCCOCCOC,30,-386920.5856200575,-0.09878679364919662,-0.06264398992061615,0.30765300989151,0
136,534023092,5387528,COCCOCCOCCOC,30,-386894.8403539975,-0.1405177116394043,-0.05469575524330139,0.3150985538959503,0
137,416489076,5387528,COCCOCCOCCOC,30,-386920.61876994476,-0.09562760591506958,-0.07540774345397949,0.29614871740341187,0
138,534022785,5387528,COCCOCCOCCOC,30,-386869.5072835088,-0.30906063318252563,0.09835287183523178,0.8286861181259155,0
139,534022384,5387528,COCCOCCOCCOC,30,-386889.2050587272,0.22215387225151062,-0.1939593106508255,0.27716711163520813,0
140,534023525,5387528,COCCOCCOCCOC,30,-386874.59814764175,-0.045297566801309586,0.07424885034561157,0.3490505516529083,0
141,534023558,5387528,COCCOCCOCCOC,30,-386886.8098443264,-0.019690683111548424,-0.008144036866724491,0.21258103847503662,0
142,416487981,5387528,COCCOCCOCCOC,30,-386918.27438353596,0.07456635683774948,0.03673547878861427,0.23341475427150726,0
143,534024212,5387528,COCCOCCOCCOC,30,-386892.0048575101,-0.3041340112686157,0.09081738442182541,0.4589341878890991,0
144,534024376,5387528,COCCOCCOCCOC,30,-386888.6206173348,-0.021225295960903168,0.04775824025273323,0.49851664900779724,0
145,534022817,5387528,COCCOCCOCCOC,30,-386872.83384792286,-0.3104047477245331,0.11887966096401215,0.5845978856086731,0
146,534022414,5387528,COCCOCCOCCOC,30,-386894.069483461,-0.13096076250076294,-0.04482659697532654,0.21434850990772247,0
147,416488036,5387528,COCCOCCOCCOC,30,-386916.47891010204,-0.06753888726234436,0.007932365871965885,0.26141881942749023,0
148,534944061,5387528,COCCOCCOCCOC,30,-386887.88999422314,-0.3864104747772217,-0.12545204162597656,-0.17099301517009735,0
149,416487986,5387528,COCCOCCOCCOC,30,-386918.4813966129,0.03963008150458336,0.017155924811959267,0.28856033086776733,0
150,416487666,5387528,COCCOCCOCCOC,30,-386917.98982493026,-0.12218701094388962,-0.25737589597702026,0.2563016712665558,0
151,534024408,5387528,COCCOCCOCCOC,30,-386890.96242876793,-0.1719243824481964,0.12394917756319046,0.4041590690612793,0
152,534023401,5387528,COCCOCCOCCOC,30,-386875.27205949125,0.14837069809436798,-0.11995917558670044,0.3638781011104584,0
153,416489029,5387528,COCCOCCOCCOC,30,-386920.1751819814,-0.10084529221057892,-0.06532692164182663,0.2946564257144928,0
154,416488039,5387528,COCCOCCOCCOC,30,-386917.3603956467,-0.07564587891101837,0.0038047838024795055,0.2709863483905792,0
155,534022598,5387528,COCCOCCOCCOC,30,-386889.66356099624,-0.10277149826288223,-0.10182427614927292,0.0796729177236557,0
156,416487563,5387528,COCCOCCOCCOC,30,-386920.0710071858,-0.28731146454811096,0.10298316925764084,0.5571283102035522,0
157,416488089,5387528,COCCOCCOCCOC,30,-386918.89960930165,-0.37917134165763855,0.11202152073383331,0.40613290667533875,0
158,416489163,5387528,COCCOCCOCCOC,30,-386919.7496915206,-0.09960702061653137,-0.0681474357843399,0.30113884806632996,0
159,416487380,5387528,COCCOCCOCCOC,30,-386920.29904531536,-0.3023453950881958,0.11070387065410614,0.571215033531189,0
160,416487951,5387528,COCCOCCOCCOC,30,-386917.84602633317,0.027046246454119682,-0.008514460176229477,0.43159162998199463,0
161,416487980,5387528,COCCOCCOCCOC,30,-386918.1033784034,0.07868335396051407,0.037158820778131485,0.23043020069599152,0
162,534023084,5387528,COCCOCCOCCOC,30,-386891.68761607754,-0.056796588003635406,-0.09298700839281082,0.334334135055542,0
163,534022609,5387528,COCCOCCOCCOC,30,-386875.0385713559,-0.10756056010723114,-0.10372931510210037,0.2590216398239136,0
164,534944302,5387528,COCCOCCOCCOC,30,-386869.7220773286,-0.13991974294185638,-0.1890326589345932,-0.20163767039775848,0
165,534022844,5387528,COCCOCCOCCOC,30,-386890.1205643955,-0.3567924201488495,0.10525333881378174,0.40823373198509216,0
166,416488273,5387528,COCCOCCOCCOC,30,-386919.2592224267,-0.06853903084993362,-0.08465776592493057,0.37790659070014954,0
167,416488321,5387528,COCCOCCOCCOC,30,-386920.43784158764,-0.09922072291374207,-0.07149183750152588,0.2875707447528839,0
168,534024290,5387528,COCCOCCOCCOC,30,-386891.45593333093,-0.26991739869117737,-0.291444331407547,-0.18991640210151672,0
169,416487896,5387528,COCCOCCOCCOC,30,-386916.93509865075,0.14843948185443878,-0.1773378551006317,0.24200859665870667,0
170,416488878,5387528,COCCOCCOCCOC,30,-386918.714969167,-0.0907433032989502,-0.07528603821992874,0.33040764927864075,0
171,534024253,5387528,COCCOCCOCCOC,30,-386864.5910245403,-0.21884121000766754,0.013822107575833797,0.7736994028091431,0
172,416487423,5387528,COCCOCCOCCOC,30,-386920.3651460721,-0.048679009079933167,-0.11775778979063034,0.17009872198104858,0
173,534944253,5387528,COCCOCCOCCOC,30,-386887.84628533997,-0.3508974015712738,-0.18169298768043518,0.1651085764169693,0
174,416489362,5387528,COCCOCCOCCOC,30,-386908.9589440462,-0.2015053778886795,-0.038968607783317566,0.16904036700725555,0
175,416487306,5387528,COCCOCCOCCOC,30,-386916.93134866736,0.1031789630651474,-0.0941353291273117,0.40497928857803345,0
176,534023014,5387528,COCCOCCOCCOC,30,-386890.02700794564,-0.11800651252269745,-0.2651495039463043,0.3748902678489685,0
177,534023244,5387528,COCCOCCOCCOC,30,-386888.33310310554,0.053198181092739105,-0.1431000977754593,0.35426825284957886,0
178,534024448,5387528,COCCOCCOCCOC,30,-386892.1076549036,-0.062220651656389236,-0.10819026827812195,0.45511355996131897,0
179,416487626,5387528,COCCOCCOCCOC,30,-386917.39683775365,-0.2972123622894287,-0.30072081089019775,-0.12772749364376068,0
180,534023710,5387528,COCCOCCOCCOC,30,-386894.17440065613,-0.1858946532011032,0.01888633333146572,0.4271094799041748,0
181,416487663,5387528,COCCOCCOCCOC,30,-386918.1335162194,-0.1302887201309204,-0.27480700612068176,0.25730711221694946,0
182,416489411,5387528,COCCOCCOCCOC,30,-386919.0279483808,-0.1051686704158783,-0.07178287953138351,0.3088383972644806,0
183,416488875,5387528,COCCOCCOCCOC,30,-386920.55873268965,-0.0964372530579567,-0.07442347705364227,0.30136638879776,0
184,534023060,5387528,COCCOCCOCCOC,30,-386890.12961274263,0.03193584457039833,-0.09537360072135925,0.36704257130622864,0
185,416488696,5387528,COCCOCCOCCOC,30,-386919.4086597379,-0.054669298231601715,-0.11760962754487991,0.16548429429531097,0
186,416487595,5387528,COCCOCCOCCOC,30,-386919.8587876684,-0.11484202742576599,-0.04643529653549194,0.28570276498794556,0
187,534024158,5387528,COCCOCCOCCOC,30,-386887.66024182615,0.18511147797107697,-0.11846160143613815,0.11794830113649368,0
188,534023052,5387528,COCCOCCOCCOC,30,-386892.0602334987,-0.09620441496372223,-0.1676539182662964,0.3672383725643158,0
189,534023460,5387528,COCCOCCOCCOC,30,-386891.3479857394,-0.006212539970874786,0.011753025464713573,0.46883511543273926,0
190,416488859,5387528,COCCOCCOCCOC,30,-386918.8165829151,-0.1039145216345787,-0.07332278788089752,0.33097386360168457,0
191,534944107,5387528,COCCOCCOCCOC,30,-386888.4031488469,-0.2505124807357788,0.5237372517585754,-0.5286480188369751,0
192,534022983,5387528,COCCOCCOCCOC,30,-386872.2783693558,-0.13111422955989838,-0.37012240290641785,0.2335735261440277,0
193,534943938,5387528,COCCOCCOCCOC,30,-386884.02738289547,0.12127682566642761,-0.04596962034702301,-0.4636068642139435,0
194,416488034,5387528,COCCOCCOCCOC,30,-386915.90773480776,-0.06207248568534851,0.009773902595043182,0.2548093795776367,0
195,416488097,5387528,COCCOCCOCCOC,30,-386919.09439327446,-0.3222477436065674,0.11860977113246918,0.39939117431640625,0
196,416487967,5387528,COCCOCCOCCOC,30,-386920.67797667475,-0.09896142780780792,-0.0695444643497467,0.29185178875923157,0
197,534022593,5387528,COCCOCCOCCOC,30,-386873.2741181075,-0.20239968597888947,0.01972772553563118,0.28214141726493835,0
198,416488214,5387528,COCCOCCOCCOC,30,-386920.2308427789,-0.08429263532161713,-0.06309908628463745,0.2666153609752655,0
199,534943876,5387528,COCCOCCOCCOC,30,-386877.97899672703,-0.09195511788129807,-0.2226671725511551,-0.12266326695680618,0
200,534023646,5387528,COCCOCCOCCOC,30,-386890.2515448195,-0.5055705904960632,0.12356816232204437,0.3539348542690277,0
201,416489188,5387528,COCCOCCOCCOC,30,-386917.5340454374,-0.10620586574077606,-0.09908313304185867,0.3735249936580658,0
202,534022988,5387528,COCCOCCOCCOC,30,-386893.19158516335,-0.1965046525001526,-0.3173316717147827,0.2861102223396301,0
203,416489493,5387528,COCCOCCOCCOC,30,-386919.9705285258,-0.09013474732637405,-0.07024826854467392,0.3068433701992035,0
204,416487995,5387528,COCCOCCOCCOC,30,-386918.18649557553,0.01479579322040081,0.12513981759548187,0.33092623949050903,0
205,416487701,5387528,COCCOCCOCCOC,30,-386918.3152221273,-0.08457309752702713,-0.07403188198804855,0.32161271572113037,0
206,416487955,5387528,COCCOCCOCCOC,30,-386918.38795266475,0.005233562085777521,0.009620441123843193,0.42671260237693787,0
207,416488023,5387528,COCCOCCOCCOC,30,-386913.91398984723,-0.03773033246397972,0.006969263777136803,0.22435526549816132,0
208,416487276,5387528,COCCOCCOCCOC,30,-386917.91398575413,0.12197534739971161,-0.17780353128910065,0.2557830810546875,0
209,534022984,5387528,COCCOCCOCCOC,30,-386891.5573239385,-0.19669514894485474,-0.29701128602027893,0.2275991141796112,0
210,416489406,5387528,COCCOCCOCCOC,30,-386914.58607775,-0.11116954684257507,-0.06972967833280563,0.3171623647212982,0
211,416487396,5387528,COCCOCCOCCOC,30,-386919.29622634663,-0.24326273798942566,0.08522927761077881,0.5178051590919495,0
212,416489081,5387528,COCCOCCOCCOC,30,-386919.25885697646,-0.09934243559837341,-0.06944391876459122,0.29255032539367676,0
213,416489097,5387528,COCCOCCOCCOC,30,-386920.6154601247,-0.09542123228311539,-0.07533366233110428,0.29677844047546387,0
214,534944261,5387528,COCCOCCOCCOC,30,-386890.0192864748,0.4380052089691162,0.5483227968215942,0.15227602422237396,0
215,416488196,5387528,COCCOCCOCCOC,30,-386919.2589742448,-0.10754997283220291,-0.08154620230197906,0.3320692479610443,0
216,416489035,5387528,COCCOCCOCCOC,30,-386920.5850223302,-0.09697701036930084,-0.07268248498439789,0.2952544093132019,0
217,416487979,5387528,COCCOCCOCCOC,30,-386917.914734688,0.08356766402721405,0.04120173305273056,0.2197037935256958,0
218,534023444,5387528,COCCOCCOCCOC,30,-386891.9774260747,-0.005873866844922304,-0.07957766950130463,0.4006400406360626,0
219,534023129,5387528,COCCOCCOCCOC,30,-386877.02942083654,-0.1426502913236618,-0.046572886407375336,0.14739172160625458,0
220,416488204,5387528,COCCOCCOCCOC,30,-386920.3564175954,-0.09922072291374207,-0.07800071686506271,0.3060072958469391,0
221,416489310,5387528,COCCOCCOCCOC,30,-386918.39132561727,-0.09717809408903122,-0.08065718412399292,0.288301020860672,0
222,416487895,5387528,COCCOCCOCCOC,30,-386916.8291424142,0.15404877066612244,-0.17741723358631134,0.2398601472377777,0
223,534944285,5387528,COCCOCCOCCOC,30,-386885.67752923263,0.5479364991188049,0.18389436602592468,-0.12790212035179138,0
224,416487568,5387528,COCCOCCOCCOC,30,-386919.64318544883,-0.26540881395339966,0.0922832116484642,0.5454123020172119,0
225,534022545,5387528,COCCOCCOCCOC,30,-386878.8447667098,-0.22705934941768646,0.09572285413742065,0.4409845173358917,0
226,534023190,5387528,COCCOCCOCCOC,30,-386890.41748759535,-0.13221491873264313,-0.08653634786605835,0.2565821409225464,0
227,416488245,5387528,COCCOCCOCCOC,30,-386920.6551477226,-0.09376490116119385,-0.07102086395025253,0.3023347854614258,0
228,534944111,5387528,COCCOCCOCCOC,30,-386892.73740551213,0.00017992024368140846,0.4742538630962372,-0.059939902275800705,0
229,534943960,5387528,COCCOCCOCCOC,30,-386887.9878057645,0.5935938954353333,-0.034835733473300934,-0.6394471526145935,0
230,416487761,5387528,COCCOCCOCCOC,30,-386918.33727162867,-0.08281093835830688,-0.06288212537765503,0.3239569664001465,0
231,416489209,5387528,COCCOCCOCCOC,30,-386917.9732794426,-0.08459426462650299,-0.046805720776319504,0.2145654708147049,0
232,416487622,5387528,COCCOCCOCCOC,30,-386915.99966821825,-0.28549107909202576,-0.32816922664642334,-0.1246953159570694,0
233,534024392,5387528,COCCOCCOCCOC,30,-386889.41297840344,0.11062448471784592,-0.21297265589237213,0.25346529483795166,0
234,534944273,5387528,COCCOCCOCCOC,30,-386881.76257048233,-0.023596011102199554,0.07047052681446075,-0.6693985462188721,0
235,534944086,5387528,COCCOCCOCCOC,30,-386890.46459844697,0.1503709852695465,-0.4312952756881714,0.5416287183761597,0
236,534023412,5387528,COCCOCCOCCOC,30,-386889.5037407997,0.13254830241203308,-0.1001414880156517,0.3904057741165161,0
237,416488205,5387528,COCCOCCOCCOC,30,-386920.4453505116,-0.09821528941392899,-0.07729161530733109,0.3031444251537323,0
238,534023574,5387528,COCCOCCOCCOC,30,-386887.3109566047,0.025987891480326653,0.02134171687066555,0.22109024226665497,0
239,416489328,5387528,COCCOCCOCCOC,30,-386917.0651019384,-0.10896816104650497,-0.10681970417499542,0.40274617075920105,0
240,416488030,5387528,COCCOCCOCCOC,30,-386914.8934522099,-0.05184878036379814,0.010837549343705177,0.2419133484363556,0
241,416487495,5387528,COCCOCCOCCOC,30,-386918.4171371797,-0.10580367594957352,-0.19864782691001892,0.26471561193466187,0
242,416487941,5387528,COCCOCCOCCOC,30,-386916.97636712575,0.08254634588956833,-0.07314816117286682,0.42310887575149536,0
243,416489471,5387528,COCCOCCOCCOC,30,-386919.24615037965,-0.10741767287254333,-0.08222884684801102,0.28594619035720825,0
244,534022914,5387528,COCCOCCOCCOC,30,-386886.54207616934,-0.271049827337265,-0.41972216963768005,-0.0803714320063591,0
245,416488858,5387528,COCCOCCOCCOC,30,-386918.6277204919,-0.10422144830226898,-0.07354504615068436,0.3320692479610443,0
246,416487631,5387528,COCCOCCOCCOC,30,-386918.9757582314,-0.31524142622947693,-0.26258301734924316,-0.12756875157356262,0
247,534943830,5387528,COCCOCCOCCOC,30,-386885.28504412103,-0.24553821980953217,0.029152370989322662,-0.19655756652355194,0
248,416488209,5387528,COCCOCCOCCOC,30,-386919.44737519434,-0.07793721556663513,-0.05944247171282768,0.24763375520706177,0
249,534022660,5387528,COCCOCCOCCOC,30,-386893.64658471785,-0.19674807786941528,-0.38377517461776733,0.28762367367744446,0
250,416487413,5387528,COCCOCCOCCOC,30,-386919.7109099843,-0.1247640997171402,-0.03550249710679054,0.3070921003818512,0
251,416489243,5387528,COCCOCCOCCOC,30,-386913.4983493662,-0.09425174444913864,-0.06444849073886871,0.31738990545272827,0
252,416489227,5387528,COCCOCCOCCOC,30,-386917.11550015915,-0.078238844871521,-0.08174199610948563,0.2872796952724457,0
253,534022874,5387528,COCCOCCOCCOC,30,-386889.54455965525,-0.12536737322807312,-0.03572475165128708,0.37085795402526855,0
254,534023632,5387528,COCCOCCOCCOC,30,-386884.39223226265,-0.49433085322380066,0.05132489278912544,0.31234684586524963,0
255,416489086,5387528,COCCOCCOCCOC,30,-386919.99461194157,-0.09827349334955215,-0.07031706720590591,0.2948416471481323,0
256,534943924,5387528,COCCOCCOCCOC,30,-386888.86870190204,-0.05097034573554993,-0.3732392489910126,0.18086746335029602,0
257,416487744,5387528,COCCOCCOCCOC,30,-386919.15727256134,-0.0856473296880722,-0.09361673891544342,0.30110183358192444,0
258,534023472,5387528,COCCOCCOCCOC,30,-386889.7961619835,-0.0016616163775324821,-0.0850863978266716,0.4185103178024292,0
259,534022473,5387528,COCCOCCOCCOC,30,-386864.9538583426,-0.35509905219078064,0.10454954206943512,0.7813618779182434,0
260,534022942,5387528,COCCOCCOCCOC,30,-386891.3093561633,-0.2069188505411148,-0.3306351900100708,-0.12978599965572357,0
261,416487258,5387528,COCCOCCOCCOC,30,-386916.25281700154,0.18792669475078583,-0.1790100634098053,0.21786752343177795,0
262,416487422,5387528,COCCOCCOCCOC,30,-386920.3352233117,-0.05410837009549141,-0.11041282117366791,0.17852850258350372,0
263,416487828,5387528,COCCOCCOCCOC,30,-386918.38469407713,0.1496036797761917,-0.16512444615364075,0.30067846179008484,0
264,416488920,5387528,COCCOCCOCCOC,30,-386918.9290270399,-0.09432583302259445,-0.07491032034158707,0.30491718649864197,0
265,416487440,5387528,COCCOCCOCCOC,30,-386916.36164490983,-0.28845450282096863,-0.31130436062812805,-0.1262352168560028,0
266,534022866,5387528,COCCOCCOCCOC,30,-386893.37394775363,-0.25960904359817505,0.0557805672287941,0.5724215507507324,0
267,416487983,5387528,COCCOCCOCCOC,30,-386918.11750077514,0.04872134327888489,0.007106849458068609,0.28343260288238525,0
268,534023666,5387528,COCCOCCOCCOC,30,-386892.5510896429,-0.3780600428581238,-0.003423776477575302,0.2780773341655731,0
269,534943914,5387528,COCCOCCOCCOC,30,-386892.88831614226,-0.09813591092824936,-0.3360169231891632,-0.11710690706968307,0
270,416487883,5387528,COCCOCCOCCOC,30,-386916.0919637198,0.20756974816322327,-0.1750941425561905,0.19386406242847443,0
271,416488074,5387528,COCCOCCOCCOC,30,-386916.6319401567,-0.4600190222263336,0.07099441438913345,0.37385839223861694,0
272,416488129,5387528,COCCOCCOCCOC,30,-386919.19948901044,-0.13926886022090912,0.03357629105448723,0.37494319677352905,0
273,534944082,5387528,COCCOCCOCCOC,30,-386892.7420998126,-0.27573835849761963,0.09039933979511261,0.02619956247508526,0
274,534943928,5387528,COCCOCCOCCOC,30,-386889.0609888057,-0.017198259010910988,-0.11951467394828796,-0.3083250820636749,0
275,534943944,5387528,COCCOCCOCCOC,30,-386885.77119989303,0.04228125885128975,0.06550683826208115,-0.5160641670227051,0
276,416487252,5387528,COCCOCCOCCOC,30,-386916.1104195063,0.20923136174678802,-0.1754857450723648,0.19054612517356873,0
277,534024402,5387528,COCCOCCOCCOC,30,-386889.41856839403,0.05489684268832207,-0.08628233522176743,0.3703922927379608,0
278,416487655,5387528,COCCOCCOCCOC,30,-386919.0126822362,-0.15881136059761047,-0.31734225153923035,0.26578453183174133,0
279,416487606,5387528,COCCOCCOCCOC,30,-386920.61151948816,-0.09659600257873535,-0.07166646420955658,0.2986146807670593,0
280,534944150,5387528,COCCOCCOCCOC,30,-386897.7004911271,0.18563535809516907,-0.17424216866493225,0.3226763606071472,0
281,534022401,5387528,COCCOCCOCCOC,30,-386871.4982000783,0.17811575531959534,-0.18727579712867737,0.36841315031051636,0
282,534944095,5387528,COCCOCCOCCOC,30,-386896.2829691533,0.44592174887657166,-0.1867995411157608,0.18282541632652283,0
283,416487410,5387528,COCCOCCOCCOC,30,-386919.5244071718,-0.13882434368133545,-0.018939251080155373,0.33690065145492554,0
284,416487959,5387528,COCCOCCOCCOC,30,-386919.1779630271,-0.043006230145692825,-0.013832691125571728,0.4014655649662018,0
285,534023764,5387528,COCCOCCOCCOC,30,-386890.46199187875,-0.12336178123950958,-0.07664602249860764,0.3030121326446533,0
286,416488894,5387528,COCCOCCOCCOC,30,-386920.5431823303,-0.09518309682607651,-0.07435997575521469,0.30292218923568726,0
287,416487788,5387528,COCCOCCOCCOC,30,-386916.292970502,0.21940745413303375,-0.1722365915775299,0.17062260210514069,0
288,416488136,5387528,COCCOCCOCCOC,30,-386919.9457625404,-0.11794830113649368,-0.006212539970874786,0.35335806012153625,0
289,416487749,5387528,COCCOCCOCCOC,30,-386918.6163780787,-0.08122340589761734,-0.08831966668367386,0.3066846430301666,0
290,534024386,5387528,COCCOCCOCCOC,30,-386887.6609266003,0.2761934697628021,-0.10754997283220291,0.26852038502693176,0
291,416489429,5387528,COCCOCCOCCOC,30,-386918.40943663823,-0.10944442451000214,-0.06436911225318909,0.32761889696121216,0
292,534023341,5387528,COCCOCCOCCOC,30,-386876.79597644624,0.2255723476409912,-0.1874610036611557,0.21171320974826813,0
293,534022699,5387528,COCCOCCOCCOC,30,-386872.41224211594,-0.18378323316574097,-0.27961722016334534,0.2237890213727951,0
294,416487412,5387528,COCCOCCOCCOC,30,-386919.6526871791,-0.1294420212507248,-0.02998317964375019,0.3170776665210724,0
295,416488153,5387528,COCCOCCOCCOC,30,-386918.95347271377,-0.04421275481581688,-0.12397033721208572,0.13801999390125275,0
296,416488898,5387528,COCCOCCOCCOC,30,-386918.13400757697,-0.09290763735771179,-0.08111228048801422,0.32128992676734924,0
297,534022966,5387528,COCCOCCOCCOC,30,-386893.1383272433,-0.2236514538526535,-0.37889617681503296,0.26742497086524963,0
298,416489151,5387528,COCCOCCOCCOC,30,-386920.45009783976,-0.09510372579097748,-0.07648726552724838,0.29931849241256714,0
299,534023070,5387528,COCCOCCOCCOC,30,-386892.08040537185,-0.13955460488796234,-0.1256372481584549,0.31762802600860596,0
300,416488016,5387528,COCCOCCOCCOC,30,-386914.246483099,-0.03760332986712456,-0.000481551222037524,0.22653017938137054,0
301,416489483,5387528,COCCOCCOCCOC,30,-386910.217449102,-0.0783129334449768,-0.060781292617321014,0.32872486114501953,0
302,416488874,5387528,COCCOCCOCCOC,30,-386920.51736004563,-0.09750618785619736,-0.0742911845445633,0.3047425448894501,0
303,416489137,5387528,COCCOCCOCCOC,30,-386920.6281304057,-0.09551648050546646,-0.07531249523162842,0.2963709533214569,0
304,534024359,5387528,COCCOCCOCCOC,30,-386870.3806628465,0.19150392711162567,-0.12552082538604736,0.1572502851486206,0
305,416487877,5387528,COCCOCCOCCOC,30,-386920.6638326627,-0.09820999205112457,-0.07106849551200867,0.2922486662864685,0
306,534022498,5387528,COCCOCCOCCOC,30,-386889.2974471467,-0.3429703116416931,0.15482136607170105,0.7319737076759338,0
307,534024355,5387528,COCCOCCOCCOC,30,-386873.6511369441,0.2924180030822754,-0.1838626116514206,0.28563398122787476,0
308,534022433,5387528,COCCOCCOCCOC,30,-386870.94434493285,0.08206479996442795,-0.07796367257833481,0.4153299927711487,0
309,534944054,5387528,COCCOCCOCCOC,30,-386891.17523854144,0.028887780383229256,-0.25527507066726685,0.2135917842388153,0
310,416487954,5387528,COCCOCCOCCOC,30,-386918.24758627784,0.010779338888823986,0.006032620090991259,0.42844828963279724,0
311,416489047,5387528,COCCOCCOCCOC,30,-386920.0031160786,-0.09610915929079056,-0.07155004888772964,0.31539487838745117,0
312,534023352,5387528,COCCOCCOCCOC,30,-386890.3261921311,0.15339787304401398,-0.14370864629745483,0.18313764035701752,0
313,534024166,5387528,COCCOCCOCCOC,30,-386890.93119628984,0.09763848036527634,-0.11478911340236664,0.3162521421909332,0
314,534023700,5387528,COCCOCCOCCOC,30,-386890.9859602471,-0.22444520890712738,0.12526153028011322,0.3651058077812195,0
315,416487548,5387528,COCCOCCOCCOC,30,-386919.07925484114,-0.31126201152801514,0.12824079394340515,0.6792253851890564,0
316,416487463,5387528,COCCOCCOCCOC,30,-386919.99695324345,-0.21284034848213196,-0.36838141083717346,0.2860414385795593,0
317,416488086,5387528,COCCOCCOCCOC,30,-386918.66592807043,-0.3981264531612396,0.10681970417499542,0.40448716282844543,0
318,416489350,5387528,COCCOCCOCCOC,30,-386918.4898881909,-0.05718288570642471,-0.08638288825750351,0.3480292558670044,0
319,534023002,5387528,COCCOCCOCCOC,30,-386892.64010421437,-0.12592829763889313,-0.324274480342865,0.19066783785820007,0
320,416488970,5387528,COCCOCCOCCOC,30,-386920.4701937052,-0.10793627798557281,-0.06786168366670609,0.26467326283454895,0
321,416487291,5387528,COCCOCCOCCOC,30,-386918.14160904847,0.14807435870170593,-0.15771597623825073,0.31490805745124817,0
322,416487849,5387528,COCCOCCOCCOC,30,-386916.9538671605,0.08928277343511581,-0.08084768801927567,0.4178859293460846,0
323,534023599,5387528,COCCOCCOCCOC,30,-386872.66085192177,-0.013536352664232254,-0.0738731324672699,0.38073769211769104,0
324,416488215,5387528,COCCOCCOCCOC,30,-386920.34077024757,-0.08538802713155746,-0.06397751718759537,0.2697163224220276,0
325,534022822,5387528,COCCOCCOCCOC,30,-386892.7074785769,-0.3458278775215149,0.12981773912906647,0.6427333354949951,0
326,416487845,5387528,COCCOCCOCCOC,30,-386916.94673951063,0.11130183935165405,-0.10381926596164703,0.3949460983276367,0
327,416489345,5387528,COCCOCCOCCOC,30,-386915.3504898228,-0.03254968672990799,-0.09269067645072937,0.3827062249183655,0
328,534022450,5387528,COCCOCCOCCOC,30,-386892.20026856754,-0.0674806758761406,0.008149328641593456,0.42048946022987366,0
329,416488699,5387528,COCCOCCOCCOC,30,-386919.767110012,-0.052933596074581146,-0.11919716745615005,0.1644788533449173,0
330,534943909,5387528,COCCOCCOCCOC,30,-386888.91213901207,-0.3063935935497284,0.14298896491527557,0.12729886174201965,0
331,534944127,5387528,COCCOCCOCCOC,30,-386884.9026055498,0.26278939843177795,-0.1242031678557396,-0.3470079302787781,0
332,416489056,5387528,COCCOCCOCCOC,30,-386920.59345727117,-0.09561702609062195,-0.07442347705364227,0.2989533543586731,0
333,534022796,5387528,COCCOCCOCCOC,30,-386887.85863653175,-0.3861088156700134,0.19785405695438385,0.7188607454299927,0
334,416487264,5387528,COCCOCCOCCOC,30,-386916.74573065335,0.1614731252193451,-0.17940165102481842,0.23918280005455017,0
335,534943875,5387528,COCCOCCOCCOC,30,-386887.2474278455,-0.15869495272636414,-0.155784472823143,-0.02994084544479847,0
336,534022774,5387528,COCCOCCOCCOC,30,-386885.4773321354,-0.309685081243515,0.10368168354034424,0.7646874785423279,0
337,534023114,5387528,COCCOCCOCCOC,30,-386892.3598380898,-0.09431524574756622,-0.08198542147874832,0.27982890605926514,0
338,534023706,5387528,COCCOCCOCCOC,30,-386889.4946239586,-0.19387464225292206,0.06807335466146469,0.40022727847099304,0
339,416488032,5387528,COCCOCCOCCOC,30,-386915.37171613716,-0.05683892220258713,0.01072112936526537,0.2483110874891281,0
340,534944153,5387528,COCCOCCOCCOC,30,-386889.4718670684,0.21343302726745605,0.1533767133951187,-0.3201151490211487,0
341,534023001,5387528,COCCOCCOCCOC,30,-386871.43846747035,-0.1840001940727234,-0.18750335276126862,0.08137157559394836,0
342,416489293,5387528,COCCOCCOCCOC,30,-386919.84987715504,-0.09284413605928421,-0.06081833317875862,0.26707571744918823,0
343,534023762,5387528,COCCOCCOCCOC,30,-386893.32576402515,-0.12022905051708221,-0.07313228398561478,0.2841363847255707,0
344,534024238,5387528,COCCOCCOCCOC,30,-386892.6792067889,-0.1327652633190155,-0.29505860805511475,0.18953539431095123,0
345,416487931,5387528,COCCOCCOCCOC,30,-386917.177906516,0.12898693978786469,-0.12410792708396912,0.3684660792350769,0
346,534943878,5387528,COCCOCCOCCOC,30,-386887.56145089306,0.09937947988510132,0.13224665820598602,-0.04904942959547043,0
347,534022506,5387528,COCCOCCOCCOC,30,-386892.09468383976,-0.22782665491104126,0.11150292307138443,0.5856456756591797,0
348,534943845,5387528,COCCOCCOCCOC,30,-386889.8443137423,-0.14314772188663483,0.5584776997566223,0.2691606879234314,0
349,534022363,5387528,COCCOCCOCCOC,30,-386868.7643062573,0.016579121351242065,-0.10672973841428757,0.46596166491508484,0
350,416487611,5387528,COCCOCCOCCOC,30,-386914.3393953069,-0.2949369251728058,-0.4076569378376007,-0.049160558730363846,0
351,534943922,5387528,COCCOCCOCCOC,30,-386886.0391584647,0.21507348120212555,-0.10801564902067184,-0.0010901049245148897,0
352,416487892,5387528,COCCOCCOCCOC,30,-386916.53792494844,0.17005108296871185,-0.17766594886779785,0.23149915039539337,0
353,416487800,5387528,COCCOCCOCCOC,30,-386916.3745744087,0.17990966141223907,-0.17924819886684418,0.22263014316558838,0
354,416489167,5387528,COCCOCCOCCOC,30,-386920.1718774456,-0.09867037832736969,-0.07008951157331467,0.2998582720756531,0
355,416489288,5387528,COCCOCCOCCOC,30,-386917.5440812127,-0.088018037378788,-0.04404870793223381,0.2231222689151764,0
356,534944282,5387528,COCCOCCOCCOC,30,-386883.42300292786,-0.22023825347423553,0.35670775175094604,0.3900459110736847,0
357,416488695,5387528,COCCOCCOCCOC,30,-386919.2717678697,-0.05520376190543175,-0.11713336408138275,0.1657382994890213,0
358,534022901,5387528,COCCOCCOCCOC,30,-386875.74521634605,-0.14634394645690918,-0.034047260880470276,0.11503253877162933,0
359,416488895,5387528,COCCOCCOCCOC,30,-386920.57871395233,-0.095283642411232,-0.07455576956272125,0.3005620539188385,0
360,534022911,5387528,COCCOCCOCCOC,30,-386868.7280360754,-0.32276102900505066,-0.3235389292240143,0.022177815437316895,0
361,534023055,5387528,COCCOCCOCCOC,30,-386870.46430640185,-0.09482855349779129,-0.11346616595983505,0.3905327618122101,0
362,416487844,5387528,COCCOCCOCCOC,30,-386916.9757667824,0.11588980257511139,-0.10881999135017395,0.38860654830932617,0
363,416487919,5387528,COCCOCCOCCOC,30,-386918.34630267974,0.1499529331922531,-0.16345223784446716,0.3060549199581146,0
364,534022443,5387528,COCCOCCOCCOC,30,-386869.7498696881,-0.07147596031427383,0.0013546936679631472,0.4251091778278351,0
365,534944235,5387528,COCCOCCOCCOC,30,-386885.1663409243,-0.09880796074867249,-0.26275235414505005,0.009937946684658527,0
366,534943978,5387528,COCCOCCOCCOC,30,-386886.5493008748,-0.3878074884414673,-0.4239238500595093,0.025527507066726685,0
367,416489344,5387528,COCCOCCOCCOC,30,-386914.6062383895,-0.027707716450095177,-0.09401891380548477,0.3889293372631073,0
368,534022446,5387528,COCCOCCOCCOC,30,-386891.16113371233,-0.03317940980195999,0.003487277776002884,0.40204763412475586,0
369,416487760,5387528,COCCOCCOCCOC,30,-386918.29287983576,-0.08201716840267181,-0.06459136307239532,0.323152631521225,0
370,534944084,5387528,COCCOCCOCCOC,30,-386888.3697683097,-0.21436439454555511,0.20490798354148865,0.09215620160102844,0
371,416488095,5387528,COCCOCCOCCOC,30,-386919.0893876828,-0.33724990487098694,0.11811763793230057,0.4022328555583954,0
372,416489234,5387528,COCCOCCOCCOC,30,-386920.09830427903,-0.09136773645877838,-0.07697940617799759,0.2957729995250702,0
373,416489238,5387528,COCCOCCOCCOC,30,-386905.1694586265,-0.09301877021789551,-0.06174439564347267,0.3220307528972626,0
374,416489296,5387528,COCCOCCOCCOC,30,-386920.5439646558,-0.09528893232345581,-0.07232794165611267,0.2913331985473633,0
375,534943825,5387528,COCCOCCOCCOC,30,-386913.1393381765,0.03508973866701126,0.058892130851745605,-0.27295488119125366,0
376,534023082,5387528,COCCOCCOCCOC,30,-386890.60516416613,-0.14099925756454468,-0.06440615653991699,0.316236287355423,0
377,416489066,5387528,COCCOCCOCCOC,30,-386920.1466703662,-0.09750618785619736,-0.07690531760454178,0.28272879123687744,0
378,416487501,5387528,COCCOCCOCCOC,30,-386919.1511057565,-0.10078179836273193,-0.1596580445766449,0.27973365783691406,0
379,534943988,5387528,COCCOCCOCCOC,30,-386890.1497476448,-0.1253620833158493,0.3474259674549103,0.0097104012966156,0
380,416488047,5387528,COCCOCCOCCOC,30,-386919.44668024516,-0.0954265221953392,-0.021992603316903114,0.2897456884384155,0
381,416488146,5387528,COCCOCCOCCOC,30,-386920.60787009454,-0.09718339145183563,-0.06901528686285019,0.3018215000629425,0
382,534022876,5387528,COCCOCCOCCOC,30,-386891.5279632553,-0.23579606413841248,0.037539828568696976,0.2550898790359497,0
383,416489353,5387528,COCCOCCOCCOC,30,-386919.7849192015,-0.07313228398561478,-0.08195367455482483,0.32607367634773254,0
384,416487711,5387528,COCCOCCOCCOC,30,-386919.2852843792,-0.09471213072538376,-0.06758122146129608,0.32132697105407715,0
385,416487766,5387528,COCCOCCOCCOC,30,-386918.7223030509,-0.0874253660440445,-0.05748980492353439,0.3249729871749878,0
386,416488001,5387528,COCCOCCOCCOC,30,-386916.79038503696,-0.010133743286132812,0.039397239685058594,0.27606114745140076,0
387,416488968,5387528,COCCOCCOCCOC,30,-386920.31246082345,-0.11098962277173996,-0.0667504072189331,0.25485703349113464,0
388,534022619,5387528,COCCOCCOCCOC,30,-386873.17954912275,-0.32697856426239014,-0.2587253153324127,-0.10835960507392883,0
389,416487488,5387528,COCCOCCOCCOC,30,-386917.94483067177,-0.1173238754272461,-0.24127833545207977,0.26202207803726196,0
390,416488157,5387528,COCCOCCOCCOC,30,-386919.5779103063,-0.043837036937475204,-0.12524037063121796,0.14430132508277893,0
391,416488934,5387528,COCCOCCOCCOC,30,-386920.4841703768,-0.09564348310232162,-0.07502145320177078,0.2984612286090851,0
392,534944289,5387528,COCCOCCOCCOC,30,-386888.5241886341,-0.31714117527008057,-0.3893156349658966,0.07685239613056183,0
393,534024171,5387528,COCCOCCOCCOC,30,-386876.9571476877,-0.13349023461341858,-0.024643782526254654,0.3568982481956482,0
394,416489316,5387528,COCCOCCOCCOC,30,-386920.4421817582,-0.09599274396896362,-0.07576758414506912,0.2957306504249573,0
395,416489028,5387528,COCCOCCOCCOC,30,-386920.06254528393,-0.10154910385608673,-0.06393518298864365,0.2945559024810791,0
396,534024224,5387528,COCCOCCOCCOC,30,-386893.0844945509,-0.02110358513891697,-0.03063935786485672,0.34179553389549255,0
397,416488140,5387528,COCCOCCOCCOC,30,-386920.29975463386,-0.1085607036948204,-0.030634067952632904,0.33613333106040955,0
398,534023612,5387528,COCCOCCOCCOC,30,-386892.982738852,-0.05989227443933487,-0.07908552885055542,0.2524968981742859,0
399,534943852,5387528,COCCOCCOCCOC,30,-386879.8420968644,0.0951090157032013,0.14613227546215057,-0.0319940522313118,0
400,416487763,5387528,COCCOCCOCCOC,30,-386918.4587410039,-0.08455722033977509,-0.06018861010670662,0.324898898601532,0
401,534022678,5387528,COCCOCCOCCOC,30,-386891.0514284737,-0.1512070894241333,-0.4309830665588379,0.1346861869096756,0
402,534023509,5387528,COCCOCCOCCOC,30,-386873.50918905507,0.15842506289482117,0.04238180071115494,0.2682875394821167,0
403,416489210,5387528,COCCOCCOCCOC,30,-386918.6866294009,-0.08607596158981323,-0.050425294786691666,0.22550885379314423,0
404,416489444,5387528,COCCOCCOCCOC,30,-386911.70393316855,-0.08112815022468567,-0.08455193042755127,0.26963695883750916,0
405,416487948,5387528,COCCOCCOCCOC,30,-386917.49249746714,0.04309089854359627,-0.027199706062674522,0.4323430359363556,0
406,534022432,5387528,COCCOCCOCCOC,30,-386889.703093571,0.005625153426080942,-0.008704965002834797,0.3947291374206543,0
407,416489030,5387528,COCCOCCOCCOC,30,-386920.2735109741,-0.10020498931407928,-0.0665387436747551,0.2948998510837555,0
408,534022584,5387528,COCCOCCOCCOC,30,-386892.47583001707,-0.08747828006744385,-0.03166596218943596,0.289417564868927,0
409,534944318,5387528,COCCOCCOCCOC,30,-386896.51575225097,-0.12634633481502533,-0.22273068130016327,0.11510661989450455,0
410,534944305,5387528,COCCOCCOCCOC,30,-386892.7889482211,0.09773902595043182,-0.030983323231339455,-0.5343102216720581,0
411,534944163,5387528,COCCOCCOCCOC,30,-386887.89384874084,-0.18838177621364594,0.11005297303199768,-0.18022187054157257,0
412,416487311,5387528,COCCOCCOCCOC,30,-386917.0592970133,0.07426472753286362,-0.061183467507362366,0.42933201789855957,0
413,534944201,5387528,COCCOCCOCCOC,30,-386882.35724170425,0.31493449211120605,-0.024262772873044014,0.36973080039024353,0
414,416489017,5387528,COCCOCCOCCOC,30,-386920.61945478286,-0.09557998180389404,-0.07505849003791809,0.2963286340236664,0
415,416488251,5387528,COCCOCCOCCOC,30,-386917.7710139893,-0.06100354343652725,-0.12866942584514618,0.17288218438625336,0
416,534023242,5387528,COCCOCCOCCOC,30,-386890.944280365,0.1520431935787201,-0.15874257683753967,0.24718394875526428,0
417,416489436,5387528,COCCOCCOCCOC,30,-386920.57932115253,-0.0969611331820488,-0.07462456822395325,0.298498272895813,0
418,534944136,5387528,COCCOCCOCCOC,30,-386892.35180213384,0.3637828528881073,-0.08445139229297638,0.09312459826469421,0
419,534022670,5387528,COCCOCCOCCOC,30,-386893.1853051947,-0.17378707230091095,-0.35562822222709656,0.25100991129875183,0
420,534022970,5387528,COCCOCCOCCOC,30,-386890.9216101859,-0.15017519891262054,-0.3787321150302887,0.20842701196670532,0
421,416488020,5387528,COCCOCCOCCOC,30,-386913.9101056207,-0.03502094745635986,0.0035613623913377523,0.22185753285884857,0
422,534943862,5387528,COCCOCCOCCOC,30,-386895.236919992,0.07542891800403595,-0.11240781098604202,0.21992604434490204,0
423,534022938,5387528,COCCOCCOCCOC,30,-386886.9478361334,-0.18905383348464966,-0.29325413703918457,-0.1851220577955246,0
424,534022320,5387528,COCCOCCOCCOC,30,-386890.77180071635,0.11829756200313568,-0.19829857349395752,0.5031945705413818,0
425,534024430,5387528,COCCOCCOCCOC,30,-386892.0107672921,-0.14238570630550385,0.03605284169316292,0.2526450455188751,0
426,534022916,5387528,COCCOCCOCCOC,30,-386887.75881968654,-0.184280663728714,-0.43009933829307556,-0.028977742418646812,0
427,534024420,5387528,COCCOCCOCCOC,30,-386891.49682808196,-0.04156157746911049,0.008911344222724438,0.39582982659339905,0
428,534022656,5387528,COCCOCCOCCOC,30,-386892.7570509908,-0.3018585443496704,-0.42030954360961914,0.2258845567703247,0
429,416488868,5387528,COCCOCCOCCOC,30,-386920.0861835639,-0.10037962347269058,-0.07293649017810822,0.31766507029533386,0
430,534944242,5387528,COCCOCCOCCOC,30,-386886.2638222806,0.4812866449356079,0.22967348992824554,-0.017103007063269615,0
431,534944245,5387528,COCCOCCOCCOC,30,-386880.50335799553,-0.1057983934879303,-0.5718446969985962,-0.012964840978384018,0
432,534943993,5387528,COCCOCCOCCOC,30,-386881.09706001147,0.37624499201774597,0.48193222284317017,-0.14891046285629272,0
433,534944296,5387528,COCCOCCOCCOC,30,-386882.4922971679,-0.25642868876457214,-0.06460195034742355,-0.08645696938037872,0
434,534024372,5387528,COCCOCCOCCOC,30,-386890.1702232093,0.1943773627281189,-0.2298375368118286,0.49876004457473755,0
435,416489117,5387528,COCCOCCOCCOC,30,-386920.6281304057,-0.09551648050546646,-0.07531249523162842,0.2963709533214569,0
436,416489266,5387528,COCCOCCOCCOC,30,-386916.8883254607,-0.11953582614660263,-0.05895562842488289,0.31500858068466187,0
437,534944000,5387528,COCCOCCOCCOC,30,-386885.66008407646,-0.5697544813156128,0.09152648597955704,-0.21024207770824432,0
438,534023200,5387528,COCCOCCOCCOC,30,-386893.5642311607,-0.11908602714538574,-0.07364558428525925,0.34354710578918457,0
439,534022672,5387528,COCCOCCOCCOC,30,-386892.13439724833,-0.1824338287115097,-0.38241517543792725,0.2926773130893707,0
440,416489269,5387528,COCCOCCOCCOC,30,-386918.9942210135,-0.11310633271932602,-0.06361238658428192,0.3112090826034546,0
441,534944010,5387528,COCCOCCOCCOC,30,-386886.0223914617,-0.3285714089870453,-0.4263686239719391,0.18672017753124237,0
442,534022442,5387528,COCCOCCOCCOC,30,-386890.194701513,-0.09474388509988785,0.06827972829341888,0.37934067845344543,0
443,416487762,5387528,COCCOCCOCCOC,30,-386918.3923074029,-0.08365761488676071,-0.06144275888800621,0.3245126008987427,0
444,416489432,5387528,COCCOCCOCCOC,30,-386919.70476733916,-0.103739894926548,-0.06980904936790466,0.31280192732810974,0
445,534024344,5387528,COCCOCCOCCOC,30,-386891.6883001809,-0.15039215981960297,-0.05590227618813515,0.24811528623104095,0
446,534024366,5387528,COCCOCCOCCOC,30,-386888.71747746645,0.04676338657736778,-0.1860639899969101,0.3324079215526581,0
447,534943905,5387528,COCCOCCOCCOC,30,-386890.8263700359,-0.08879593014717102,-0.29876285791397095,-0.2449878603219986,0
448,416488029,5387528,COCCOCCOCCOC,30,-386914.6812447532,-0.049530986696481705,0.010684086941182613,0.23890231549739838,0
449,416489223,5387528,COCCOCCOCCOC,30,-386914.61853196647,-0.06975613534450531,-0.08519752323627472,0.2770507335662842,0
450,416487598,5387528,COCCOCCOCCOC,30,-386919.9776323993,-0.09955939650535583,-0.06414156407117844,0.25359228253364563,0
451,534023031,5387528,COCCOCCOCCOC,30,-386876.3946301861,-0.17085543274879456,-0.0710102915763855,0.36191487312316895,0
452,416489102,5387528,COCCOCCOCCOC,30,-386919.4585054096,-0.09869154542684555,-0.0695074200630188,0.30214959383010864,0
453,534944321,5387528,COCCOCCOCCOC,30,-386879.9275432701,-0.5443698763847351,-0.709806501865387,0.11990626156330109,0
454,416487514,5387528,COCCOCCOCCOC,30,-386920.51016811247,-0.0957069844007492,-0.08608654141426086,0.3012711703777313,0
455,534022794,5387528,COCCOCCOCCOC,30,-386888.473338685,-0.2581537961959839,0.15086312592029572,0.8132606744766235,0
456,416487370,5387528,COCCOCCOCCOC,30,-386919.35384539294,-0.30882251262664795,0.12953199446201324,0.6688693761825562,0
457,416489396,5387528,COCCOCCOCCOC,30,-386920.5692573438,-0.09426233172416687,-0.07551358640193939,0.29509037733078003,0
458,534944069,5387528,COCCOCCOCCOC,30,-386888.43441537296,-0.07582050561904907,-0.4913780391216278,0.5662090182304382,0
459,416487792,5387528,COCCOCCOCCOC,30,-386916.1137510326,0.20969703793525696,-0.17561273276805878,0.1878843605518341,0
460,416489203,5387528,COCCOCCOCCOC,30,-386910.4193671196,-0.04047147184610367,-0.05281717702746391,0.043694160878658295,0
461,534944009,5387528,COCCOCCOCCOC,30,-386883.25511404756,-0.5421684384346008,-0.7333548665046692,-0.34487536549568176,0
462,534023026,5387528,COCCOCCOCCOC,30,-386892.9822148941,-0.11113250255584717,-0.11615439504384995,0.21415799856185913,0
463,416488109,5387528,COCCOCCOCCOC,30,-386918.64627900114,-0.23884940147399902,0.10827493667602539,0.3954541087150574,0
464,534024480,5387528,COCCOCCOCCOC,30,-386889.00910052354,-0.22758322954177856,0.0884043350815773,0.46700412034988403,0
465,416487360,5387528,COCCOCCOCCOC,30,-386916.9949611495,-0.31235212087631226,0.11254540830850601,0.7117486000061035,0
466,534943972,5387528,COCCOCCOCCOC,30,-386884.7857232129,-0.7510664463043213,-0.10385631024837494,0.10318426042795181,0
467,416487996,5387528,COCCOCCOCCOC,30,-386918.0356835278,0.01656324602663517,0.1320984959602356,0.3291323482990265,0
468,534944232,5387528,COCCOCCOCCOC,30,-386886.20041413815,-0.35394546389579773,0.40498459339141846,-0.1349295973777771,0
469,534024306,5387528,COCCOCCOCCOC,30,-386891.0317265932,-0.136226087808609,-0.1956685483455658,0.31563830375671387,0
470,416487547,5387528,COCCOCCOCCOC,30,-386918.8908230633,-0.31207695603370667,0.1272141933441162,0.6842101812362671,0
471,534022484,5387528,COCCOCCOCCOC,30,-386886.1857227734,-0.30445149540901184,0.1252509355545044,0.6684830784797668,0
472,534023591,5387528,COCCOCCOCCOC,30,-386870.76186056616,-0.14416903257369995,0.04771590605378151,0.3624652028083801,0
473,416487905,5387528,COCCOCCOCCOC,30,-386917.9260732866,0.08953148871660233,-0.17528994381427765,0.2438766062259674,0
474,416488707,5387528,COCCOCCOCCOC,30,-386920.51887998276,-0.0976596474647522,-0.07502145320177078,0.2924973964691162,0
475,416487889,5387528,COCCOCCOCCOC,30,-386916.29386940366,0.18433886766433716,-0.17759186029434204,0.22034937143325806,0
476,534023163,5387528,COCCOCCOCCOC,30,-386873.40542240045,-0.17613662779331207,-0.057061173021793365,0.2158937007188797,0
477,416488130,5387528,COCCOCCOCCOC,30,-386919.30828706175,-0.13575510680675507,0.02814164012670517,0.37236079573631287,0
478,534944123,5387528,COCCOCCOCCOC,30,-386889.98049826175,0.08703906089067459,-0.35060104727745056,0.5983829498291016,0
479,416488341,5387528,COCCOCCOCCOC,30,-386920.33488590864,-0.09361144155263901,-0.07738687098026276,0.3120928406715393,0
480,534023347,5387528,COCCOCCOCCOC,30,-386869.1198962741,0.16986587643623352,-0.09546885639429092,0.26239249110221863,0
481,416488294,5387528,COCCOCCOCCOC,30,-386919.1720084215,-0.07547654211521149,-0.10660804063081741,0.12862180173397064,0
482,416487383,5387528,COCCOCCOCCOC,30,-386920.0831973574,-0.288301020860672,0.10285087674856186,0.5580490827560425,0
483,416488967,5387528,COCCOCCOCCOC,30,-386920.21430623706,-0.1125083640217781,-0.0661206915974617,0.2498510181903839,0
484,416487740,5387528,COCCOCCOCCOC,30,-386919.63716194336,-0.08966907113790512,-0.09425174444913864,0.29848238825798035,0
485,416488701,5387528,COCCOCCOCCOC,30,-386919.96326286974,-0.05175352841615677,-0.12022905051708221,0.16394966840744019,0
486,416487647,5387528,COCCOCCOCCOC,30,-386919.8971746939,-0.1958431750535965,-0.3548397421836853,0.2760399878025055,0
487,534023484,5387528,COCCOCCOCCOC,30,-386892.793694094,0.008646754547953606,-0.15104833245277405,0.3272114098072052,0
488,534022328,5387528,COCCOCCOCCOC,30,-386890.479408337,0.157038614153862,-0.134336918592453,0.26938292384147644,0
489,534022969,5387528,COCCOCCOCCOC,30,-386874.9761606636,-0.043683577328920364,-0.43780943751335144,0.09847987443208694,0
490,416489127,5387528,COCCOCCOCCOC,30,-386920.2332392602,-0.0957387313246727,-0.07625442743301392,0.3011176884174347,0
491,534944326,5387528,COCCOCCOCCOC,30,-386889.9987430182,0.075095534324646,0.0805831030011177,-0.577940821647644,0
492,534024249,5387528,COCCOCCOCCOC,30,-386867.70422811207,-0.255470871925354,0.08982782810926437,0.5341355800628662,0
493,534943945,5387528,COCCOCCOCCOC,30,-386882.04945363407,-0.46206164360046387,-0.07951945066452026,-0.20706702768802643,0
494,416489258,5387528,COCCOCCOCCOC,30,-386905.69815397164,-0.13777656853199005,-0.04544573649764061,0.31988760828971863,0
495,416487782,5387528,COCCOCCOCCOC,30,-386920.44210417353,-0.09687117487192154,-0.06838027387857437,0.30526113510131836,0
496,416487323,5387528,COCCOCCOCCOC,30,-386918.1739683761,0.0149757144972682,0.004265167750418186,0.42925792932510376,0
497,416489414,5387528,COCCOCCOCCOC,30,-386920.26274584443,-0.10065478831529617,-0.07337041944265366,0.3025888204574585,0
498,534944052,5387528,COCCOCCOCCOC,30,-386890.4812896606,0.42006611824035645,-0.2510046064853668,0.02499832957983017,0
499,416487283,5387528,COCCOCCOCCOC,30,-386918.4244465939,0.1461428701877594,-0.1740463823080063,0.2770877480506897,0
500,534022420,5387528,COCCOCCOCCOC,30,-386890.87916779006,0.06443790346384048,-0.1770520955324173,0.4716450273990631,0
501,534943828,5387528,COCCOCCOCCOC,30,-386884.5258007089,0.29404789209365845,0.06143218278884888,0.2528408467769623,0
502,416487804,5387528,COCCOCCOCCOC,30,-386916.72585730534,0.16131436824798584,-0.17917940020561218,0.23596540093421936,0
503,534943898,5387528,COCCOCCOCCOC,30,-386888.4070798561,-0.4228390157222748,0.24190805852413177,0.030581148341298103,0
504,416488876,5387528,COCCOCCOCCOC,30,-386920.5866065551,-0.09656425565481186,-0.07489974051713943,0.30020222067832947,0
505,416487714,5387528,COCCOCCOCCOC,30,-386919.6554754409,-0.0967865064740181,-0.06951271742582321,0.31800901889801025,0
506,534944169,5387528,COCCOCCOCCOC,30,-386888.51853713195,0.17570799589157104,0.017944397404789925,0.6312501430511475,0
507,534023746,5387528,COCCOCCOCCOC,30,-386891.5242477585,-0.19242998957633972,0.060432031750679016,0.3422982692718506,0
508,534022755,5387528,COCCOCCOCCOC,30,-386873.26903892786,-0.17177091538906097,-0.1304210126399994,0.1913716346025467,0
509,534022455,5387528,COCCOCCOCCOC,30,-386876.12752813165,0.07311111688613892,-0.09908313304185867,0.32555508613586426,0
510,416489235,5387528,COCCOCCOCCOC,30,-386920.3384753118,-0.09308226406574249,-0.0763179361820221,0.2962704300880432,0
511,534023645,5387528,COCCOCCOCCOC,30,-386866.6010480529,-0.44975826144218445,0.06873482465744019,0.39722153544425964,0
512,416487947,5387528,COCCOCCOCCOC,30,-386917.3859289696,0.048864223062992096,-0.03372446075081825,0.4323059916496277,0
513,416487322,5387528,COCCOCCOCCOC,30,-386918.05578943837,0.019918229430913925,0.00041804995271377265,0.4302898347377777,0
514,416487337,5387528,COCCOCCOCCOC,30,-386920.6509329723,-0.09829995036125183,-0.07134366780519485,0.2923862636089325,0
515,416489490,5387528,COCCOCCOCCOC,30,-386918.43863857415,-0.08616591989994049,-0.06696207821369171,0.31427833437919617,0
516,416487520,5387528,COCCOCCOCCOC,30,-386911.8442138508,-0.27273792028427124,0.07947182655334473,0.711155891418457,0
517,534944183,5387528,COCCOCCOCCOC,30,-386891.67765386135,0.3054569363594055,-0.07447110861539841,-0.14978361129760742,0
518,416487938,5387528,COCCOCCOCCOC,30,-386916.90972337,0.09849575161933899,-0.09053163230419159,0.4086359143257141,0
519,416488309,5387528,COCCOCCOCCOC,30,-386918.6996210841,-0.059363096952438354,-0.10900520533323288,0.15451444685459137,0
520,416488915,5387528,COCCOCCOCCOC,30,-386920.56106813625,-0.09542123228311539,-0.07594221830368042,0.29953014850616455,0
521,416487254,5387528,COCCOCCOCCOC,30,-386916.10868594365,0.2028971165418625,-0.17706798017024994,0.1997220516204834,0
522,534023008,5387528,COCCOCCOCCOC,30,-386891.6707663287,-0.07418534904718399,-0.16915148496627808,0.2074110060930252,0
523,416489059,5387528,COCCOCCOCCOC,30,-386919.04894780647,-0.04946748539805412,-0.12439896911382675,0.14927558600902557,0
524,534943998,5387528,COCCOCCOCCOC,30,-386891.45753298496,-0.23791806399822235,0.22385253012180328,0.13616257905960083,0
525,534022354,5387528,COCCOCCOCCOC,30,-386889.8302345438,0.1459364891052246,-0.30117058753967285,0.2960905134677887,0
526,416487928,5387528,COCCOCCOCCOC,30,-386917.4578512987,0.13672879338264465,-0.13648009300231934,0.3526807129383087,0
527,416489477,5387528,COCCOCCOCCOC,30,-386920.61832148506,-0.09572815150022507,-0.0752013698220253,0.29614341259002686,0
528,534944221,5387528,COCCOCCOCCOC,30,-386893.96687540534,0.39526888728141785,0.09044167399406433,-0.42271730303764343,0
529,416488015,5387528,COCCOCCOCCOC,30,-386914.3632659091,-0.04092656448483467,-0.0015716562047600746,0.23086942732334137,0
530,534943994,5387528,COCCOCCOCCOC,30,-386887.80270470283,0.3941681981086731,0.23959554731845856,0.6055692434310913,0
531,534944229,5387528,COCCOCCOCCOC,30,-386901.3360003692,0.08090589940547943,0.12555257976055145,0.5542972087860107,0
532,416487750,5387528,COCCOCCOCCOC,30,-386918.5280030492,-0.08057251572608948,-0.08657868206501007,0.3082562983036041,0
533,534944157,5387528,COCCOCCOCCOC,30,-386880.37487023807,0.17486660182476044,-0.47731253504753113,0.22777903079986572,0
534,534023584,5387528,COCCOCCOCCOC,30,-386888.118190229,0.03665081411600113,-0.09665420651435852,0.2689172625541687,0
535,534023437,5387528,COCCOCCOCCOC,30,-386869.5531824615,-0.0008572670631110668,-0.0911296010017395,0.4728251099586487,0
536,534022456,5387528,COCCOCCOCCOC,30,-386895.0241275754,-0.07864101976156235,-0.126166433095932,0.3333975076675415,0
537,416488259,5387528,COCCOCCOCCOC,30,-386919.6736004823,-0.05253671482205391,-0.127981498837471,0.16736286878585815,0
538,416489175,5387528,COCCOCCOCCOC,30,-386920.59900355886,-0.09649545699357986,-0.07399484515190125,0.29688429832458496,0
539,534023441,5387528,COCCOCCOCCOC,30,-386867.45780241623,0.19268929958343506,-0.07262427359819412,0.44064584374427795,0
540,416487499,5387528,COCCOCCOCCOC,30,-386918.88709646027,-0.10225290805101395,-0.17259643971920013,0.2744312882423401,0
541,416487693,5387528,COCCOCCOCCOC,30,-386920.4354238946,-0.09557469189167023,-0.09237845987081528,0.30044564604759216,0
542,416489487,5387528,COCCOCCOCCOC,30,-386915.80857825186,-0.0826416015625,-0.06387697905302048,0.3210676610469818,0
543,416488048,5387528,COCCOCCOCCOC,30,-386919.66439493967,-0.09650074690580368,-0.026178395375609398,0.28961336612701416,0
544,416487774,5387528,COCCOCCOCCOC,30,-386919.66476433753,-0.09414591640233994,-0.059035006910562515,0.31790846586227417,0
545,416487627,5387528,COCCOCCOCCOC,30,-386917.7355636931,-0.30061498284339905,-0.2934340536594391,-0.12805558741092682,0
546,534023540,5387528,COCCOCCOCCOC,30,-386887.9250878379,-0.11830814927816391,0.03388321399688721,0.3570834696292877,0
547,416487728,5387528,COCCOCCOCCOC,30,-386920.5624384243,-0.098426952958107,-0.08485884964466095,0.30169978737831116,0
548,534022628,5387528,COCCOCCOCCOC,30,-386890.36519285705,-0.3447536528110504,-0.35552239418029785,-0.08948386460542679,0
549,416487812,5387528,COCCOCCOCCOC,30,-386917.56071247783,0.12289082258939743,-0.17815807461738586,0.24916838109493256,0
550,534944248,5387528,COCCOCCOCCOC,30,-386885.6473684767,0.0910925641655922,0.08414975553750992,-0.047816451638936996,0
551,534023587,5387528,COCCOCCOCCOC,30,-386869.2427203325,-0.07297353446483612,-0.020706703886389732,0.3391708433628082,0
552,416488216,5387528,COCCOCCOCCOC,30,-386920.4357714263,-0.0864463821053505,-0.06486653536558151,0.27263739705085754,0
553,416488138,5387528,COCCOCCOCCOC,30,-386920.13195120904,-0.1131327897310257,-0.01815606839954853,0.34539923071861267,0
554,416489405,5387528,COCCOCCOCCOC,30,-386913.268160874,-0.11228081583976746,-0.06925341486930847,0.31867048144340515,0
555,416487710,5387528,COCCOCCOCCOC,30,-386919.1615095875,-0.09387602657079697,-0.06724783778190613,0.3222636282444,0
556,534024156,5387528,COCCOCCOCCOC,30,-386888.28894359973,0.14403145015239716,-0.18968355655670166,0.20773908495903015,0
557,416488364,5387528,COCCOCCOCCOC,30,-386920.6014369132,-0.09596627950668335,-0.07545007765293121,0.2947622537612915,0
558,534023018,5387528,COCCOCCOCCOC,30,-386891.9871152112,-0.12883877754211426,-0.18804840743541718,0.2771300971508026,0
559,416489133,5387528,COCCOCCOCCOC,30,-386920.57953220216,-0.09580224007368088,-0.07568291574716568,0.2988422214984894,0
560,416488953,5387528,COCCOCCOCCOC,30,-386920.6052710965,-0.0966489166021347,-0.07443935424089432,0.2981807589530945,0
561,534023548,5387528,COCCOCCOCCOC,30,-386888.30266673805,0.01616107113659382,-0.02994084544479847,0.29334408044815063,0
562,534944327,5387528,COCCOCCOCCOC,30,-386883.4476357765,0.2915078401565552,0.7429435849189758,-0.29823368787765503,0
563,416487660,5387528,COCCOCCOCCOC,30,-386918.4042404393,-0.13959693908691406,-0.2916136682033539,0.2589899003505707,0
564,416489089,5387528,COCCOCCOCCOC,30,-386920.2977289103,-0.0979401096701622,-0.0715341717004776,0.2956089377403259,0
565,416489096,5387528,COCCOCCOCCOC,30,-386920.6136730524,-0.09599803388118744,-0.07484681904315948,0.29673609137535095,0
566,416487909,5387528,COCCOCCOCCOC,30,-386918.19237830926,0.07650844007730484,-0.17461788654327393,0.24367550015449524,0
567,534023294,5387528,COCCOCCOCCOC,30,-386891.73320133385,0.09617266058921814,-0.06488770991563797,0.43034273386001587,0
568,534022378,5387528,COCCOCCOCCOC,30,-386889.49788394436,0.08453076332807541,-0.22020648419857025,0.2636148929595947,0
569,416488176,5387528,COCCOCCOCCOC,30,-386920.28475161904,-0.09844812750816345,-0.0601833239197731,0.3533792495727539,0
570,416489054,5387528,COCCOCCOCCOC,30,-386920.52682967443,-0.09576518833637238,-0.07368792593479156,0.3026205599308014,0
571,416488192,5387528,COCCOCCOCCOC,30,-386918.48617880483,-0.11163521558046341,-0.08311256766319275,0.34388577938079834,0
572,416488239,5387528,COCCOCCOCCOC,30,-386920.37382821785,-0.0911983922123909,-0.057738520205020905,0.3253169655799866,0
573,416488911,5387528,COCCOCCOCCOC,30,-386920.3123301741,-0.09505609422922134,-0.07661426812410355,0.305414617061615,0
574,416489125,5387528,COCCOCCOCCOC,30,-386920.04484067956,-0.09564348310232162,-0.07662485539913177,0.30134525895118713,0
575,416489327,5387528,COCCOCCOCCOC,30,-386916.0798440772,-0.11041282117366791,-0.1106509417295456,0.415086567401886,0
576,534024291,5387528,COCCOCCOCCOC,30,-386872.0491576656,-0.4585002660751343,-0.2623237073421478,-0.03769858554005623,0
577,416489496,5387528,COCCOCCOCCOC,30,-386920.5874831387,-0.09423058480024338,-0.07414831221103668,0.2987363934516907,0
578,534024340,5387528,COCCOCCOCCOC,30,-386893.67994199385,-0.13558577001094818,-0.060596078634262085,0.3161357343196869,0
579,416489485,5387528,COCCOCCOCCOC,30,-386913.34001880686,-0.08039788901805878,-0.062231238931417465,0.3250894248485565,0
580,416487484,5387528,COCCOCCOCCOC,30,-386918.0174797208,-0.12739410996437073,-0.26498016715049744,0.2621332108974457,0
581,534023010,5387528,COCCOCCOCCOC,30,-386891.26626236,-0.017245884984731674,-0.208808034658432,0.28113067150115967,0
582,534023714,5387528,COCCOCCOCCOC,30,-386890.7659949535,-0.19446732103824615,0.07660368829965591,0.3655661940574646,0
583,534022592,5387528,COCCOCCOCCOC,30,-386892.59228982474,-0.048081040382385254,-0.060627833008766174,0.25405266880989075,0
584,416489294,5387528,COCCOCCOCCOC,30,-386920.1464278765,-0.09381253272294998,-0.06442732363939285,0.27515625953674316,0
585,416488986,5387528,COCCOCCOCCOC,30,-386919.38163657143,-0.08135569840669632,-0.08286914974451065,0.3526436686515808,0
586,416488318,5387528,COCCOCCOCCOC,30,-386920.2065583474,-0.10040608048439026,-0.07083036750555038,0.2793843746185303,0
587,416487670,5387528,COCCOCCOCCOC,30,-386918.02057906357,-0.11382601410150528,-0.23293322324752808,0.25736004114151,0
588,534943906,5387528,COCCOCCOCCOC,30,-386879.4655305387,0.05934721976518631,-0.0036777814384549856,-0.3482673764228821,0
589,534943864,5387528,COCCOCCOCCOC,30,-386889.3436435426,0.29345521330833435,-0.2546241879463196,0.39041104912757874,0
590,534023395,5387528,COCCOCCOCCOC,30,-386870.60621768073,0.057172298431396484,-0.13198736310005188,0.319877028465271,0
591,416488014,5387528,COCCOCCOCCOC,30,-386914.4948604384,-0.044249795377254486,-0.002111417008563876,0.23515576124191284,0
592,416489254,5387528,COCCOCCOCCOC,30,-386920.5798709782,-0.09545297920703888,-0.07343391329050064,0.29989001154899597,0
593,534022608,5387528,COCCOCCOCCOC,30,-386891.94870977086,-0.04519173130393028,-0.08867950737476349,0.2900737524032593,0
594,534022782,5387528,COCCOCCOCCOC,30,-386887.9084385369,-0.2925291359424591,0.10951321572065353,0.7997560501098633,0
595,534944294,5387528,COCCOCCOCCOC,30,-386882.4175401137,0.1083119809627533,0.4616965055465698,0.2736586928367615,0
596,416488358,5387528,COCCOCCOCCOC,30,-386920.34933845146,-0.09353207051753998,-0.07632322609424591,0.2848455011844635,0
597,534023234,5387528,COCCOCCOCCOC,30,-386892.5494266845,0.12170016765594482,-0.2840676009654999,0.16987645626068115,0
598,416488113,5387528,COCCOCCOCCOC,30,-386918.47607025347,-0.21445433795452118,0.09921013563871384,0.3952106833457947,0
599,416487538,5387528,COCCOCCOCCOC,30,-386916.27212299884,-0.3063512444496155,0.10962434113025665,0.7190142273902893,0
600,534023062,5387528,COCCOCCOCCOC,30,-386890.6545767897,-0.16104978322982788,-0.07745566219091415,0.3495267927646637,0
601,534023252,5387528,COCCOCCOCCOC,30,-386890.0094767968,0.1153712123632431,-0.23383811116218567,0.2687426209449768,0
602,534023342,5387528,COCCOCCOCCOC,30,-386888.8419692461,0.19065724313259125,-0.15779004991054535,0.1568957418203354,0
603,416487992,5387528,COCCOCCOCCOC,30,-386918.6731739292,0.025442838668823242,0.044667843729257584,0.29061880707740784,0
604,416488947,5387528,COCCOCCOCCOC,30,-386920.331488386,-0.09793482720851898,-0.07291003316640854,0.30226069688796997,0
605,416488201,5387528,COCCOCCOCCOC,30,-386920.0230124851,-0.10226348787546158,-0.07972054183483124,0.31535255908966064,0
606,534022350,5387528,COCCOCCOCCOC,30,-386888.90587553824,0.09945885092020035,-0.20961767435073853,0.25573015213012695,0
607,534022787,5387528,COCCOCCOCCOC,30,-386869.81732013734,-0.3482726812362671,0.09693467617034912,0.6794582009315491,0
608,534023081,5387528,COCCOCCOCCOC,30,-386872.2511685056,-0.12245689332485199,-0.0025453423149883747,0.4342692494392395,0
609,416488228,5387528,COCCOCCOCCOC,30,-386918.6642596407,-0.07805363833904266,-0.03937078267335892,0.3426527976989746,0
610,416489213,5387528,COCCOCCOCCOC,30,-386920.1213132116,-0.09049458801746368,-0.06039499118924141,0.2565556764602661,0
611,416489252,5387528,COCCOCCOCCOC,30,-386920.18956162705,-0.09536301344633102,-0.0715341717004776,0.3035624921321869,0
612,534944264,5387528,COCCOCCOCCOC,30,-386890.7022156078,0.2606832683086395,-0.3337414562702179,0.20226210355758667,0
613,416488315,5387528,COCCOCCOCCOC,30,-386919.6808329237,-0.053558021783828735,-0.1156834214925766,0.15514415502548218,0
614,534023256,5387528,COCCOCCOCCOC,30,-386891.3625030563,0.12977541983127594,-0.12361578643321991,0.27504512667655945,0
615,534022950,5387528,COCCOCCOCCOC,30,-386892.1582908463,-0.3182048201560974,-0.26970043778419495,-0.12363167107105255,0
616,534944024,5387528,COCCOCCOCCOC,30,-386892.8579692946,0.3387739360332489,0.052478499710559845,-0.1611926555633545,0
617,416488213,5387528,COCCOCCOCCOC,30,-386920.10571118,-0.08313902467489243,-0.062273573130369186,0.26334500312805176,0
618,416488042,5387528,COCCOCCOCCOC,30,-386918.2175632144,-0.08372112363576889,-0.003317940980195999,0.27989768981933594,0
619,534944043,5387528,COCCOCCOCCOC,30,-386887.8280168148,0.04690626636147499,-0.03252851963043213,0.4021005928516388,0
620,416489307,5387528,COCCOCCOCCOC,30,-386916.5056953559,-0.04906001687049866,-0.13005058467388153,0.15923470258712769,0
621,416489013,5387528,COCCOCCOCCOC,30,-386920.5199476726,-0.09416178613901138,-0.07896911352872849,0.30169978737831116,0
622,534023048,5387528,COCCOCCOCCOC,30,-386891.20751153195,-0.15911829471588135,-0.06897295266389847,0.2764686346054077,0
623,534023658,5387528,COCCOCCOCCOC,30,-386888.58223786834,-0.4086041748523712,0.11781071871519089,0.4511658847332001,0
624,416488041,5387528,COCCOCCOCCOC,30,-386917.9393848044,-0.08116519451141357,-0.0007302644662559032,0.27716711163520813,0
625,416489012,5387528,COCCOCCOCCOC,30,-386920.46782614826,-0.09381253272294998,-0.07978933304548264,0.3028269112110138,0
626,534944066,5387528,COCCOCCOCCOC,30,-386885.6024305661,0.1295901983976364,-0.21245934069156647,-0.15861555933952332,0
627,416487464,5387528,COCCOCCOCCOC,30,-386919.9903633222,-0.2075062394142151,-0.3646295368671417,0.28359663486480713,0
628,416489118,5387528,COCCOCCOCCOC,30,-386919.09005426604,-0.09513547271490097,-0.07847168296575546,0.29966774582862854,0
629,416488960,5387528,COCCOCCOCCOC,30,-386919.2099807856,-0.12101224064826965,-0.06522637605667114,0.207612082362175,0
630,534024289,5387528,COCCOCCOCCOC,30,-386869.3351767865,-0.2476813942193985,-0.3316723704338074,-0.1642301380634308,0
631,416488230,5387528,COCCOCCOCCOC,30,-386919.08366080234,-0.08032909780740738,-0.04323377460241318,0.33837705850601196,0
632,534023351,5387528,COCCOCCOCCOC,30,-386871.69566624437,0.2274932563304901,-0.2504013478755951,0.11025407165288925,0
633,416487329,5387528,COCCOCCOCCOC,30,-386919.1092542462,-0.03851880878210068,-0.009657483547925949,0.4050057530403137,0
634,534944283,5387528,COCCOCCOCCOC,30,-386883.2539688158,-0.17870312929153442,-0.03752395138144493,0.504295289516449,0
635,534022920,5387528,COCCOCCOCCOC,30,-386887.1864870948,-0.33574703335762024,-0.3624228835105896,0.01970655843615532,0
636,416488348,5387528,COCCOCCOCCOC,30,-386918.9241128162,-0.041783832013607025,-0.12199649959802628,0.15362542867660522,0
637,534024422,5387528,COCCOCCOCCOC,30,-386891.98045536096,0.16733640432357788,-0.06698325276374817,0.2983236312866211,0
638,534024390,5387528,COCCOCCOCCOC,30,-386889.2133366087,0.15573155879974365,-0.09747973084449768,0.2610960304737091,0
639,534024410,5387528,COCCOCCOCCOC,30,-386893.40460117604,-0.07208451628684998,0.04630829766392708,0.44532907009124756,0
640,534024449,5387528,COCCOCCOCCOC,30,-386873.84396252135,-0.11644544452428818,0.02233656868338585,0.4330786168575287,0
641,534944323,5387528,COCCOCCOCCOC,30,-386880.7489012178,0.34319257736206055,0.30249884724617004,0.13995149731636047,0
642,534023368,5387528,COCCOCCOCCOC,30,-386888.651400161,0.16693423688411713,-0.16788145899772644,0.1948007047176361,0
643,534944156,5387528,COCCOCCOCCOC,30,-386885.7346472773,-0.2381455898284912,0.331190824508667,-0.11024348437786102,0
644,534944032,5387528,COCCOCCOCCOC,30,-386879.6920636639,0.4017407298088074,0.25087231397628784,-0.39638015627861023,0
645,534944001,5387528,COCCOCCOCCOC,30,-386890.67844951793,-0.18453466892242432,-0.08938860893249512,0.22369907796382904,0
646,416488043,5387528,COCCOCCOCCOC,30,-386918.4865822526,-0.08628233522176743,-0.006556505337357521,0.2824324667453766,0
647,416489285,5387528,COCCOCCOCCOC,30,-386915.4183993707,-0.04805987328290939,-0.06783521920442581,0.08403333276510239,0
648,416487498,5387528,COCCOCCOCCOC,30,-386918.7600467085,-0.10309429466724396,-0.17912648618221283,0.27183830738067627,0
649,416489139,5387528,COCCOCCOCCOC,30,-386919.2292760299,-0.0935744047164917,-0.07915432006120682,0.3052082359790802,0
650,416487904,5387528,COCCOCCOCCOC,30,-386917.833065536,0.09438404440879822,-0.17546986043453217,0.24430522322654724,0
651,534943970,5387528,COCCOCCOCCOC,30,-386883.74792665086,-0.4491073787212372,-0.05985523387789726,0.060072191059589386,0
652,416488943,5387528,COCCOCCOCCOC,30,-386919.9626975546,-0.09864921122789383,-0.07221680879592896,0.3043033480644226,0
653,416489105,5387528,COCCOCCOCCOC,30,-386919.84402393294,-0.09816236793994904,-0.07043877243995667,0.30183738470077515,0
654,416487466,5387528,COCCOCCOCCOC,30,-386919.91892081953,-0.19726666808128357,-0.3567553758621216,0.2790827453136444,0
655,534022880,5387528,COCCOCCOCCOC,30,-386893.9566539876,-0.12729886174201965,0.054420582950115204,0.31490275263786316,0
656,416488871,5387528,COCCOCCOCCOC,30,-386920.34504053806,-0.09836874902248383,-0.07332278788089752,0.3104788362979889,0
657,416487847,5387528,COCCOCCOCCOC,30,-386916.9255843246,0.10017324239015579,-0.0927012637257576,0.4066726565361023,0
658,416487651,5387528,COCCOCCOCCOC,30,-386919.5261303605,-0.17608371376991272,-0.3370646834373474,0.2699914872646332,0
659,416489495,5387528,COCCOCCOCCOC,30,-386920.4735600971,-0.09290763735771179,-0.07274069637060165,0.3014987111091614,0
660,416489000,5387528,COCCOCCOCCOC,30,-386918.9719643556,-0.08825617283582687,-0.09246312826871872,0.3084626793861389,0
661,416487452,5387528,COCCOCCOCCOC,30,-386919.8272235465,-0.3303547203540802,-0.22000540792942047,-0.12138266116380692,0
662,416488229,5387528,COCCOCCOCCOC,30,-386918.8845341251,-0.07941362261772156,-0.041185859590768814,0.341250479221344,0
663,534023459,5387528,COCCOCCOCCOC,30,-386871.5906134136,0.0010477708419784904,0.003069227794185281,0.4252520799636841,0
664,416488225,5387528,COCCOCCOCCOC,30,-386920.67389731907,-0.09446871280670166,-0.07367204129695892,0.2938203513622284,0
665,416488693,5387528,COCCOCCOCCOC,30,-386918.9714542883,-0.05620390549302101,-0.11629727482795715,0.16625159978866577,0
666,416487450,5387528,COCCOCCOCCOC,30,-386919.4234979443,-0.3238246738910675,-0.23505522310733795,-0.12334591150283813,0
667,534023528,5387528,COCCOCCOCCOC,30,-386890.48336543,0.06859194487333298,0.18806427717208862,0.2304619550704956,0
668,416487596,5387528,COCCOCCOCCOC,30,-386919.9003625104,-0.10949204862117767,-0.052467916160821915,0.2746429443359375,0
669,416487625,5387528,COCCOCCOCCOC,30,-386917.04309179826,-0.2938891351222992,-0.3076583445072174,-0.12788625061511993,0
670,416489121,5387528,COCCOCCOCCOC,30,-386919.5550189941,-0.09535244107246399,-0.07756149768829346,0.3009748160839081,0
671,534024468,5387528,COCCOCCOCCOC,30,-386890.60335417965,-0.4929444491863251,0.16530436277389526,0.5260444283485413,0
672,534023689,5387528,COCCOCCOCCOC,30,-386871.667876142,-0.3274918794631958,0.12245160341262817,0.3287407457828522,0
673,534023693,5387528,COCCOCCOCCOC,30,-386870.1244709227,-0.3021019697189331,0.12173721194267273,0.2739497125148773,0
674,416487515,5387528,COCCOCCOCCOC,30,-386920.56721465365,-0.09516192972660065,-0.08337186276912689,0.29760923981666565,0
675,416487852,5387528,COCCOCCOCCOC,30,-386917.0733919146,0.0723014771938324,-0.06146392971277237,0.4289510250091553,0
676,534943966,5387528,COCCOCCOCCOC,30,-386881.4905946025,-0.004116998519748449,-0.051864657551050186,-0.36100465059280396,0
677,534022963,5387528,COCCOCCOCCOC,30,-386870.46716847696,-0.25094640254974365,-0.3320692479610443,0.2862372398376465,0
678,416489173,5387528,COCCOCCOCCOC,30,-386920.54357788025,-0.09709342569112778,-0.07304761558771133,0.2976568639278412,0
679,534023600,5387528,COCCOCCOCCOC,30,-386893.9663051228,-0.07961470633745193,-0.1254943609237671,0.29593175649642944,0
680,534944277,5387528,COCCOCCOCCOC,30,-386889.73128807684,-0.22258250415325165,0.11500608175992966,-0.056066323071718216,0
681,534023672,5387528,COCCOCCOCCOC,30,-386891.4834243283,-0.2879094183444977,0.098987877368927,0.3992006778717041,0
682,416487483,5387528,COCCOCCOCCOC,30,-386918.0843068951,-0.13045275211334229,-0.27176952362060547,0.2619585692882538,0
683,416487803,5387528,COCCOCCOCCOC,30,-386916.6309552279,0.16616693139076233,-0.17926406860351562,0.23308667540550232,0
684,534023495,5387528,COCCOCCOCCOC,30,-386873.12334765925,0.11583688855171204,0.07274069637060165,0.2343725860118866,0
685,416488345,5387528,COCCOCCOCCOC,30,-386920.5791422452,-0.09459042549133301,-0.07653489708900452,0.3003080487251282,0
686,416487255,5387528,COCCOCCOCCOC,30,-386916.1272332776,0.19939395785331726,-0.17766594886779785,0.20443172752857208,0
687,534024474,5387528,COCCOCCOCCOC,30,-386891.744464433,-0.37354618310928345,0.1952558010816574,0.4010157585144043,0
688,534022806,5387528,COCCOCCOCCOC,30,-386890.46925512643,-0.30117592215538025,0.04410162568092346,0.6805059313774109,0
689,416487690,5387528,COCCOCCOCCOC,30,-386920.186952112,-0.0965060442686081,-0.10701021552085876,0.29952487349510193,0
690,534943857,5387528,COCCOCCOCCOC,30,-386879.4283510372,0.5158525109291077,0.14772510528564453,0.030755778774619102,0
691,416487342,5387528,COCCOCCOCCOC,30,-386911.950842991,-0.2776486873626709,0.07797954976558685,0.7140399217605591,0
692,534023337,5387528,COCCOCCOCCOC,30,-386868.89023536496,0.17278164625167847,-0.13561223447322845,0.18786318600177765,0
693,416487745,5387528,COCCOCCOCCOC,30,-386919.04080478364,-0.08460485190153122,-0.09303992986679077,0.3018161952495575,0
694,416489354,5387528,COCCOCCOCCOC,30,-386920.0992593993,-0.07849285006523132,-0.08060956001281738,0.31839531660079956,0
695,416487505,5387528,COCCOCCOCCOC,30,-386919.67910805636,-0.09852749854326248,-0.13442158699035645,0.29055532813072205,0
696,534023236,5387528,COCCOCCOCCOC,30,-386887.735608684,0.1624203622341156,-0.14316359162330627,0.1870429664850235,0
697,534943957,5387528,COCCOCCOCCOC,30,-386893.3494517987,0.6490041017532349,-0.4374072849750519,-0.15640361607074738,0
698,416487294,5387528,COCCOCCOCCOC,30,-386917.8265994211,0.14429603517055511,-0.148931622505188,0.33044469356536865,0
699,416488124,5387528,COCCOCCOCCOC,30,-386918.7391771271,-0.15866318345069885,0.05864870920777321,0.38521453738212585,0
700,534022532,5387528,COCCOCCOCCOC,30,-386892.12158094277,-0.3795681893825531,0.10207828134298325,0.5868681073188782,0
701,534023038,5387528,COCCOCCOCCOC,30,-386893.6008616265,-0.18304766714572906,0.0036407392472028732,0.27336764335632324,0
702,416487685,5387528,COCCOCCOCCOC,30,-386919.61687273666,-0.09863333404064178,-0.1360461562871933,0.289063036441803,0
703,534943886,5387528,COCCOCCOCCOC,30,-386889.3763077262,-0.011324391700327396,0.2335682362318039,0.44711238145828247,0
704,416487339,5387528,COCCOCCOCCOC,30,-386911.871645425,-0.2714308500289917,0.0749579444527626,0.7053773403167725,0
705,416488261,5387528,COCCOCCOCCOC,30,-386919.9653319165,-0.050144828855991364,-0.12785449624061584,0.16546311974525452,0
706,534023172,5387528,COCCOCCOCCOC,30,-386890.1574213496,-0.12286436557769775,-0.031089158728718758,0.4272470474243164,0
707,416489044,5387528,COCCOCCOCCOC,30,-386919.644974671,-0.09636316448450089,-0.07132779061794281,0.3195647895336151,0
708,416489216,5387528,COCCOCCOCCOC,30,-386920.6481799659,-0.09407711774110794,-0.07037527114152908,0.28357017040252686,0
709,416487434,5387528,COCCOCCOCCOC,30,-386915.0661263839,-0.28308331966400146,-0.37169405817985535,-0.06362826377153397,0
710,534023360,5387528,COCCOCCOCCOC,30,-386888.893995638,0.16316649317741394,-0.19697032868862152,0.15132878720760345,0
711,416489142,5387528,COCCOCCOCCOC,30,-386919.64287332,-0.09397657960653305,-0.07844522595405579,0.303885281085968,0
712,534024414,5387528,COCCOCCOCCOC,30,-386889.5390085251,0.09901963919401169,-0.028702571988105774,0.2384207844734192,0
713,534944149,5387528,COCCOCCOCCOC,30,-386886.9251604636,-0.005995577201247215,-0.05093330517411232,-0.14231161773204803,0
714,534024185,5387528,COCCOCCOCCOC,30,-386865.85999979125,-0.19480599462985992,0.0828162282705307,0.7587448358535767,0
715,416487918,5387528,COCCOCCOCCOC,30,-386918.4035062527,0.15037627518177032,-0.16571183502674103,0.3011547327041626,0
716,534943866,5387528,COCCOCCOCCOC,30,-386891.777034772,-0.0002328379632672295,0.17179736495018005,0.2815910577774048,0
717,534944292,5387528,COCCOCCOCCOC,30,-386884.8674806159,-0.36976784467697144,0.2960323095321655,0.034756358712911606,0
718,416489246,5387528,COCCOCCOCCOC,30,-386916.75537044316,-0.09488146752119064,-0.06627415120601654,0.3139026165008545,0
719,416487758,5387528,COCCOCCOCCOC,30,-386918.2394577491,-0.08068893849849701,-0.0686713233590126,0.32098299264907837,0
720,416487376,5387528,COCCOCCOCCOC,30,-386920.38859126123,-0.3190991282463074,0.12143029272556305,0.5958588123321533,0
721,416487379,5387528,COCCOCCOCCOC,30,-386920.3490075852,-0.30690160393714905,0.11329153925180435,0.5763639211654663,0
722,416489456,5387528,COCCOCCOCCOC,30,-386920.57346931106,-0.09419353306293488,-0.07581521570682526,0.29436010122299194,0
723,416488351,5387528,COCCOCCOCCOC,30,-386919.362016564,-0.042604055255651474,-0.12257331609725952,0.15503303706645966,0
724,534023396,5387528,COCCOCCOCCOC,30,-386890.6036555988,0.22675243020057678,-0.17353837192058563,0.2619321048259735,0
725,534024152,5387528,COCCOCCOCCOC,30,-386888.24997311336,0.16044652462005615,-0.14522738754749298,0.3479922115802765,0
726,534943890,5387528,COCCOCCOCCOC,30,-386885.249564443,0.43764540553092957,0.23526687920093536,0.42876049876213074,0
727,534944178,5387528,COCCOCCOCCOC,30,-386885.31433425716,0.11337621510028839,0.04274164140224457,-0.2705841660499573,0
728,534023671,5387528,COCCOCCOCCOC,30,-386872.89790393563,-0.3048166334629059,0.09239962697029114,0.48797011375427246,0
729,534022490,5387528,COCCOCCOCCOC,30,-386890.1190564997,-0.3931257128715515,0.1359773725271225,0.7318626642227173,0
730,416488057,5387528,COCCOCCOCCOC,30,-386920.6779766415,-0.09896142780780792,-0.0695444643497467,0.29185178875923157,0
731,534022427,5387528,COCCOCCOCCOC,30,-386871.4774611908,0.13965514302253723,-0.08892293274402618,0.447022408246994,0
732,416487654,5387528,COCCOCCOCCOC,30,-386919.14776367805,-0.16286486387252808,-0.3226075768470764,0.26659417152404785,0
733,534944287,5387528,COCCOCCOCCOC,30,-386876.0786408828,0.2722986936569214,0.07751916348934174,-0.4969238340854645,0
734,416489393,5387528,COCCOCCOCCOC,30,-386919.9897492659,-0.08935686200857162,-0.0769476518034935,0.2908886969089508,0
735,416488284,5387528,COCCOCCOCCOC,30,-386920.5434010011,-0.08845725655555725,-0.07638143002986908,0.3204697072505951,0
736,416487581,5387528,COCCOCCOCCOC,30,-386919.19607097073,-0.21347007155418396,0.05687596648931503,0.46327874064445496,0
737,416489185,5387528,COCCOCCOCCOC,30,-386915.5752814744,-0.10950791835784912,-0.10728538036346436,0.39842280745506287,0
738,534023189,5387528,COCCOCCOCCOC,30,-386878.0324026295,-0.04062493145465851,-0.04770532250404358,0.17313089966773987,0
739,416487395,5387528,COCCOCCOCCOC,30,-386919.33209260134,-0.24679236114025116,0.0863775908946991,0.5250072479248047,0
740,416487401,5387528,COCCOCCOCCOC,30,-386919.15809585317,-0.21802100539207458,0.06142688915133476,0.4719202220439911,0
741,534023164,5387528,COCCOCCOCCOC,30,-386889.2644839967,-0.07786842435598373,-0.10207828134298325,0.36548149585723877,0
742,534023711,5387528,COCCOCCOCCOC,30,-386874.38825161685,-0.18109501898288727,0.13997265696525574,0.4680783748626709,0
743,416487809,5387528,COCCOCCOCCOC,30,-386917.2501841648,0.13515713810920715,-0.17857083678245544,0.246035635471344,0
744,534022533,5387528,COCCOCCOCCOC,30,-386875.510152896,-0.2982124984264374,0.01935730129480362,0.5748398900032043,0
745,534022705,5387528,COCCOCCOCCOC,30,-386873.7623665055,-0.12778569757938385,-0.24259069561958313,0.2279748171567917,0
746,416487956,5387528,COCCOCCOCCOC,30,-386918.53675961704,-0.0015769479796290398,0.010647045448422432,0.42422017455101013,0
747,534023728,5387528,COCCOCCOCCOC,30,-386891.7419508553,-0.15635597705841064,0.07718577980995178,0.47574618458747864,0
748,534023319,5387528,COCCOCCOCCOC,30,-386872.15036325203,0.03271373361349106,0.08930923044681549,0.46036824584007263,0
749,534944122,5387528,COCCOCCOCCOC,30,-386882.88865975017,0.00020108732860535383,-0.026892784982919693,0.5472432971000671,0
750,534022944,5387528,COCCOCCOCCOC,30,-386890.80726206803,-0.3060549199581146,-0.2739126980304718,-0.12875938415527344,0
751,534024412,5387528,COCCOCCOCCOC,30,-386887.2426039731,0.002963392296805978,0.005857991520315409,0.2544548511505127,0
752,534944085,5387528,COCCOCCOCCOC,30,-386895.66892356885,0.0872189849615097,0.27738940715789795,0.006842261180281639,0
753,534024164,5387528,COCCOCCOCCOC,30,-386891.80456844,0.13542701303958893,-0.14443890750408173,0.238002747297287,0
754,534944227,5387528,COCCOCCOCCOC,30,-386885.16018418164,-0.46251145005226135,0.25011029839515686,-0.2993026077747345,0
755,534022821,5387528,COCCOCCOCCOC,30,-386871.4877249497,-0.28922706842422485,0.1580493450164795,0.6489511728286743,0
756,416487875,5387528,COCCOCCOCCOC,30,-386920.5841252872,-0.09440520405769348,-0.07615917921066284,0.29861998558044434,0
757,534023198,5387528,COCCOCCOCCOC,30,-386892.4247974909,-0.09556939452886581,-0.049938447773456573,0.3222847878932953,0
758,534022635,5387528,COCCOCCOCCOC,30,-386868.0568180343,-0.29492631554603577,-0.23037728667259216,-0.11412234604358673,0
759,416488352,5387528,COCCOCCOCCOC,30,-386919.49116573716,-0.0429268553853035,-0.12272148579359055,0.15557809174060822,0
760,416489057,5387528,COCCOCCOCCOC,30,-386920.6128940565,-0.09546356648206711,-0.07498440891504288,0.29736053943634033,0
761,534022954,5387528,COCCOCCOCCOC,30,-386891.3264171946,-0.26672646403312683,-0.25212645530700684,-0.21080300211906433,0
762,534024274,5387528,COCCOCCOCCOC,30,-386892.0830192161,-0.11241310834884644,-0.027871761471033096,0.47236472368240356,0
763,416487843,5387528,COCCOCCOCCOC,30,-386917.01924190886,0.12016555666923523,-0.11363550275564194,0.38224056363105774,0
764,534943948,5387528,COCCOCCOCCOC,30,-386888.8376919576,0.4496047794818878,0.24260127544403076,-0.09779723733663559,0
765,416487715,5387528,COCCOCCOCCOC,30,-386919.77349389624,-0.09738447517156601,-0.07023768872022629,0.3169506788253784,0
766,534023334,5387528,COCCOCCOCCOC,30,-386891.303451003,-0.11198447644710541,-0.12140911817550659,0.2261279821395874,0
767,534944015,5387528,COCCOCCOCCOC,30,-386882.1300424036,0.0039000355172902346,0.13701984286308289,-0.2909204363822937,0
768,416487436,5387528,COCCOCCOCCOC,30,-386914.994744119,-0.27901923656463623,-0.33994871377944946,-0.119874507188797,0
769,416488998,5387528,COCCOCCOCCOC,30,-386918.58275905345,-0.08695968240499496,-0.09552706032991409,0.30557337403297424,0
770,416487415,5387528,COCCOCCOCCOC,30,-386919.8129038199,-0.1152653768658638,-0.04656759276986122,0.2868351936340332,0
771,534022751,5387528,COCCOCCOCCOC,30,-386874.69066880894,-0.18004195392131805,-0.08780636638402939,0.23368462920188904,0
772,534023260,5387528,COCCOCCOCCOC,30,-386893.6360302764,0.03260260820388794,-0.08670039474964142,0.3811451494693756,0
773,416489449,5387528,COCCOCCOCCOC,30,-386917.5900624884,-0.08625058829784393,-0.08050902187824249,0.2807972729206085,0
774,416487591,5387528,COCCOCCOCCOC,30,-386919.64296979515,-0.1346491426229477,-0.023156791925430298,0.32753950357437134,0
775,416487636,5387528,COCCOCCOCCOC,30,-386920.07955714234,-0.33282068371772766,-0.22006361186504364,-0.12299665063619614,0
776,416488939,5387528,COCCOCCOCCOC,30,-386919.4417492726,-0.09926305711269379,-0.07180934399366379,0.30582207441329956,0
777,534944192,5387528,COCCOCCOCCOC,30,-386887.96531238995,-0.2518936097621918,-0.04518643766641617,-0.43401527404785156,0
778,534023520,5387528,COCCOCCOCCOC,30,-386891.33173772634,0.08430321514606476,0.05877571180462837,0.2794002592563629,0
779,534944215,5387528,COCCOCCOCCOC,30,-386883.9467191862,-0.7043030858039856,-0.006440086290240288,0.10135859251022339,0
780,534022576,5387528,COCCOCCOCCOC,30,-386891.16728511365,-0.11754612624645233,0.017441678792238235,0.3517070412635803,0
781,534944199,5387528,COCCOCCOCCOC,30,-386890.5207302983,0.20284947752952576,-0.27074819803237915,-0.42681312561035156,0
782,416488937,5387528,COCCOCCOCCOC,30,-386920.60472626897,-0.09546356648206711,-0.07514315843582153,0.2963603734970093,0
783,534944079,5387528,COCCOCCOCCOC,30,-386887.4066240247,0.21168676018714905,-0.14461353421211243,0.40179893374443054,0
784,534023640,5387528,COCCOCCOCCOC,30,-386889.24108160636,-0.40560901165008545,0.011202680878341198,0.26442456245422363,0
785,416488179,5387528,COCCOCCOCCOC,30,-386920.4919121569,-0.09838990867137909,-0.062342364341020584,0.34266868233680725,0
786,416488307,5387528,COCCOCCOCCOC,30,-386920.62043213827,-0.09394482523202896,-0.07540774345397949,0.3014404773712158,0
787,534944135,5387528,COCCOCCOCCOC,30,-386881.9310315854,-0.05093330517411232,-0.2872162163257599,0.3925701081752777,0
788,534024283,5387528,COCCOCCOCCOC,30,-386870.88000893855,0.17830096185207367,0.007694236468523741,0.1720619648694992,0
789,416488272,5387528,COCCOCCOCCOC,30,-386919.07236493146,-0.06669220328330994,-0.08598071336746216,0.3818701505661011,0
790,416489126,5387528,COCCOCCOCCOC,30,-386920.1455369197,-0.09571757167577744,-0.07650314271450043,0.3010912239551544,0
791,534943947,5387528,COCCOCCOCCOC,30,-386886.70142103126,0.17432154715061188,0.08496998250484467,-0.43512123823165894,0
792,534944279,5387528,COCCOCCOCCOC,30,-386900.6509728834,0.4967227280139923,0.11009531468153,-0.36240169405937195,0
793,416487539,5387528,COCCOCCOCCOC,30,-386916.61036838207,-0.3073408305644989,0.11170930415391922,0.7164106965065002,0
794,534022472,5387528,COCCOCCOCCOC,30,-386884.2213690903,-0.24833226203918457,0.046795137226581573,0.7591363787651062,0
795,416489497,5387528,COCCOCCOCCOC,30,-386920.61832148506,-0.09572815150022507,-0.0752013698220253,0.29614341259002686,0
796,416489155,5387528,COCCOCCOCCOC,30,-386920.595565949,-0.09550590068101883,-0.07554004341363907,0.29726529121398926,0
797,416487271,5387528,COCCOCCOCCOC,30,-386917.4836508487,0.12641513347625732,-0.17811575531959534,0.2508511543273926,0
798,416487608,5387528,COCCOCCOCCOC,30,-386914.28298690834,-0.30208081007003784,-0.4208545982837677,-0.04575265944004059,0
799,534024458,5387528,COCCOCCOCCOC,30,-386886.91666475154,-0.47923344373703003,0.10149089246988297,0.345298707485199,0
800,416489398,5387528,COCCOCCOCCOC,30,-386898.85196436686,-0.11808059364557266,-0.06767646968364716,0.3264864385128021,0
801,534024210,5387528,COCCOCCOCCOC,30,-386892.2451260899,-0.2640700042247772,0.1572873294353485,0.5289813876152039,0
802,534024350,5387528,COCCOCCOCCOC,30,-386890.700895139,-0.08107523620128632,-0.1201179251074791,0.2658374607563019,0
803,416489190,5387528,COCCOCCOCCOC,30,-386918.6279709454,-0.10380869358778,-0.09379665553569794,0.3561626970767975,0
804,534022347,5387528,COCCOCCOCCOC,30,-386868.06917526596,0.13526298105716705,-0.13466501235961914,0.2224237471818924,0
805,416487317,5387528,COCCOCCOCCOC,30,-386917.51459014934,0.043519530445337296,-0.024532655254006386,0.4327346384525299,0
806,534023203,5387528,COCCOCCOCCOC,30,-386873.3576006577,0.1635686755180359,-0.2273874282836914,0.3033243715763092,0
807,534022976,5387528,COCCOCCOCCOC,30,-386891.86283854186,-0.2859673500061035,-0.3546280860900879,0.3193531334400177,0
808,416487295,5387528,COCCOCCOCCOC,30,-386917.71342115593,0.1426502913236618,-0.14569835364818573,0.335725873708725,0
809,416489038,5387528,COCCOCCOCCOC,30,-386918.7030025971,-0.09645841270685196,-0.0700313076376915,0.32488304376602173,0
810,534944206,5387528,COCCOCCOCCOC,30,-386898.21220095415,0.059352509677410126,0.3084573745727539,-0.008689089678227901,0
811,534024204,5387528,COCCOCCOCCOC,30,-386895.97979983524,-0.29523324966430664,0.08601246029138565,0.5998964309692383,0
812,416489049,5387528,COCCOCCOCCOC,30,-386920.19907717255,-0.09594511240720749,-0.07256077229976654,0.3119764029979706,0
813,534944120,5387528,COCCOCCOCCOC,30,-386882.6839961547,0.40633928775787354,0.2788075804710388,-0.40935030579566956,0
814,416487310,5387528,COCCOCCOCCOC,30,-386917.0084049978,0.08016505092382431,-0.0679357647895813,0.426135778427124,0
815,534022448,5387528,COCCOCCOCCOC,30,-386892.41799026314,-0.021759765222668648,-0.019812393933534622,0.3913741707801819,0
816,534022318,5387528,COCCOCCOCCOC,30,-386891.2076348438,0.166542649269104,-0.15087899565696716,0.3932580351829529,0
817,534024198,5387528,COCCOCCOCCOC,30,-386890.0235898344,-0.26634544134140015,0.07284124195575714,0.6637204885482788,0
818,534943921,5387528,COCCOCCOCCOC,30,-386886.4204135971,0.13732676208019257,-0.2826123535633087,-0.5615363717079163,0
819,416488710,5387528,COCCOCCOCCOC,30,-386920.6003055412,-0.09655366837978363,-0.07530191540718079,0.2956407070159912,0
820,534023226,5387528,COCCOCCOCCOC,30,-386892.2533227918,0.1761789619922638,-0.1113177090883255,0.17163333296775818,0
821,534023280,5387528,COCCOCCOCCOC,30,-386891.67182365706,0.15366247296333313,-0.06987255811691284,0.38863828778266907,0
822,416489063,5387528,COCCOCCOCCOC,30,-386919.851166975,-0.09656425565481186,-0.08081064373254776,0.2698591947555542,0
823,416487368,5387528,COCCOCCOCCOC,30,-386919.0352048615,-0.31098684668540955,0.12734119594097137,0.6789078712463379,0
824,416487474,5387528,COCCOCCOCCOC,30,-386919.0985044711,-0.16146254539489746,-0.3205491006374359,0.2666788399219513,0
825,416488218,5387528,COCCOCCOCCOC,30,-386920.5825269083,-0.08845196664333344,-0.06672924011945724,0.2781302332878113,0
826,416489249,5387528,COCCOCCOCCOC,30,-386918.93437169184,-0.09519368410110474,-0.06883537024259567,0.3088436722755432,0
827,416487292,5387528,COCCOCCOCCOC,30,-386918.0433541886,0.14707420766353607,-0.15496425330638885,0.3199828565120697,0
828,416487708,5387528,COCCOCCOCCOC,30,-386918.9224120679,-0.09202390909194946,-0.06716316938400269,0.32342249155044556,0
829,534023602,5387528,COCCOCCOCCOC,30,-386894.3258195758,-0.050679296255111694,-0.05307646840810776,0.37980106472969055,0
830,534024176,5387528,COCCOCCOCCOC,30,-386892.8018355978,0.0333222858607769,-0.016568537801504135,0.5293782949447632,0
831,534943885,5387528,COCCOCCOCCOC,30,-386888.22882535134,-0.24955467879772186,0.44749340415000916,-0.1454761028289795,0
832,416489486,5387528,COCCOCCOCCOC,30,-386914.6521481617,-0.08143507689237595,-0.06316258758306503,0.32303622364997864,0
833,416487729,5387528,COCCOCCOCCOC,30,-386920.5415353188,-0.09803006798028946,-0.08591720461845398,0.3009483516216278,0
834,534023450,5387528,COCCOCCOCCOC,30,-386885.9465510238,0.06169147416949272,-0.09028821438550949,0.4346185028553009,0
835,416489469,5387528,COCCOCCOCCOC,30,-386918.3188504656,-0.11149763315916061,-0.08504936099052429,0.2816968858242035,0
836,534023316,5387528,COCCOCCOCCOC,30,-386890.8951375064,0.009609857574105263,-0.020330986008048058,0.4320679008960724,0
837,416489403,5387528,COCCOCCOCCOC,30,-386910.1323533166,-0.11420701444149017,-0.0686342865228653,0.32129520177841187,0
838,416487818,5387528,COCCOCCOCCOC,30,-386918.0649846717,0.12648922204971313,-0.17783528566360474,0.25928622484207153,0
839,416488183,5387528,COCCOCCOCCOC,30,-386920.66280658985,-0.0958816185593605,-0.0707668662071228,0.31326761841773987,0
840,416489040,5387528,COCCOCCOCCOC,30,-386919.05004407186,-0.09646899998188019,-0.07032764703035355,0.3234807252883911,0
841,534023678,5387528,COCCOCCOCCOC,30,-386892.67655515537,-0.3288254141807556,0.12988124787807465,0.37690645456314087,0
842,534943896,5387528,COCCOCCOCCOC,30,-386890.4765795538,-0.23401273787021637,0.13296635448932648,0.23106521368026733,0
843,534023177,5387528,COCCOCCOCCOC,30,-386875.66037671943,-0.0808265283703804,-0.12764282524585724,0.3390173614025116,0
844,534944324,5387528,COCCOCCOCCOC,30,-386889.89632823545,-0.009980281814932823,-0.33837178349494934,0.14549197256565094,0
845,534944132,5387528,COCCOCCOCCOC,30,-386889.735833165,-0.7518866658210754,-0.10857128351926804,-0.0935373604297638,0
846,416487349,5387528,COCCOCCOCCOC,30,-386913.2998831277,-0.29422780871391296,0.08681152015924454,0.7263433337211609,0
847,416488005,5387528,COCCOCCOCCOC,30,-386915.9737091992,-0.04484247416257858,0.012959549203515053,0.26337677240371704,0
848,534023736,5387528,COCCOCCOCCOC,30,-386891.33127446816,-0.13388711214065552,0.038349468261003494,0.4443977177143097,0
849,416487372,5387528,COCCOCCOCCOC,30,-386919.5812889146,-0.30645179748535156,0.13009820878505707,0.6579524278640747,0
850,416488090,5387528,COCCOCCOCCOC,30,-386918.9539969013,-0.3726571500301361,0.11332330107688904,0.40609586238861084,0
851,416487330,5387528,COCCOCCOCCOC,30,-386919.47408296017,-0.059611812233924866,-0.03122674487531185,0.3862464129924774,0
852,534943907,5387528,COCCOCCOCCOC,30,-386887.40157663275,0.0606013685464859,0.016229864209890366,-0.22771550714969635,0
853,534944184,5387528,COCCOCCOCCOC,30,-386884.8921486171,0.27182772755622864,-0.33477863669395447,0.26927709579467773,0
854,534023643,5387528,COCCOCCOCCOC,30,-386872.93100423337,-0.392453670501709,0.02928466536104679,0.3382553458213806,0
855,416487704,5387528,COCCOCCOCCOC,30,-386918.51495400356,-0.0878116637468338,-0.06950213015079498,0.3237241506576538,0
856,534944210,5387528,COCCOCCOCCOC,30,-386884.7612197423,0.15448269248008728,-0.47480419278144836,0.4797837734222412,0
857,416487920,5387528,COCCOCCOCCOC,30,-386918.2761561297,0.14930734038352966,-0.16103391349315643,0.31102919578552246,0
858,416488988,5387528,COCCOCCOCCOC,30,-386919.75339258835,-0.08401216566562653,-0.08144565671682358,0.34179553389549255,0
859,534024444,5387528,COCCOCCOCCOC,30,-386890.2841806203,-0.06676628440618515,0.011885318905115128,0.22670479118824005,0
860,416488066,5387528,COCCOCCOCCOC,30,-386914.83322979807,-0.48828235268592834,0.034518226981163025,0.3462194800376892,0
861,416489026,5387528,COCCOCCOCCOC,30,-386919.80361810094,-0.10280854254961014,-0.06153801456093788,0.2937938868999481,0
862,534944205,5387528,COCCOCCOCCOC,30,-386889.4940008097,0.21199896931648254,0.11191567778587341,0.13443216681480408,0
863,416488870,5387528,COCCOCCOCCOC,30,-386920.2667020469,-0.09947472810745239,-0.07325929403305054,0.313728004693985,0
864,416489196,5387528,COCCOCCOCCOC,30,-386920.56690365874,-0.09617266058921814,-0.07686828076839447,0.30116531252861023,0
865,534944175,5387528,COCCOCCOCCOC,30,-386886.4396714512,0.027919389307498932,-0.03815896809101105,-0.20354801416397095,0
866,534944036,5387528,COCCOCCOCCOC,30,-386885.52986974234,-0.46867635846138,-0.09148415178060532,-0.194271519780159,0
867,416489242,5387528,COCCOCCOCCOC,30,-386912.14069566486,-0.09419353306293488,-0.06358063966035843,0.31859639286994934,0
868,416487922,5387528,COCCOCCOCCOC,30,-386918.1012126718,0.14744463562965393,-0.15578976273536682,0.3211100101470947,0
869,534022528,5387528,COCCOCCOCCOC,30,-386892.27999271755,-0.30759480595588684,0.08710256218910217,0.5526620745658875,0
870,416487917,5387528,COCCOCCOCCOC,30,-386918.4443114135,0.15059852600097656,-0.16780208051204681,0.2963074743747711,0
871,534944160,5387528,COCCOCCOCCOC,30,-386891.5554070383,0.04015396535396576,0.3500824570655823,0.25425904989242554,0
872,534943930,5387528,COCCOCCOCCOC,30,-386878.1582329045,0.06301970779895782,-0.40572014451026917,-0.17588791251182556,0
873,534022716,5387528,COCCOCCOCCOC,30,-386888.2635689997,-0.07605863362550735,-0.2855016589164734,0.21489886939525604,0
874,534022496,5387528,COCCOCCOCCOC,30,-386889.6723765995,-0.2774687707424164,0.17129993438720703,0.6927617192268372,0
875,534022530,5387528,COCCOCCOCCOC,30,-386894.11796894943,-0.3331223130226135,0.01055708434432745,0.5095447301864624,0
876,416487661,5387528,COCCOCCOCCOC,30,-386918.3013027147,-0.1363954246044159,-0.28608906269073486,0.2584025263786316,0
877,416488312,5387528,COCCOCCOCCOC,30,-386919.2392494527,-0.05682304501533508,-0.11205326020717621,0.15520766377449036,0
878,534024239,5387528,COCCOCCOCCOC,30,-386869.0289968788,-0.2617204487323761,-0.2766326665878296,0.4440590441226959,0
879,534024282,5387528,COCCOCCOCCOC,30,-386886.2899323594,-0.007805363275110722,0.03679369017481804,0.2763839364051819,0
880,416489168,5387528,COCCOCCOCCOC,30,-386920.25544664986,-0.09841108322143555,-0.0705922394990921,0.2995089888572693,0
881,416487575,5387528,COCCOCCOCCOC,30,-386919.3605675706,-0.24637959897518158,0.0889652669429779,0.5227370858192444,0
882,534022558,5387528,COCCOCCOCCOC,30,-386892.26847040735,-0.13492430746555328,0.04953627660870552,0.42388150095939636,0
883,534943900,5387528,COCCOCCOCCOC,30,-386875.7587797707,-0.12005971372127533,0.03966182842850685,-0.1433805525302887,0
884,416488326,5387528,COCCOCCOCCOC,30,-386920.61490754865,-0.09631025046110153,-0.074465811252594,0.2953867018222809,0
885,416488243,5387528,COCCOCCOCCOC,30,-386920.6038125951,-0.0944105014204979,-0.06494591385126114,0.3150879442691803,0
886,416487799,5387528,COCCOCCOCCOC,30,-386916.30304593523,0.18416953086853027,-0.17909473180770874,0.2187618464231491,0
887,416488925,5387528,COCCOCCOCCOC,30,-386919.67318150547,-0.09513547271490097,-0.07439173012971878,0.3035677969455719,0
888,416488276,5387528,COCCOCCOCCOC,30,-386919.7480974237,-0.07419592887163162,-0.08101702481508255,0.3654868006706238,0
889,416489284,5387528,COCCOCCOCCOC,30,-386914.6920363643,-0.048594340682029724,-0.06295091658830643,0.07826001197099686,0
890,534023311,5387528,COCCOCCOCCOC,30,-386872.5565563934,0.04096360504627228,-0.051213767379522324,0.5209167003631592,0
891,534023080,5387528,COCCOCCOCCOC,30,-386893.4388069459,-0.0754447877407074,-0.07964646071195602,0.39484554529190063,0
892,416487461,5387528,COCCOCCOCCOC,30,-386919.94663664664,-0.22397424280643463,-0.3754935562610626,0.2910580337047577,0
893,416487570,5387528,COCCOCCOCCOC,30,-386919.4335310113,-0.2577304542064667,0.08772699534893036,0.5395543575286865,0
894,416487691,5387528,COCCOCCOCCOC,30,-386920.2787139576,-0.096193827688694,-0.10178723186254501,0.30047738552093506,0
895,534022728,5387528,COCCOCCOCCOC,30,-386889.3332276452,-0.07333866506814957,-0.25035902857780457,0.21224239468574524,0
896,416487305,5387528,COCCOCCOCCOC,30,-386916.93888606835,0.10914808511734009,-0.10071828961372375,0.398613303899765,0
897,534022511,5387528,COCCOCCOCCOC,30,-386872.0298438596,-0.3685348629951477,0.050774551928043365,0.574718177318573,0
898,416488022,5387528,COCCOCCOCCOC,30,-386913.8850217804,-0.03655026853084564,0.005768031347543001,0.22313815355300903,0
899,416487835,5387528,COCCOCCOCCOC,30,-386917.74019060226,0.14274026453495026,-0.1455184370279312,0.3365302085876465,0
900,416487773,5387528,COCCOCCOCCOC,30,-386919.5443561335,-0.09340506047010422,-0.05838411673903465,0.31898799538612366,0
901,416487975,5387528,COCCOCCOCCOC,30,-386917.10444345983,0.09268538653850555,0.04105885699391365,0.20769675076007843,0
902,534022435,5387528,COCCOCCOCCOC,30,-386870.15293992,0.02882957272231579,-0.03916969522833824,0.3876487612724304,0
903,416488361,5387528,COCCOCCOCCOC,30,-386920.5120569643,-0.09511959552764893,-0.0755506306886673,0.2908569276332855,0
904,534022374,5387528,COCCOCCOCCOC,30,-386891.82878307934,0.14444419741630554,-0.1391259729862213,0.2578786313533783,0
905,534024382,5387528,COCCOCCOCCOC,30,-386891.41017767944,-0.08842021226882935,0.05242028832435608,0.35562822222709656,0
906,416487425,5387528,COCCOCCOCCOC,30,-386920.6003870842,-0.09760144352912903,-0.06694620847702026,0.298498272895813,0
907,416488028,5387528,COCCOCCOCCOC,30,-386914.4909329011,-0.04726081341505051,0.010318955406546593,0.23600773513317108,0
908,534944089,5387528,COCCOCCOCCOC,30,-386880.1965629258,0.152572363615036,-0.5022896528244019,0.24038401246070862,0
909,534943841,5387528,COCCOCCOCCOC,30,-386883.7069585233,0.27246272563934326,-0.02234715223312378,-0.08134511858224869,0
910,416487976,5387528,COCCOCCOCCOC,30,-386917.3071792885,0.0909549742937088,0.041238777339458466,0.2109723538160324,0
911,416488965,5387528,COCCOCCOCCOC,30,-386919.98441360996,-0.11526008695363998,-0.06532163172960281,0.23909282684326172,0
912,416487634,5387528,COCCOCCOCCOC,30,-386919.7116266145,-0.3265552520751953,-0.23770637810230255,-0.12500223517417908,0
913,534023304,5387528,COCCOCCOCCOC,30,-386890.00712111744,0.06011981889605522,-0.08888588845729828,0.3539772033691406,0
914,416488886,5387528,COCCOCCOCCOC,30,-386919.9265636094,-0.09375432133674622,-0.07358738034963608,0.32077664136886597,0
915,534022799,5387528,COCCOCCOCCOC,30,-386866.70664207975,-0.2878406345844269,0.03584117069840431,0.7027049660682678,0
916,534022917,5387528,COCCOCCOCCOC,30,-386869.8204080206,-0.4097154140472412,-0.4723699986934662,-0.048472627997398376,0
917,416487572,5387528,COCCOCCOCCOC,30,-386919.4900775203,-0.25381985306739807,0.09008712321519852,0.5390251874923706,0
918,534944158,5387528,COCCOCCOCCOC,30,-386892.09133820335,-0.15290044248104095,0.27725180983543396,-0.6004838347434998,0
919,416489287,5387528,COCCOCCOCCOC,30,-386916.9492443629,-0.0868697240948677,-0.041249360889196396,0.21213653683662415,0
920,416488350,5387528,COCCOCCOCCOC,30,-386919.22457632405,-0.04231300577521324,-0.12240397930145264,0.154525026679039,0
921,534024324,5387528,COCCOCCOCCOC,30,-386889.8365586395,-0.15926645696163177,-0.08244580030441284,0.2539044916629791,0
922,534023582,5387528,COCCOCCOCCOC,30,-386888.98310570826,-0.0631149634718895,-0.014086696319282055,0.2705153822898865,0
923,534023758,5387528,COCCOCCOCCOC,30,-386891.42020845605,-0.07813301682472229,-0.056786004453897476,0.352437287569046,0
924,534023379,5387528,COCCOCCOCCOC,30,-386872.3653128466,0.0130283422768116,-0.1840742826461792,0.36026909947395325,0
925,416487871,5387528,COCCOCCOCCOC,30,-386919.7890696803,-0.07541833072900772,-0.04945160448551178,0.3668203353881836,0
926,416487743,5387528,COCCOCCOCCOC,30,-386919.2780253421,-0.08662101626396179,-0.09413003921508789,0.3001439869403839,0
927,534023116,5387528,COCCOCCOCCOC,30,-386893.9415006961,-0.1163501888513565,-0.08217592537403107,0.23512399196624756,0
928,534024300,5387528,COCCOCCOCCOC,30,-386890.98742034304,-0.31941133737564087,-0.3084150552749634,0.25272974371910095,0
929,416488189,5387528,COCCOCCOCCOC,30,-386917.82277217053,-0.11463036388158798,-0.0844196304678917,0.3518710732460022,0
930,534023518,5387528,COCCOCCOCCOC,30,-386892.1852153858,0.01411315519362688,-0.008530335500836372,0.32384586334228516,0
931,416488087,5387528,COCCOCCOCCOC,30,-386918.7551234782,-0.3919086158275604,0.10886762291193008,0.40543437004089355,0
932,534022444,5387528,COCCOCCOCCOC,30,-386889.4976796555,-0.011758317239582539,0.06853373348712921,0.37563642859458923,0
933,534023598,5387528,COCCOCCOCCOC,30,-386889.24918629846,-0.037407536059617996,-0.08425559103488922,0.36845019459724426,0
934,416488933,5387528,COCCOCCOCCOC,30,-386920.4278722593,-0.09569110721349716,-0.07475157082080841,0.29928144812583923,0
935,534023767,5387528,COCCOCCOCCOC,30,-386880.3340080949,-0.06972967833280563,0.007598984055221081,0.22704875469207764,0
936,416487694,5387528,COCCOCCOCCOC,30,-386920.5001327331,-0.0952518880367279,-0.08828791975975037,0.29932379722595215,0
937,416487475,5387528,COCCOCCOCCOC,30,-386918.96777036594,-0.15751488506793976,-0.31556421518325806,0.265668123960495,0
938,416488286,5387528,COCCOCCOCCOC,30,-386920.6057513859,-0.09225145727396011,-0.07574112713336945,0.3079916834831238,0
939,416489060,5387528,COCCOCCOCCOC,30,-386919.2113803031,-0.04927697777748108,-0.12433546781539917,0.1501963585615158,0
940,534024370,5387528,COCCOCCOCCOC,30,-386889.4609125884,0.14407378435134888,-0.13299281895160675,0.3286825120449066,0
941,534024178,5387528,COCCOCCOCCOC,30,-386890.44117561047,0.03198346868157387,-0.07456635683774948,0.4350101053714752,0
942,416489027,5387528,COCCOCCOCCOC,30,-386919.93967859505,-0.10207299143075943,-0.0629403367638588,0.2941272556781769,0
943,534022910,5387528,COCCOCCOCCOC,30,-386885.99101037876,-0.26918715238571167,-0.4150336682796478,-0.04144515469670296,0
944,534023434,5387528,COCCOCCOCCOC,30,-386890.4126380527,0.13904130458831787,-0.15207494795322418,0.5346012115478516,0
945,534022652,5387528,COCCOCCOCCOC,30,-386893.111719131,-0.3795047104358673,-0.19204369187355042,-0.15772126615047455,0
946,416489206,5387528,COCCOCCOCCOC,30,-386915.0544983717,-0.07857222855091095,-0.03756628930568695,0.17353837192058563,0
947,416487367,5387528,COCCOCCOCCOC,30,-386918.8503717632,-0.3119393587112427,0.12601825594902039,0.6836069226264954,0
948,416487285,5387528,COCCOCCOCCOC,30,-386918.45595267246,0.14874112606048584,-0.1709771454334259,0.2859303057193756,0
949,534023686,5387528,COCCOCCOCCOC,30,-386892.85377445404,-0.28436923027038574,0.089838407933712,0.3401815593242645,0
950,416489149,5387528,COCCOCCOCCOC,30,-386920.3275055627,-0.09487088769674301,-0.07693177461624146,0.3003874123096466,0
951,416488863,5387528,COCCOCCOCCOC,30,-386919.47382828104,-0.10245928168296814,-0.07273010909557343,0.32603132724761963,0
952,534024168,5387528,COCCOCCOCCOC,30,-386890.0602324833,-0.0024024643935263157,-0.04891184717416763,0.4304221272468567,0
953,416489193,5387528,COCCOCCOCCOC,30,-386919.8739658619,-0.10017324239015579,-0.0854356586933136,0.32891008257865906,0
954,534943973,5387528,COCCOCCOCCOC,30,-386883.8259532415,-0.8530336022377014,-0.18256613612174988,-0.2885550260543823,0
955,416487834,5387528,COCCOCCOCCOC,30,-386917.85214285314,0.14433306455612183,-0.1487252563238144,0.3312966525554657,0
956,416487583,5387528,COCCOCCOCCOC,30,-386919.2506723334,-0.19708673655986786,0.039984628558158875,0.43495187163352966,0
957,416487562,5387528,COCCOCCOCCOC,30,-386920.15841264976,-0.292206346988678,0.10561846941709518,0.5607902407646179,0
958,416488882,5387528,COCCOCCOCCOC,30,-386919.39904159587,-0.09238374978303909,-0.07432293146848679,0.3261266052722931,0
959,534023426,5387528,COCCOCCOCCOC,30,-386889.47265105735,0.1587161123752594,-0.160949245095253,0.21146449446678162,0
960,534022464,5387528,COCCOCCOCCOC,30,-386892.2477636941,-0.08881709724664688,-0.007038056384772062,0.2958894371986389,0
961,416487445,5387528,COCCOCCOCCOC,30,-386918.0546438753,-0.3058696985244751,-0.27340996265411377,-0.12666384875774384,0
962,416488961,5387528,COCCOCCOCCOC,30,-386919.3978479794,-0.1195993423461914,-0.06596722453832626,0.21204659342765808,0
963,416489222,5387528,COCCOCCOCCOC,30,-386913.9289639232,-0.06744363158941269,-0.08636701107025146,0.2732141613960266,0
964,534023750,5387528,COCCOCCOCCOC,30,-386892.80867611803,-0.1210598573088646,-0.012742586433887482,0.2742566466331482,0
965,416487869,5387528,COCCOCCOCCOC,30,-386919.1070736633,-0.03812721371650696,-0.009466979652643204,0.4049634039402008,0
966,534023098,5387528,COCCOCCOCCOC,30,-386890.8128224238,-0.11605913937091827,-0.06839615106582642,0.37463629245758057,0
967,416488082,5387528,COCCOCCOCCOC,30,-386918.1805362831,-0.4212726652622223,0.0974850207567215,0.39795181155204773,0
968,534943997,5387528,COCCOCCOCCOC,30,-386892.04909288377,-0.0377938337624073,-0.2465595304965973,0.21941274404525757,0
969,416487945,5387528,COCCOCCOCCOC,30,-386917.23149949795,0.058960922062397,-0.04686393216252327,0.43306273221969604,0
970,416487778,5387528,COCCOCCOCCOC,30,-386920.1117597206,-0.09613032639026642,-0.06308849900960922,0.3121193051338196,0
971,534022694,5387528,COCCOCCOCCOC,30,-386891.02853289567,-0.23324541747570038,-0.35667070746421814,0.24635842442512512,0
972,534022438,5387528,COCCOCCOCCOC,30,-386888.15445384587,-0.05489684268832207,0.10222115367650986,0.42622578144073486,0
973,416487682,5387528,COCCOCCOCCOC,30,-386919.21776770067,-0.1003849133849144,-0.1548795849084854,0.28101423382759094,0
974,534022469,5387528,COCCOCCOCCOC,30,-386862.7064211755,-0.2608790397644043,-0.02585030533373356,0.6350496411323547,0
975,534023470,5387528,COCCOCCOCCOC,30,-386889.8692898029,0.003730699187144637,-0.10507871210575104,0.37434524297714233,0
976,416487387,5387528,COCCOCCOCCOC,30,-386919.7251650109,-0.2701767086982727,0.09327805787324905,0.5452430248260498,0
977,416489186,5387528,COCCOCCOCCOC,30,-386916.26798254385,-0.10846015065908432,-0.10443311929702759,0.39024171233177185,0
978,416489131,5387528,COCCOCCOCCOC,30,-386920.50036480365,-0.09583928436040878,-0.07580991834402084,0.2998635470867157,0
979,534944088,5387528,COCCOCCOCCOC,30,-386888.19212366635,0.0013864442007616162,0.46126788854599,-0.2620432376861572,0
980,416487605,5387528,COCCOCCOCCOC,30,-386920.60205470945,-0.09760673344135284,-0.06757063418626785,0.29959365725517273,0
981,416487510,5387528,COCCOCCOCCOC,30,-386920.22437543416,-0.09677591919898987,-0.10522688180208206,0.3012605607509613,0
982,416489447,5387528,COCCOCCOCCOC,30,-386915.6823005759,-0.08411271125078201,-0.08207537978887558,0.2763945460319519,0
983,416489452,5387528,COCCOCCOCCOC,30,-386919.5023260603,-0.08958440274000168,-0.0783129334449768,0.2871156632900238,0
984,416487265,5387528,COCCOCCOCCOC,30,-386916.8452631821,0.15659940242767334,-0.17927993834018707,0.24182337522506714,0
985,534943832,5387528,COCCOCCOCCOC,30,-386887.939529767,-0.2923809885978699,0.4040902853012085,-0.12032430619001389,0
986,534022534,5387528,COCCOCCOCCOC,30,-386893.30481108034,-0.32748129963874817,0.19564209878444672,0.4511446952819824,0
987,534943910,5387528,COCCOCCOCCOC,30,-386875.189764359,-0.11425992846488953,0.28137409687042236,-0.0728941559791565,0
988,416487658,5387528,COCCOCCOCCOC,30,-386918.60961017,-0.14726471900939941,-0.3007790148258209,0.2637366056442261,0
989,534023255,5387528,COCCOCCOCCOC,30,-386874.155948985,0.12205471843481064,-0.13701455295085907,0.3333604633808136,0
990,416488974,5387528,COCCOCCOCCOC,30,-386920.6450902938,-0.1015385165810585,-0.07162413001060486,0.28143230080604553,0
991,534024404,5387528,COCCOCCOCCOC,30,-386891.70862162963,-0.049007099121809006,0.05677012726664543,0.47099944949150085,0
992,416489494,5387528,COCCOCCOCCOC,30,-386920.26988853817,-0.09142594039440155,-0.07162413001060486,0.30413928627967834,0
993,534943968,5387528,COCCOCCOCCOC,30,-386893.42799564166,0.28472378849983215,0.2402675896883011,0.1599755585193634,0
994,534023398,5387528,COCCOCCOCCOC,30,-386891.11560607766,0.20079098641872406,-0.21751299500465393,0.29152899980545044,0
995,416487930,5387528,COCCOCCOCCOC,30,-386917.26433269813,0.13143174350261688,-0.12865884602069855,0.36338067054748535,0
996,534024269,5387528,COCCOCCOCCOC,30,-386871.23946541274,-0.38007092475891113,0.03694714978337288,0.4906001687049866,0
997,416489404,5387528,COCCOCCOCCOC,30,-386911.787556577,-0.11321216076612473,-0.06906820833683014,0.3199458122253418,0
998,416489455,5387528,COCCOCCOCCOC,30,-386920.4450754378,-0.09305580705404282,-0.07637614011764526,0.29269319772720337,0
999,416489024,5387528,COCCOCCOCCOC,30,-386919.4943048665,-0.10404682159423828,-0.05916730314493179,0.2927461266517639,0
1000,416488360,5387528,COCCOCCOCCOC,30,-386920.46519793785,-0.09410358220338821,-0.07562471181154251,0.2883380651473999,0
1001,416487374,5387528,COCCOCCOCCOC,30,-386919.68385071965,-0.3016839027404785,0.12922507524490356,0.6474429965019226,0
1002,534944056,5387528,COCCOCCOCCOC,30,-386888.26496994914,-0.3228404223918915,-0.3928029239177704,-0.0668192058801651,0
1003,534023362,5387528,COCCOCCOCCOC,30,-386888.29991908115,0.26939353346824646,-0.19712378084659576,0.16321411728858948,0
1004,534943953,5387528,COCCOCCOCCOC,30,-386882.840500858,-0.03748161718249321,0.02556454949080944,-0.22675243020057678,0
1005,534022935,5387528,COCCOCCOCCOC,30,-386871.784551589,-0.30867433547973633,-0.2714678943157196,-0.07018476724624634,0
1006,534022451,5387528,COCCOCCOCCOC,30,-386874.48480847565,-0.05365327373147011,0.05242028832435608,0.41461560130119324,0
1007,534022758,5387528,COCCOCCOCCOC,30,-386893.609668877,-0.12513452768325806,-0.11597447097301483,0.3323814868927002,0
1008,416489187,5387528,COCCOCCOCCOC,30,-386916.92551042966,-0.10725892335176468,-0.10191952437162399,0.3819177746772766,0
1009,416488989,5387528,COCCOCCOCCOC,30,-386919.915999911,-0.0855732411146164,-0.08058839291334152,0.336223304271698,0
1010,416488262,5387528,COCCOCCOCCOC,30,-386920.094873184,-0.048843055963516235,-0.12774337828159332,0.16518795490264893,0
1011,416489067,5387528,COCCOCCOCCOC,30,-386920.2295165904,-0.09754852205514908,-0.07654018700122833,0.2864488959312439,0
1012,416489164,5387528,COCCOCCOCCOC,30,-386919.868731587,-0.0993741825222969,-0.06862898916006088,0.30082663893699646,0
1013,416489376,5387528,COCCOCCOCCOC,30,-386920.6306472828,-0.10197773575782776,-0.07305820286273956,0.2897774279117584,0
1014,416487649,5387528,COCCOCCOCCOC,30,-386919.73643418064,-0.18562477827072144,-0.3461718261241913,0.27280139923095703,0
1015,416487754,5387528,COCCOCCOCCOC,30,-386918.2833728281,-0.07935541123151779,-0.07842934876680374,0.31458526849746704,0
1016,416489256,5387528,COCCOCCOCCOC,30,-386920.65401648363,-0.0956011489033699,-0.07493148744106293,0.2970006763935089,0
1017,416487282,5387528,COCCOCCOCCOC,30,-386918.38331712235,0.14403145015239716,-0.1752370148897171,0.2729760706424713,0
1018,416489045,5387528,COCCOCCOCCOC,30,-386919.7717731761,-0.09631554037332535,-0.07105261832475662,0.3184482455253601,0
1019,534023088,5387528,COCCOCCOCCOC,30,-386891.17143183685,-0.19571618735790253,0.05240970849990845,0.3771234154701233,0
1020,416487876,5387528,COCCOCCOCCOC,30,-386920.6426852595,-0.09641078859567642,-0.07418534904718399,0.2940637767314911,0
1021,416487356,5387528,COCCOCCOCCOC,30,-386915.6235590526,-0.30774828791618347,0.10232169926166534,0.7220252156257629,0
1022,534943982,5387528,COCCOCCOCCOC,30,-386877.013953434,0.5374799370765686,0.24419410526752472,-0.2305624932050705,0
1023,416488207,5387528,COCCOCCOCCOC,30,-386920.588043319,-0.09608270227909088,-0.07556650042533875,0.2978050410747528,0
1024,534024348,5387528,COCCOCCOCCOC,30,-386893.716061719,-0.02199789509177208,-0.10186131298542023,0.42547962069511414,0
1025,534024354,5387528,COCCOCCOCCOC,30,-386888.1816060999,0.16258439421653748,-0.23382222652435303,0.2513168454170227,0
1026,534024466,5387528,COCCOCCOCCOC,30,-386890.12134206237,-0.4842394292354584,0.08865834772586823,0.39404648542404175,0
1027,534944075,5387528,COCCOCCOCCOC,30,-386896.29704253736,-0.6790560483932495,0.2198466658592224,-0.14295721054077148,0
1028,534944099,5387528,COCCOCCOCCOC,30,-386887.82625496463,0.07920724153518677,-0.24410414695739746,0.6450722813606262,0
1029,534022738,5387528,COCCOCCOCCOC,30,-386890.0461768641,-0.15685869753360748,-0.18154481053352356,0.32921698689460754,0
1030,534943995,5387528,COCCOCCOCCOC,30,-386887.54914956255,0.10956084728240967,-0.008853133767843246,0.303398460149765,0
1031,534023142,5387528,COCCOCCOCCOC,30,-386890.78875061887,-0.08464188873767853,-0.07731807976961136,0.2800511419773102,0
1032,416488928,5387528,COCCOCCOCCOC,30,-386920.0201331742,-0.09536301344633102,-0.07449756562709808,0.3021972179412842,0
1033,534024452,5387528,COCCOCCOCCOC,30,-386887.8014020402,-0.4361531138420105,-0.0012964840279892087,0.19482716917991638,0
1034,534023580,5387528,COCCOCCOCCOC,30,-386888.97058845486,-0.03462935611605644,0.07251843810081482,0.21584607660770416,0
1035,416489445,5387528,COCCOCCOCCOC,30,-386913.18951526727,-0.08209654688835144,-0.0837264135479927,0.27190181612968445,0
1036,534023408,5387528,COCCOCCOCCOC,30,-386889.6318454312,0.19037148356437683,-0.1424015760421753,0.26023876667022705,0
1037,534023446,5387528,COCCOCCOCCOC,30,-386890.1796841972,0.09805652499198914,-0.02134171687066555,0.38485997915267944,0
1038,416489023,5387528,COCCOCCOCCOC,30,-386919.3219559174,-0.10453365743160248,-0.05823065713047981,0.29202643036842346,0
1039,416487640,5387528,COCCOCCOCCOC,30,-386919.8279840554,-0.23711371421813965,-0.38174310326576233,0.2881263792514801,0
1040,416488357,5387528,COCCOCCOCCOC,30,-386920.2802952049,-0.09238374978303909,-0.07675714790821075,0.2811359465122223,0
1041,416488168,5387528,COCCOCCOCCOC,30,-386919.0912255884,-0.09999331831932068,-0.05607161670923233,0.37955763936042786,0
1042,416489468,5387528,COCCOCCOCCOC,30,-386917.78315521963,-0.11352967470884323,-0.08670568466186523,0.27931028604507446,0
1043,416487399,5387528,COCCOCCOCCOC,30,-386919.1812116085,-0.22859394550323486,0.07204218208789825,0.490954726934433,0
1044,534944049,5387528,COCCOCCOCCOC,30,-386898.40441693977,-0.11840339004993439,-0.3718580901622772,0.2586776912212372,0
1045,416489322,5387528,COCCOCCOCCOC,30,-386908.776292533,-0.11876852065324783,-0.12899751961231232,0.48162001371383667,0
1046,416489395,5387528,COCCOCCOCCOC,30,-386920.4444144751,-0.09271713346242905,-0.07602159678936005,0.2938944399356842,0
1047,534023160,5387528,COCCOCCOCCOC,30,-386891.7895740541,-0.01800260879099369,-0.12935207784175873,0.2571853995323181,0
1048,534023723,5387528,COCCOCCOCCOC,30,-386871.1984611349,-0.10729596763849258,-0.019643057137727737,0.4007299840450287,0
1049,416487345,5387528,COCCOCCOCCOC,30,-386912.35026408464,-0.28451210260391235,0.0812763199210167,0.7208345532417297,0
1050,534943851,5387528,COCCOCCOCCOC,30,-386884.9599861914,-0.5354955792427063,0.005159477703273296,-0.3415415287017822,0
1051,416489305,5387528,COCCOCCOCCOC,30,-386915.20330316655,-0.05044116824865341,-0.13015113770961761,0.16017663478851318,0
1052,416487677,5387528,COCCOCCOCCOC,30,-386918.57806832227,-0.10468712449073792,-0.18750864267349243,0.26850977540016174,0
1053,416489297,5387528,COCCOCCOCCOC,30,-386920.63746814954,-0.09589219838380814,-0.07627560198307037,0.2991597354412079,0
1054,416488162,5387528,COCCOCCOCCOC,30,-386920.14685566403,-0.043620072305202484,-0.12666913866996765,0.1529533714056015,0
1055,534024262,5387528,COCCOCCOCCOC,30,-386894.9349471927,-0.3253857493400574,0.0733492448925972,0.6420612335205078,0
1056,416487386,5387528,COCCOCCOCCOC,30,-386919.8078531021,-0.27444717288017273,0.09535244107246399,0.5474390983581543,0
1057,534023033,5387528,COCCOCCOCCOC,30,-386874.6037475551,-0.15256178379058838,-0.12112865597009659,0.222074493765831,0
1058,416487648,5387528,COCCOCCOCCOC,30,-386919.82401910477,-0.19066783785820007,-0.35056400299072266,0.27437835931777954,0
1059,416488912,5387528,COCCOCCOCCOC,30,-386920.3927671723,-0.09517780691385269,-0.07641847431659698,0.3039170503616333,0
1060,534944278,5387528,COCCOCCOCCOC,30,-386889.3465228114,-0.4587172269821167,0.04099535569548607,-0.3286454975605011,0
1061,534023025,5387528,COCCOCCOCCOC,30,-386874.47980503825,-0.1009458377957344,-0.15177330374717712,0.23570609092712402,0
1062,534022369,5387528,COCCOCCOCCOC,30,-386876.0151149963,-0.01288546435534954,-0.15736141800880432,0.3108598291873932,0
1063,416489114,5387528,COCCOCCOCCOC,30,-386920.5484910479,-0.0963314101099968,-0.07428059726953506,0.2978368103504181,0
1064,534943961,5387528,COCCOCCOCCOC,30,-386886.7252455869,0.5562922358512878,0.3679051399230957,-0.4043072462081909,0
1065,534944281,5387528,COCCOCCOCCOC,30,-386884.5107693463,-0.21402043104171753,-0.0019738308619707823,-0.28427398204803467,0
1066,416487825,5387528,COCCOCCOCCOC,30,-386918.4662507932,0.14888399839401245,-0.17124173045158386,0.28622135519981384,0
1067,534944280,5387528,COCCOCCOCCOC,30,-386896.8809305498,-0.2490784078836441,-0.21340127289295197,0.1352418065071106,0
1068,534943979,5387528,COCCOCCOCCOC,30,-386888.6240482422,-0.6155071258544922,-0.28262293338775635,-0.0991254672408104,0
1069,416487695,5387528,COCCOCCOCCOC,30,-386920.553393086,-0.09503493458032608,-0.08451488614082336,0.2977362275123596,0
1070,534023531,5387528,COCCOCCOCCOC,30,-386869.87516370846,-0.16187530755996704,0.12719303369522095,0.2520735561847687,0
1071,534944317,5387528,COCCOCCOCCOC,30,-386875.95387252833,0.20009775459766388,0.1044013574719429,-0.3515165150165558,0
1072,416487603,5387528,COCCOCCOCCOC,30,-386920.57546191965,-0.09835287183523178,-0.06336896121501923,0.293952614068985,0
1073,534023749,5387528,COCCOCCOCCOC,30,-386873.40389864804,-0.08299615234136581,0.06673453748226166,0.3352813720703125,0
1074,534024483,5387528,COCCOCCOCCOC,30,-386873.75365711335,-0.21796278655529022,-0.00930822640657425,0.3955281972885132,0
1075,534944164,5387528,COCCOCCOCCOC,30,-386885.9351042645,0.09904609620571136,0.1373426467180252,0.020431529730558395,0
1076,416488073,5387528,COCCOCCOCCOC,30,-386916.40049920767,-0.46425774693489075,0.06704674661159515,0.3705298602581024,0
1077,416488006,5387528,COCCOCCOCCOC,30,-386915.77722122945,-0.048112791031599045,0.009244725108146667,0.26187390089035034,0
1078,416489136,5387528,COCCOCCOCCOC,30,-386920.6306850727,-0.09561172872781754,-0.07546066492795944,0.296968936920166,0
1079,416489006,5387528,COCCOCCOCCOC,30,-386919.91963227844,-0.09136773645877838,-0.08546210825443268,0.30763185024261475,0
1080,416488264,5387528,COCCOCCOCCOC,30,-386920.44037394476,-0.09822586923837662,-0.07906965166330338,0.2918412387371063,0
1081,534944212,5387528,COCCOCCOCCOC,30,-386874.45632975956,-0.07163471728563309,-0.13034692406654358,0.288295716047287,0
1082,534944250,5387528,COCCOCCOCCOC,30,-386891.415316529,-0.17494596540927887,0.2718806564807892,0.07799012959003448,0
1083,416489261,5387528,COCCOCCOCCOC,30,-386910.9842924095,-0.13065384328365326,-0.05075867846608162,0.31874457001686096,0
1084,416488301,5387528,COCCOCCOCCOC,30,-386920.1805746422,-0.05775439739227295,-0.11691640317440033,0.1499793976545334,0
1085,416489199,5387528,COCCOCCOCCOC,30,-386901.9756970506,-0.03777266666293144,-0.029247624799609184,0.002455382142215967,0
1086,534022508,5387528,COCCOCCOCCOC,30,-386887.90677983046,-0.329936683177948,0.06915287673473358,0.732174813747406,0
1087,416487313,5387528,COCCOCCOCCOC,30,-386917.16840418463,0.06382405757904053,-0.048440881073474884,0.4319038391113281,0
1088,534023488,5387528,COCCOCCOCCOC,30,-386891.41813744453,0.12372691184282303,-0.04139753058552742,0.12732002139091492,0
1089,416489189,5387528,COCCOCCOCCOC,30,-386918.1080783765,-0.10485116392374039,-0.09667538106441498,0.36464011669158936,0
1090,534023288,5387528,COCCOCCOCCOC,30,-386890.7893670873,0.040312718600034714,-0.09163232147693634,0.5231763124465942,0
1091,416488999,5387528,COCCOCCOCCOC,30,-386918.7830274402,-0.08765820413827896,-0.09398715943098068,0.30721381306648254,0
1092,416487772,5387528,COCCOCCOCCOC,30,-386919.41930209467,-0.092770054936409,-0.057585060596466064,0.32059669494628906,0
1093,416487656,5387528,COCCOCCOCCOC,30,-386918.87684361497,-0.15492190420627594,-0.3120134472846985,0.26505425572395325,0
1094,416488914,5387528,COCCOCCOCCOC,30,-386920.51773840754,-0.09533126652240753,-0.07622797042131424,0.30072081089019775,0
1095,534944128,5387528,COCCOCCOCCOC,30,-386890.0382859852,-0.42313534021377563,-0.2150576114654541,-0.47462430596351624,0
1096,416487253,5387528,COCCOCCOCCOC,30,-386916.1028995809,0.20618858933448792,-0.1763588786125183,0.19505470991134644,0
1097,534944254,5387528,COCCOCCOCCOC,30,-386893.09579443774,0.4083607494831085,0.18477807939052582,-0.07578346133232117,0
1098,534024482,5387528,COCCOCCOCCOC,30,-386889.4146232746,-0.27732589840888977,0.16197055578231812,0.4738728702068329,0
1099,416487533,5387528,COCCOCCOCCOC,30,-386914.5404727347,-0.2989163100719452,0.09888733923435211,0.727412223815918,0
1100,534022385,5387528,COCCOCCOCCOC,30,-386876.2491534957,0.20308232307434082,-0.13946464657783508,0.27288079261779785,0
1101,416487486,5387528,COCCOCCOCCOC,30,-386917.95993556967,-0.1222134679555893,-0.2546771168708801,0.26076263189315796,0
1102,416489450,5387528,COCCOCCOCCOC,30,-386918.34682879184,-0.08734069764614105,-0.07975228875875473,0.2829616069793701,0
1103,416488889,5387528,COCCOCCOCCOC,30,-386920.22426552395,-0.09453221410512924,-0.07342333346605301,0.31538960337638855,0
1104,416487525,5387528,COCCOCCOCCOC,30,-386912.37403638876,-0.2821572721004486,0.08577962219715118,0.7229671478271484,0
1105,416488180,5387528,COCCOCCOCCOC,30,-386920.5320663175,-0.09870212525129318,-0.062485240399837494,0.3398216962814331,0
1106,416489374,5387528,COCCOCCOCCOC,30,-386920.39345579554,-0.11487378180027008,-0.06841731816530228,0.2766697108745575,0
1107,534943853,5387528,COCCOCCOCCOC,30,-386886.7503652178,-0.16282252967357635,0.3781129717826843,-0.02969213016331196,0
1108,534022684,5387528,COCCOCCOCCOC,30,-386888.361206785,0.21302026510238647,-0.17566566169261932,0.27770158648490906,0
1109,416487988,5387528,COCCOCCOCCOC,30,-386918.6734170728,0.034190136939287186,0.02679753117263317,0.29034891724586487,0
1110,416487858,5387528,COCCOCCOCCOC,30,-386917.55591629737,0.04077839106321335,-0.02397172525525093,0.4322848618030548,0
1111,534023527,5387528,COCCOCCOCCOC,30,-386872.2620367155,-0.027787093073129654,0.09271184355020523,0.3372340202331543,0
1112,534022526,5387528,COCCOCCOCCOC,30,-386893.16535763687,-0.3397529125213623,0.1516621857881546,0.5171966552734375,0
1113,416487897,5387528,COCCOCCOCCOC,30,-386917.0441796286,0.1428196281194687,-0.17725318670272827,0.24379192292690277,0
1114,534024315,5387528,COCCOCCOCCOC,30,-386873.3016956441,-0.10404152423143387,-0.20127782225608826,0.3598404824733734,0
1115,416488333,5387528,COCCOCCOCCOC,30,-386919.2813683135,-0.09044696390628815,-0.08060956001281738,0.3335033357143402,0
1116,416487720,5387528,COCCOCCOCCOC,30,-386920.27833701385,-0.09929480403661728,-0.07521194964647293,0.3106269836425781,0
1117,416488098,5387528,COCCOCCOCCOC,30,-386919.0871513407,-0.3146328926086426,0.11872619390487671,0.39820581674575806,0
1118,534022812,5387528,COCCOCCOCCOC,30,-386893.0433792767,-0.20825767517089844,-0.0032332725822925568,0.435989111661911,0
1119,416487926,5387528,COCCOCCOCCOC,30,-386917.6730115758,0.14119505882263184,-0.14351284503936768,0.3419913351535797,0
1120,416487280,5387528,COCCOCCOCCOC,30,-386918.2529385408,0.13787181675434113,-0.17693568766117096,0.26557815074920654,0
1121,416487832,5387528,COCCOCCOCCOC,30,-386918.0662324611,0.14703716337680817,-0.15481078624725342,0.32086658477783203,0
1122,534022411,5387528,COCCOCCOCCOC,30,-386873.65296060214,0.023299671709537506,-0.2341238558292389,0.3069227635860443,0
1123,534944325,5387528,COCCOCCOCCOC,30,-386889.90081530536,0.33156123757362366,-0.17884071171283722,-0.19288508594036102,0
1124,416488331,5387528,COCCOCCOCCOC,30,-386918.895625928,-0.0896637812256813,-0.08172611892223358,0.33739808201789856,0
1125,534944097,5387528,COCCOCCOCCOC,30,-386886.3278518056,0.19499650597572327,0.04099535569548607,0.35782960057258606,0
1126,416489237,5387528,COCCOCCOCCOC,30,-386920.65163455746,-0.0962308719754219,-0.07481507211923599,0.29679960012435913,0
1127,534944130,5387528,COCCOCCOCCOC,30,-386881.75419633824,-0.6699012517929077,0.10633286088705063,-0.6962648630142212,0
1128,534944219,5387528,COCCOCCOCCOC,30,-386882.5653387185,-0.16831009089946747,0.0911296010017395,-0.2503325343132019,0
1129,416489120,5387528,COCCOCCOCCOC,30,-386919.4108551978,-0.0953206792473793,-0.07786842435598373,0.3004879653453827,0
1130,534024271,5387528,COCCOCCOCCOC,30,-386876.97753717663,-0.23610827326774597,0.04997020214796066,0.5071105360984802,0
1131,416489041,5387528,COCCOCCOCCOC,30,-386919.2093318881,-0.09653779119253159,-0.07041231542825699,0.32271870970726013,0
1132,534944303,5387528,COCCOCCOCCOC,30,-386887.0224852961,-0.0007143891998566687,0.07837643474340439,-0.1789095103740692,0
1133,534022541,5387528,COCCOCCOCCOC,30,-386873.7891202208,-0.3563002645969391,0.1245206743478775,0.47700032591819763,0
1134,534943927,5387528,COCCOCCOCCOC,30,-386888.20629350794,-0.09355852007865906,-0.4002166986465454,0.21371349692344666,0
1135,534023586,5387528,COCCOCCOCCOC,30,-386885.7408682061,-0.0013388182269409299,-0.040180422365665436,0.3609464466571808,0
1136,416488890,5387528,COCCOCCOCCOC,30,-386920.3055705165,-0.09473858773708344,-0.07350800186395645,0.31325700879096985,0
1137,416488255,5387528,COCCOCCOCCOC,30,-386918.87509053363,-0.05684950202703476,-0.12836779654026031,0.17044268548488617,0
1138,534024228,5387528,COCCOCCOCCOC,30,-386886.39805409545,-0.27361106872558594,-0.40840834379196167,-0.06342188268899918,0
1139,416487560,5387528,COCCOCCOCCOC,30,-386920.3279842946,-0.30229246616363525,0.11050807684659958,0.5694634318351746,0
1140,534024411,5387528,COCCOCCOCCOC,30,-386873.95580933377,-0.03886806219816208,-0.0055669439025223255,0.44748809933662415,0
1141,534944007,5387528,COCCOCCOCCOC,30,-386886.11532864074,-0.7470552921295166,-0.4255272150039673,-0.29799553751945496,0
1142,534023276,5387528,COCCOCCOCCOC,30,-386890.1808227077,0.21730130910873413,-0.19429798424243927,0.30453088879585266,0
1143,534943935,5387528,COCCOCCOCCOC,30,-386887.84300944436,-0.01798144169151783,-0.39642250537872314,-0.1295161098241806,0
1144,416487665,5387528,COCCOCCOCCOC,30,-386918.02177231485,-0.12470589578151703,-0.2632603645324707,0.2564498484134674,0
1145,416488134,5387528,COCCOCCOCCOC,30,-386919.7439151954,-0.12327182292938232,0.00556165212765336,0.3604966700077057,0
1146,416489088,5387528,COCCOCCOCCOC,30,-386920.2082848299,-0.09798773378133774,-0.07114257663488388,0.2954237461090088,0
1147,534022834,5387528,COCCOCCOCCOC,30,-386893.2574001479,-0.33365151286125183,0.15264645218849182,0.5582289695739746,0
1148,416487315,5387528,COCCOCCOCCOC,30,-386917.32733841374,0.05360035598278046,-0.03625921905040741,0.43270817399024963,0
1149,534943936,5387528,COCCOCCOCCOC,30,-386883.0732698912,0.15102717280387878,-0.16097040474414825,-0.6377855539321899,0
1150,416487418,5387528,COCCOCCOCCOC,30,-386919.9582029019,-0.0998980700969696,-0.06366001069545746,0.2553015351295471,0
1151,416487863,5387528,COCCOCCOCCOC,30,-386918.1251411373,0.016515618190169334,0.002518883440643549,0.429564893245697,0
1152,534022816,5387528,COCCOCCOCCOC,30,-386890.65704446065,-0.2349282056093216,0.14433306455612183,0.52009117603302,0
1153,416487496,5387528,COCCOCCOCCOC,30,-386918.5240975074,-0.10481411963701248,-0.19210189580917358,0.26683759689331055,0
1154,416487820,5387528,COCCOCCOCCOC,30,-386918.23612557596,0.13556461036205292,-0.177163228392601,0.2653135657310486,0
1155,416488903,5387528,COCCOCCOCCOC,30,-386919.22447294876,-0.09394482523202896,-0.07885269075632095,0.31591877341270447,0
1156,534022999,5387528,COCCOCCOCCOC,30,-386873.74432675965,-0.21802100539207458,-0.1961236447095871,0.19645702838897705,0
1157,534022836,5387528,COCCOCCOCCOC,30,-386893.6864434839,-0.32146453857421875,0.06163855642080307,0.6084532141685486,0
1158,416488964,5387528,COCCOCCOCCOC,30,-386919.84536864,-0.1167311891913414,-0.0644432008266449,0.23490174114704132,0
1159,416487511,5387528,COCCOCCOCCOC,30,-386920.30831439834,-0.09657483547925949,-0.09985044598579407,0.30254119634628296,0
1160,416488982,5387528,COCCOCCOCCOC,30,-386918.4397678659,-0.0757940486073494,-0.08662101626396179,0.3727259337902069,0
1161,534024219,5387528,COCCOCCOCCOC,30,-386871.12236310873,-0.17476075887680054,0.06711024791002274,0.5699926018714905,0
1162,416488178,5387528,COCCOCCOCCOC,30,-386920.435829754,-0.09834757447242737,-0.06163327023386955,0.3462194800376892,0
1163,416487850,5387528,COCCOCCOCCOC,30,-386916.9911459628,0.08300673216581345,-0.07456105947494507,0.42209815979003906,0
1164,534024231,5387528,COCCOCCOCCOC,30,-386869.0618296818,-0.2511104345321655,-0.2826705574989319,-0.11887966096401215,0
1165,416487353,5387528,COCCOCCOCCOC,30,-386914.570738963,-0.30260995030403137,0.09475446492433548,0.726152777671814,0
1166,416489197,5387528,COCCOCCOCCOC,30,-386920.6501892789,-0.09499260038137436,-0.07355033606290817,0.29208993911743164,0
1167,416489230,5387528,COCCOCCOCCOC,30,-386918.64489925466,-0.0840756744146347,-0.07964116334915161,0.29208463430404663,0
1168,416488099,5387528,COCCOCCOCCOC,30,-386919.0732815979,-0.3074413537979126,0.1185462698340416,0.3972850441932678,0
1169,416488009,5387528,COCCOCCOCCOC,30,-386915.25676669576,-0.05369031801819801,0.0014711125986650586,0.25332239270210266,0
1170,534944125,5387528,COCCOCCOCCOC,30,-386887.0715804853,-0.2483428567647934,-0.16607697308063507,0.14002028107643127,0
1171,534022690,5387528,COCCOCCOCCOC,30,-386889.0180592887,0.15521295368671417,-0.26202207803726196,0.26380011439323425,0
1172,534022919,5387528,COCCOCCOCCOC,30,-386870.18606663524,-0.2503272593021393,-0.38479650020599365,-0.20589753985404968,0
1173,534944200,5387528,COCCOCCOCCOC,30,-386887.4898189258,-0.11304283142089844,-0.3190038800239563,-0.04405929148197174,0
1174,416487921,5387528,COCCOCCOCCOC,30,-386918.19366883463,0.1484818309545517,-0.15848328173160553,0.3160616457462311,0
1175,534023467,5387528,COCCOCCOCCOC,30,-386873.3211146879,0.0037677413783967495,-0.04392170533537865,0.4470859467983246,0
1176,534944050,5387528,COCCOCCOCCOC,30,-386890.0467374026,-0.467549204826355,-0.33848288655281067,0.22188927233219147,0
1177,534022458,5387528,COCCOCCOCCOC,30,-386893.17798608175,-0.201256662607193,-0.031486041843891144,0.1966528296470642,0
1178,416488711,5387528,COCCOCCOCCOC,30,-386920.61205190176,-0.09606682509183884,-0.07533366233110428,0.29621750116348267,0
1179,416489052,5387528,COCCOCCOCCOC,30,-386920.424250818,-0.095844566822052,-0.07295236736536026,0.3063300848007202,0
1180,416487860,5387528,COCCOCCOCCOC,30,-386917.7711819623,0.030840445309877396,-0.012403912842273712,0.43205726146698,0
1181,416487795,5387528,COCCOCCOCCOC,30,-386916.1232590643,0.19983318448066711,-0.17767652869224548,0.20145246386528015,0
1182,534022675,5387528,COCCOCCOCCOC,30,-386872.25415236957,-0.2203281968832016,-0.39594095945358276,0.3145376145839691,0
1183,416489075,5387528,COCCOCCOCCOC,30,-386920.6063222275,-0.09609328210353851,-0.07539717108011246,0.29611697793006897,0
1184,416487266,5387528,COCCOCCOCCOC,30,-386916.94849190244,0.15159867703914642,-0.1791476458311081,0.24403534829616547,0
1185,416488107,5387528,COCCOCCOCCOC,30,-386918.7534658127,-0.2517930865287781,0.11170930415391922,0.39527949690818787,0
1186,534023222,5387528,COCCOCCOCCOC,30,-386889.8602684851,0.18949835002422333,-0.17456497251987457,0.22184164822101593,0
1187,416489371,5387528,COCCOCCOCCOC,30,-386919.300503359,-0.13478142023086548,-0.061347514390945435,0.25478294491767883,0
1188,416489003,5387528,COCCOCCOCCOC,30,-386919.4937496549,-0.08984370529651642,-0.08877476304769516,0.30867433547973633,0
1189,534944046,5387528,COCCOCCOCCOC,30,-386883.0836952376,0.28951284289360046,0.16630980372428894,-0.045593906193971634,0
1190,534944068,5387528,COCCOCCOCCOC,30,-386884.13075963635,0.005069517530500889,-0.025093581527471542,-0.30256763100624084,0
1191,416489021,5387528,COCCOCCOCCOC,30,-386918.9394501179,-0.1059359759092331,-0.055664148181676865,0.29045477509498596,0
1192,416489276,5387528,COCCOCCOCCOC,30,-386920.7062652185,-0.09827349334955215,-0.07372496277093887,0.2984030246734619,0
1193,416487662,5387528,COCCOCCOCCOC,30,-386918.21066409856,-0.13327327370643616,-0.28049036860466003,0.2578045427799225,0
1194,416489157,5387528,COCCOCCOCCOC,30,-386920.6202560121,-0.09563819319009781,-0.0749579444527626,0.29634448885917664,0
1195,534022769,5387528,COCCOCCOCCOC,30,-386869.1009448856,-0.21695207059383392,-0.015367305837571621,0.738472044467926,0
1196,416487552,5387528,COCCOCCOCCOC,30,-386919.57468844607,-0.3044726848602295,0.1303151696920395,0.6580265164375305,0
1197,534024293,5387528,COCCOCCOCCOC,30,-386870.7789166163,-0.31916263699531555,-0.26194271445274353,-0.10708429664373398,0
1198,416489264,5387528,COCCOCCOCCOC,30,-386914.9167466153,-0.12390683591365814,-0.05574352294206619,0.3168342411518097,0
1199,534023292,5387528,COCCOCCOCCOC,30,-386890.51573740126,0.06593547761440277,-0.11563578993082047,0.43717971444129944,0
1200,416488267,5387528,COCCOCCOCCOC,30,-386920.63359682146,-0.09527306258678436,-0.07452402263879776,0.29729172587394714,0
1201,534944174,5387528,COCCOCCOCCOC,30,-386890.7132936713,0.2892853021621704,-0.008038201369345188,-0.35800954699516296,0
1202,534944038,5387528,COCCOCCOCCOC,30,-386886.158635557,0.08237700909376144,0.12729357182979584,-0.07628089189529419,0
1203,416487724,5387528,COCCOCCOCCOC,30,-386920.5185861772,-0.09942181408405304,-0.08005392551422119,0.30561041831970215,0
1204,534944306,5387528,COCCOCCOCCOC,30,-386890.77263082034,-0.28769245743751526,-0.33878451585769653,-0.4606804847717285,0
1205,534023464,5387528,COCCOCCOCCOC,30,-386888.25408341025,-0.007318520452827215,0.08129219710826874,0.47553977370262146,0
1206,534023684,5387528,COCCOCCOCCOC,30,-386889.7982348099,-0.34508171677589417,0.14238570630550385,0.43700507283210754,0
1207,534023515,5387528,COCCOCCOCCOC,30,-386872.9969525951,-0.0399581678211689,0.11319629102945328,0.2744365632534027,0
1208,416488362,5387528,COCCOCCOCCOC,30,-386920.5489873232,-0.09502963721752167,-0.07531249523162842,0.2917988896369934,0
1209,416489005,5387528,COCCOCCOCCOC,30,-386919.78898866073,-0.09092851728200912,-0.08640404790639877,0.30808696150779724,0
1210,416489377,5387528,COCCOCCOCCOC,30,-386920.620185854,-0.09563819319009781,-0.07507436722517014,0.2962915897369385,0
1211,416488128,5387528,COCCOCCOCCOC,30,-386919.09512784204,-0.1427878886461258,0.038905106484889984,0.3775097131729126,0
1212,416488250,5387528,COCCOCCOCCOC,30,-386917.4468218558,-0.062024857848882675,-0.1285000890493393,0.17343781888484955,0
1213,534022708,5387528,COCCOCCOCCOC,30,-386892.010152922,-0.16422484815120697,-0.2736004590988159,0.3523949682712555,0
1214,534022614,5387528,COCCOCCOCCOC,30,-386884.93225916004,-0.19628240168094635,-0.44150310754776,-0.03542841225862503,0
1215,534023603,5387528,COCCOCCOCCOC,30,-386870.0737150517,-0.10182427614927292,0.012102281674742699,0.3217714726924896,0
1216,416489195,5387528,COCCOCCOCCOC,30,-386920.40369075997,-0.09761731326580048,-0.07966233789920807,0.3104047477245331,0
1217,416487460,5387528,COCCOCCOCCOC,30,-386919.8900772486,-0.2296152561903,-0.3788008987903595,0.29366686940193176,0
1218,534944197,5387528,COCCOCCOCCOC,30,-386894.59613447,0.16557423770427704,0.1653202474117279,-0.3949037492275238,0
1219,416488917,5387528,COCCOCCOCCOC,30,-386920.6154601247,-0.09542123228311539,-0.07533366233110428,0.29677844047546387,0
1220,534022630,5387528,COCCOCCOCCOC,30,-386889.1144418768,-0.2857239246368408,-0.20649023354053497,-0.15611256659030914,0
1221,534022746,5387528,COCCOCCOCCOC,30,-386890.07327326975,-0.2016800045967102,-0.03807958960533142,0.27333587408065796,0
1222,534944025,5387528,COCCOCCOCCOC,30,-386889.95569194073,0.34717199206352234,0.6354888677597046,0.15285812318325043,0
1223,416488061,5387528,COCCOCCOCCOC,30,-386914.0348198236,-0.49858543276786804,0.007112141232937574,0.32998961210250854,0
1224,534944311,5387528,COCCOCCOCCOC,30,-386889.35113319446,-0.37707048654556274,-0.3264017701148987,0.2329755425453186,0
1225,534023229,5387528,COCCOCCOCCOC,30,-386871.94681254704,0.15104833245277405,-0.23190131783485413,0.21352827548980713,0
1226,416487998,5387528,COCCOCCOCCOC,30,-386917.6838956304,0.02095012553036213,0.1423751264810562,0.32447028160095215,0
1227,534022792,5387528,COCCOCCOCCOC,30,-386892.0475004787,-0.3073037564754486,0.15909181535243988,0.7185273766517639,0
1228,534024190,5387528,COCCOCCOCCOC,30,-386886.10845720174,-0.3653227686882019,0.09048929810523987,0.6640909314155579,0
1229,534944213,5387528,COCCOCCOCCOC,30,-386890.9902957966,0.3972056806087494,0.018732871860265732,-0.03878868743777275,0
1230,416489094,5387528,COCCOCCOCCOC,30,-386920.57924506196,-0.09673358500003815,-0.07365088164806366,0.2969265878200531,0
1231,534944005,5387528,COCCOCCOCCOC,30,-386894.6167224302,0.004836679436266422,0.009715693071484566,-0.22183635830879211,0
1232,534024332,5387528,COCCOCCOCCOC,30,-386889.9899371458,0.005720405373722315,-0.15428689122200012,0.2999376356601715,0
1233,534022974,5387528,COCCOCCOCCOC,30,-386890.93718121224,-0.19872719049453735,-0.3354877233505249,0.3141195774078369,0
1234,416487290,5387528,COCCOCCOCCOC,30,-386918.2300170429,0.14881519973278046,-0.16030892729759216,0.30993905663490295,0
1235,416487686,5387528,COCCOCCOCCOC,30,-386919.743536004,-0.09814120084047318,-0.12993945181369781,0.29160308837890625,0
1236,416487698,5387528,COCCOCCOCCOC,30,-386918.231551244,-0.08214946836233139,-0.0797417089343071,0.31804078817367554,0
1237,534944018,5387528,COCCOCCOCCOC,30,-386892.58127294213,0.33372557163238525,0.4833768904209137,0.373323917388916,0
1238,416487739,5387528,COCCOCCOCCOC,30,-386919.75402654737,-0.09062688052654266,-0.0940294936299324,0.2981542944908142,0
1239,416487522,5387528,COCCOCCOCCOC,30,-386911.96226919553,-0.27629929780960083,0.08196954429149628,0.7165324091911316,0
1240,534022730,5387528,COCCOCCOCCOC,30,-386891.6460604417,-0.14569835364818573,-0.27361634373664856,0.31923142075538635,0
1241,416487301,5387528,COCCOCCOCCOC,30,-386917.11910503794,0.12701839208602905,-0.12194359302520752,0.37093204259872437,0
1242,416489259,5387528,COCCOCCOCCOC,30,-386907.6246300665,-0.1353529393672943,-0.04724493995308876,0.31958597898483276,0
1243,416487332,5387528,COCCOCCOCCOC,30,-386920.11366490903,-0.08568966388702393,-0.06262283027172089,0.34529340267181396,0
1244,416489011,5387528,COCCOCCOCCOC,30,-386920.40656718053,-0.09346327930688858,-0.08069951832294464,0.30374768376350403,0
1245,416488336,5387528,COCCOCCOCCOC,30,-386919.761686378,-0.09195511788129807,-0.07878918945789337,0.3268251121044159,0
1246,534944033,5387528,COCCOCCOCCOC,30,-386890.7969675342,0.39744383096694946,0.136919304728508,-0.2951168119907379,0
1247,534024368,5387528,COCCOCCOCCOC,30,-386888.7129498996,0.14285138249397278,-0.08511285483837128,0.4177430272102356,0
1248,416487713,5387528,COCCOCCOCCOC,30,-386919.53269336856,-0.09620969742536545,-0.06861840188503265,0.31936901807785034,0
1249,534022604,5387528,COCCOCCOCCOC,30,-386893.8573321306,-0.06484537571668625,-0.06573968380689621,0.25192537903785706,0
1250,534023718,5387528,COCCOCCOCCOC,30,-386890.51177649683,-0.2028336077928543,0.13805703818798065,0.3538978397846222,0
1251,534944096,5387528,COCCOCCOCCOC,30,-386885.4169803512,-0.5177575349807739,-0.13967102766036987,0.23974372446537018,0
1252,416488996,5387528,COCCOCCOCCOC,30,-386920.59758002096,-0.09495555609464645,-0.07580991834402084,0.29869407415390015,0
1253,416488291,5387528,COCCOCCOCCOC,30,-386918.47668879584,-0.08334540575742722,-0.10257040709257126,0.11940354108810425,0
1254,534022650,5387528,COCCOCCOCCOC,30,-386892.02637297893,-0.2923968434333801,-0.23236170411109924,-0.1347232162952423,0
1255,416487703,5387528,COCCOCCOCCOC,30,-386918.4352420423,-0.08679034560918808,-0.07052873820066452,0.3234013617038727,0
1256,416488300,5387528,COCCOCCOCCOC,30,-386920.0796941578,-0.06016215309500694,-0.11556170880794525,0.14619578421115875,0
1257,416488353,5387528,COCCOCCOCCOC,30,-386919.61229896377,-0.04336077719926834,-0.12278497964143753,0.15625543892383575,0
1258,416487830,5387528,COCCOCCOCCOC,30,-386918.2493395638,0.14874640107154846,-0.1602560132741928,0.31070107221603394,0
1259,534023326,5387528,COCCOCCOCCOC,30,-386892.5034625794,-0.12587538361549377,0.002450090367347002,0.21427442133426666,0
1260,534023287,5387528,COCCOCCOCCOC,30,-386873.165165429,0.04478426277637482,-0.0737672969698906,0.4012327194213867,0
1261,534022580,5387528,COCCOCCOCCOC,30,-386892.6345803369,-0.06913699954748154,-0.0542089119553566,0.4475463330745697,0
1262,534022720,5387528,COCCOCCOCCOC,30,-386890.51958591497,-0.15168863534927368,-0.32422155141830444,0.2618527412414551,0
1263,534022890,5387528,COCCOCCOCCOC,30,-386893.30978699133,-0.06719491630792618,-0.013292931020259857,0.2692982852458954,0
1264,534024416,5387528,COCCOCCOCCOC,30,-386887.0840750711,0.09766493737697601,0.05155244097113609,0.24562287330627441,0
1265,534023526,5387528,COCCOCCOCCOC,30,-386892.05177817,-0.0005820949445478618,0.15025456249713898,0.3452457785606384,0
1266,534023482,5387528,COCCOCCOCCOC,30,-386892.79607019754,-0.11697991192340851,-0.05394960939884186,0.23389631509780884,0
1267,416487293,5387528,COCCOCCOCCOC,30,-386917.9372659208,0.14578302204608917,-0.15202201902866364,0.32517409324645996,0
1268,416488941,5387528,COCCOCCOCCOC,30,-386919.721133523,-0.09898258745670319,-0.07197867333889008,0.3050917983055115,0
1269,416488278,5387528,COCCOCCOCCOC,30,-386920.01268812886,-0.07805892080068588,-0.07894264906644821,0.35663366317749023,0
1270,416487723,5387528,COCCOCCOCCOC,30,-386920.47648930945,-0.09950647503137589,-0.0787997767329216,0.3068116307258606,0
1271,534024299,5387528,COCCOCCOCCOC,30,-386870.915954582,-0.2659538686275482,-0.3294551372528076,0.2939684987068176,0
1272,416487964,5387528,COCCOCCOCCOC,30,-386920.488932661,-0.09215091168880463,-0.0757252499461174,0.30653116106987,0
1273,416488994,5387528,COCCOCCOCCOC,30,-386920.4792996407,-0.09222499281167984,-0.07728633284568787,0.30910825729370117,0
1274,534944103,5387528,COCCOCCOCCOC,30,-386879.7039430696,-0.4268343150615692,-0.14932850003242493,-0.24484498798847198,0
1275,534022388,5387528,COCCOCCOCCOC,30,-386891.9933975751,0.16302891075611115,-0.15358838438987732,0.3869713842868805,0
1276,416488337,5387528,COCCOCCOCCOC,30,-386919.89866822603,-0.09239962697029114,-0.07829176634550095,0.32425862550735474,0
1277,416488355,5387528,COCCOCCOCCOC,30,-386919.82179766725,-0.04500122740864754,-0.12232459336519241,0.15862615406513214,0
1278,416487340,5387528,COCCOCCOCCOC,30,-386911.86100984033,-0.2734258472919464,0.07595280557870865,0.7084200978279114,0
1279,534944298,5387528,COCCOCCOCCOC,30,-386882.63158096164,0.008879593573510647,0.40469881892204285,0.2951909005641937,0
1280,416488165,5387528,COCCOCCOCCOC,30,-386920.4971154316,-0.09580224007368088,-0.07809067517518997,0.2844485938549042,0
1281,534024398,5387528,COCCOCCOCCOC,30,-386889.95957438886,0.23245695233345032,-0.2235826551914215,0.23645752668380737,0
1282,416488897,5387528,COCCOCCOCCOC,30,-386920.616864351,-0.0954953134059906,-0.07511141151189804,0.29687368869781494,0
1283,416489306,5387528,COCCOCCOCCOC,30,-386915.87535700813,-0.049663279205560684,-0.13009291887283325,0.15965275466442108,0
1284,416487801,5387528,COCCOCCOCCOC,30,-386916.45448396576,0.1754487007856369,-0.17929580807685852,0.2264084666967392,0
1285,416488338,5387528,COCCOCCOCCOC,30,-386920.02497056883,-0.09274359792470932,-0.07800600677728653,0.3214804232120514,0
1286,534944008,5387528,COCCOCCOCCOC,30,-386886.7972661651,0.2501208782196045,0.2228471040725708,-0.17696742713451385,0
1287,416489352,5387528,COCCOCCOCCOC,30,-386919.4110233302,-0.0676235556602478,-0.08362586796283722,0.3333551585674286,0
1288,534022644,5387528,COCCOCCOCCOC,30,-386891.2012185174,-0.3612004518508911,-0.25968310236930847,-0.16462703049182892,0
1289,534944031,5387528,COCCOCCOCCOC,30,-386881.98098148196,0.833951473236084,0.18832357227802277,0.12002266943454742,0
1290,534022648,5387528,COCCOCCOCCOC,30,-386893.46181902225,-0.3734667897224426,-0.23311841487884521,-0.06205131486058235,0
1291,534024196,5387528,COCCOCCOCCOC,30,-386891.04371354275,-0.2427176982164383,0.12178483605384827,0.7073405981063843,0
1292,534023692,5387528,COCCOCCOCCOC,30,-386891.01210597774,-0.23023441433906555,0.06783521920442581,0.5543872117996216,0
1293,416487416,5387528,COCCOCCOCCOC,30,-386919.8617336522,-0.11042869091033936,-0.05194932222366333,0.2769078314304352,0
1294,534943951,5387528,COCCOCCOCCOC,30,-386886.78105744603,0.09090735018253326,0.3101613223552704,0.17798873782157898,0
1295,534944195,5387528,COCCOCCOCCOC,30,-386883.87737668597,0.23264217376708984,0.13619431853294373,0.12047247588634491,0
1296,416487542,5387528,COCCOCCOCCOC,30,-386917.5816543001,-0.3100607693195343,0.11839810013771057,0.7066420316696167,0
1297,416487888,5387528,COCCOCCOCCOC,30,-386916.2304892594,0.18865695595741272,-0.1773325651884079,0.21635408699512482,0
1298,416487993,5387528,COCCOCCOCCOC,30,-386918.5664439809,0.023876475170254707,0.047229062765836716,0.2906717360019684,0
1299,416487841,5387528,COCCOCCOCCOC,30,-386917.14357873134,0.12767986953258514,-0.12267914414405823,0.3698578178882599,0
1300,416488174,5387528,COCCOCCOCCOC,30,-386920.07785891974,-0.09871800243854523,-0.05875983461737633,0.3604543209075928,0
1301,416487934,5387528,COCCOCCOCCOC,30,-386916.9913208755,0.11723390966653824,-0.11157172173261642,0.3865956664085388,0
1302,534944276,5387528,COCCOCCOCCOC,30,-386896.4108905835,-0.4989558756351471,0.031105034053325653,0.2941696047782898,0
1303,534024485,5387528,COCCOCCOCCOC,30,-386871.32290117646,-0.15705449879169464,-0.07493148744106293,0.39342206716537476,0
1304,534023674,5387528,COCCOCCOCCOC,30,-386892.2956946976,-0.3553001284599304,0.10015736520290375,0.3194536864757538,0
1305,534023504,5387528,COCCOCCOCCOC,30,-386889.7920260548,0.14909566938877106,0.05575939640402794,0.21857662498950958,0
1306,416487454,5387528,COCCOCCOCCOC,30,-386920.1381085397,-0.3360275328159332,-0.20514081418514252,-0.11915482580661774,0
1307,416489492,5387528,COCCOCCOCCOC,30,-386919.5702467665,-0.08871655911207199,-0.06920050084590912,0.30938342213630676,0
1308,416489415,5387528,COCCOCCOCCOC,30,-386920.4628502837,-0.09926305711269379,-0.07389429956674576,0.30096423625946045,0
1309,534944166,5387528,COCCOCCOCCOC,30,-386892.31409949524,-0.5897785425186157,-0.04568386822938919,-0.5876089334487915,0
1310,416487531,5387528,COCCOCCOCCOC,30,-386913.89148378884,-0.29503217339515686,0.0949714258313179,0.7283012866973877,0
1311,416487589,5387528,COCCOCCOCCOC,30,-386919.5110960907,-0.1446770429611206,-0.011493728496134281,0.3482038676738739,0
1312,416487618,5387528,COCCOCCOCCOC,30,-386914.7696442768,-0.27949023246765137,-0.3526436686515808,-0.11165108531713486,0
1313,416487296,5387528,COCCOCCOCCOC,30,-386917.6002190775,0.14074525237083435,-0.14225870370864868,0.34117111563682556,0
1314,534023532,5387528,COCCOCCOCCOC,30,-386891.4852153383,-0.028787236660718918,0.10958201438188553,0.31497684121131897,0
1315,534944147,5387528,COCCOCCOCCOC,30,-386886.9463492836,0.4021587669849396,-0.050721630454063416,-0.34162619709968567,0
1316,416487805,5387528,COCCOCCOCCOC,30,-386916.82449772337,0.15627659857273102,-0.17908942699432373,0.23861658573150635,0
1317,416488007,5387528,COCCOCCOCCOC,30,-386915.62356026744,-0.051213767379522324,0.006223123520612717,0.25771987438201904,0
1318,534944134,5387528,COCCOCCOCCOC,30,-386889.10050405184,-0.0708356574177742,-0.17018339037895203,-0.0711161196231842,0
1319,416487403,5387528,COCCOCCOCCOC,30,-386919.2282260164,-0.19757358729839325,0.04059847071766853,0.43760305643081665,0
1320,416488203,5387528,COCCOCCOCCOC,30,-386920.2563925231,-0.10021557658910751,-0.07864631712436676,0.30902889370918274,0
1321,416488170,5387528,COCCOCCOCCOC,30,-386919.4842833193,-0.09948001801967621,-0.05671721324324608,0.37355145812034607,0
1322,534944307,5387528,COCCOCCOCCOC,30,-386886.78975536174,-0.3569988012313843,-0.4914838969707489,-0.10040078312158585,0
1323,534022924,5387528,COCCOCCOCCOC,30,-386887.4859672821,-0.2687161862850189,-0.3514583110809326,-0.08232938498258591,0
1324,416489184,5387528,COCCOCCOCCOC,30,-386914.84641064337,-0.11062448471784592,-0.10987835377454758,0.4065774083137512,0
1325,416488062,5387528,COCCOCCOCCOC,30,-386914.1593468441,-0.49698731303215027,0.012737294659018517,0.3329794704914093,0
1326,534943939,5387528,COCCOCCOCCOC,30,-386892.53380589094,0.10557614266872406,-0.09372256696224213,0.16871227324008942,0
1327,534022591,5387528,COCCOCCOCCOC,30,-386875.25848322833,-0.164648175239563,-0.060400281101465225,0.1941021829843521,0
1328,534944171,5387528,COCCOCCOCCOC,30,-386886.1478024913,-0.36935508251190186,-0.1036711037158966,0.03836534544825554,0
1329,534022655,5387528,COCCOCCOCCOC,30,-386872.67124690744,-0.3591631352901459,-0.0933627262711525,-0.086414635181427,0
1330,416488877,5387528,COCCOCCOCCOC,30,-386920.61141006055,-0.095844566822052,-0.07505320012569427,0.2977044880390167,0
1331,416487829,5387528,COCCOCCOCCOC,30,-386918.32368926896,0.14930734038352966,-0.1627696007490158,0.3056527376174927,0
1332,416487984,5387528,COCCOCCOCCOC,30,-386918.2674060234,0.04592728987336159,0.010604710318148136,0.2857186198234558,0
1333,416488359,5387528,COCCOCCOCCOC,30,-386920.4115667356,-0.09347385168075562,-0.07591047137975693,0.2859885096549988,0
1334,416487814,5387528,COCCOCCOCCOC,30,-386917.74063079763,0.11925536394119263,-0.17800460755825043,0.25140148401260376,0
1335,534944004,5387528,COCCOCCOCCOC,30,-386887.31230556994,-0.10437490046024323,-0.06368118524551392,0.15303803980350494,0
1336,534022344,5387528,COCCOCCOCCOC,30,-386889.1165830803,0.11125949770212173,-0.16592879593372345,0.19338250160217285,0
1337,534022710,5387528,COCCOCCOCCOC,30,-386891.14313504193,-0.08775874227285385,-0.327915221452713,0.22820235788822174,0
1338,534944022,5387528,COCCOCCOCCOC,30,-386889.9969907633,0.3672436475753784,-0.0448477640748024,0.1794334053993225,0
1339,534022380,5387528,COCCOCCOCCOC,30,-386891.05030645285,0.17231597006320953,-0.1600073128938675,0.19348834455013275,0
1340,534024450,5387528,COCCOCCOCCOC,30,-386888.9130875084,-0.15621310472488403,0.0875999853014946,0.25412675738334656,0
1341,416489071,5387528,COCCOCCOCCOC,30,-386920.48756877735,-0.09715163707733154,-0.07518549263477325,0.29303717613220215,0
1342,416487357,5387528,COCCOCCOCCOC,30,-386915.97636303084,-0.30925115942955017,0.10497817397117615,0.7199720144271851,0
1343,534022377,5387528,COCCOCCOCCOC,30,-386875.4013410846,0.1538582593202591,-0.10037432610988617,0.2719229757785797,0
1344,534023647,5387528,COCCOCCOCCOC,30,-386871.22598286154,-0.43568214774131775,0.07693707197904587,0.44955188035964966,0
1345,534023156,5387528,COCCOCCOCCOC,30,-386888.3612914367,-0.13264884054660797,-0.08901289105415344,0.27021902799606323,0
1346,416489321,5387528,COCCOCCOCCOC,30,-386906.7655072828,-0.12055714428424835,-0.1325906366109848,0.49649521708488464,0
1347,534024434,5387528,COCCOCCOCCOC,30,-386886.7539894891,-0.0456521138548851,0.07285182178020477,0.09080151468515396,0
1348,534022692,5387528,COCCOCCOCCOC,30,-386891.32446924265,-0.22293175756931305,-0.38325655460357666,0.2070194035768509,0
1349,416487738,5387528,COCCOCCOCCOC,30,-386919.8647526028,-0.09160056710243225,-0.09371727705001831,0.2981119751930237,0
1350,534023380,5387528,COCCOCCOCCOC,30,-386891.33851664845,0.12398622184991837,-0.10662391036748886,0.20344746112823486,0
1351,416487736,5387528,COCCOCCOCCOC,30,-386920.07346895634,-0.09341564774513245,-0.09250017255544662,0.29809609055519104,0
1352,416489153,5387528,COCCOCCOCCOC,30,-386920.539227519,-0.09532597661018372,-0.07604805380105972,0.2982654273509979,0
1353,534023490,5387528,COCCOCCOCCOC,30,-386890.3155027156,-0.0184947419911623,0.020563824102282524,0.20463810861110687,0
1354,534023331,5387528,COCCOCCOCCOC,30,-386877.317919118,-0.19002752006053925,-0.046805720776319504,0.20535250008106232,0
1355,416488210,5387528,COCCOCCOCCOC,30,-386919.6358627314,-0.07937128841876984,-0.060029856860637665,0.25220054388046265,0
1356,416487781,5387528,COCCOCCOCCOC,30,-386920.3763328234,-0.09669654071331024,-0.0672372505068779,0.3065682053565979,0
1357,534944139,5387528,COCCOCCOCCOC,30,-386892.28339516994,0.3198346793651581,-0.16981294751167297,0.3960255980491638,0
1358,534023044,5387528,COCCOCCOCCOC,30,-386892.24925996794,-0.1724059283733368,-0.10949734598398209,0.2588946521282196,0
1359,534943854,5387528,COCCOCCOCCOC,30,-386894.0332601189,-0.6220583915710449,0.20525725185871124,-0.16617751121520996,0
1360,534943999,5387528,COCCOCCOCCOC,30,-386885.08566558355,-0.5586258769035339,0.0455462820827961,-0.031475458294153214,0
1361,416487600,5387528,COCCOCCOCCOC,30,-386920.2896623394,-0.0650358721613884,-0.09527306258678436,0.1975259631872177,0
1362,534024288,5387528,COCCOCCOCCOC,30,-386890.11930297466,-0.2997206747531891,-0.3139343559741974,-0.10250691324472427,0
1363,534024342,5387528,COCCOCCOCCOC,30,-386890.6390525147,-0.07814358919858932,-0.11747732758522034,0.27545788884162903,0
1364,534023218,5387528,COCCOCCOCCOC,30,-386888.80994148506,0.07974699884653091,-0.2189629226922989,0.2949315905570984,0
1365,534022626,5387528,COCCOCCOCCOC,30,-386886.22832948325,-0.3452087342739105,-0.3070921003818512,-0.0653851330280304,0
1366,534024334,5387528,COCCOCCOCCOC,30,-386891.80638054246,0.02061145007610321,-0.12380629777908325,0.22877387702465057,0
1367,416487438,5387528,COCCOCCOCCOC,30,-386915.6609686442,-0.28293517231941223,-0.32586199045181274,-0.12418729811906815,0
1368,534023118,5387528,COCCOCCOCCOC,30,-386891.1433021847,-0.14241217076778412,-0.07297882437705994,0.35374435782432556,0
1369,534944013,5387528,COCCOCCOCCOC,30,-386887.45282988227,0.10956084728240967,-0.2016429603099823,0.24675533175468445,0
1370,416488072,5387528,COCCOCCOCCOC,30,-386916.1679222237,-0.4681577682495117,0.0628715455532074,0.3669525980949402,0
1371,416488873,5387528,COCCOCCOCCOC,30,-386920.470355457,-0.09737388789653778,-0.07386255264282227,0.305901437997818,0
1372,416488292,5387528,COCCOCCOCCOC,30,-386918.72737593105,-0.08069951832294464,-0.10388277471065521,0.1225309744477272,0
1373,416487806,5387528,COCCOCCOCCOC,30,-386916.9270012303,0.15111184120178223,-0.17898888885974884,0.24092908203601837,0
1374,534022561,5387528,COCCOCCOCCOC,30,-386878.6173126498,-0.19843615591526031,-0.22631320357322693,0.22484739124774933,0
1375,534022851,5387528,COCCOCCOCCOC,30,-386874.69546758034,-0.3239358067512512,0.2230217307806015,0.4896370470523834,0
1376,416489413,5387528,COCCOCCOCCOC,30,-386919.9497763451,-0.10233227908611298,-0.07278302311897278,0.3048642575740814,0
1377,534943986,5387528,COCCOCCOCCOC,30,-386890.7485796417,-0.014684665948152542,0.024410944432020187,-0.3452616333961487,0
1378,416489394,5387528,COCCOCCOCCOC,30,-386920.24524570396,-0.09109784662723541,-0.07665131241083145,0.2923280596733093,0
1379,534023328,5387528,COCCOCCOCCOC,30,-386893.2253223938,-0.14407378435134888,-0.011895902454853058,0.32113116979599,0
1380,534022964,5387528,COCCOCCOCCOC,30,-386892.3499760593,-0.1928109973669052,-0.38154733180999756,0.2502002716064453,0
1381,534024189,5387528,COCCOCCOCCOC,30,-386869.45117743366,-0.3780970871448517,0.09261129796504974,0.7011703252792358,0
1382,416487785,5387528,COCCOCCOCCOC,30,-386920.5834423731,-0.09645312279462814,-0.07279361039400101,0.29966774582862854,0
1383,534022713,5387528,COCCOCCOCCOC,30,-386873.3143282984,-0.09894554316997528,-0.21574552357196808,0.26111719012260437,0
1384,534022674,5387528,COCCOCCOCCOC,30,-386892.10067662806,-0.15055091679096222,-0.37763670086860657,0.2885391414165497,0
1385,534944023,5387528,COCCOCCOCCOC,30,-386895.6785192517,0.45042505860328674,0.3364085257053375,0.6156446933746338,0
1386,534943919,5387528,COCCOCCOCCOC,30,-386894.26663163345,0.14713771641254425,-0.2962968647480011,-0.4232359230518341,0
1387,534022548,5387528,COCCOCCOCCOC,30,-386889.1918774081,-0.20717287063598633,0.11313807964324951,0.5703630447387695,0
1388,416488862,5387528,COCCOCCOCCOC,30,-386919.323915034,-0.10282441973686218,-0.07283065468072891,0.32737547159194946,0
1389,416489241,5387528,COCCOCCOCCOC,30,-386910.6413581386,-0.09384427964687347,-0.06318904459476471,0.3195330500602722,0
1390,416488971,5387528,COCCOCCOCCOC,30,-386920.53460410575,-0.10641752928495407,-0.06888299435377121,0.26868972182273865,0
1391,416489472,5387528,COCCOCCOCCOC,30,-386919.6321813091,-0.10535389184951782,-0.08106465637683868,0.28778770565986633,0
1392,416487493,5387528,COCCOCCOCCOC,30,-386918.22283741395,-0.10781456530094147,-0.21050138771533966,0.2627258896827698,0
1393,534022324,5387528,COCCOCCOCCOC,30,-386888.7407872603,0.07571467012166977,-0.024585571140050888,0.40924975275993347,0
1394,416488296,5387528,COCCOCCOCCOC,30,-386919.54297218897,-0.07033293694257736,-0.10947087407112122,0.1345803439617157,0
1395,534023433,5387528,COCCOCCOCCOC,30,-386869.1048522415,0.0152985118329525,-0.03532257676124573,0.30095893144607544,0
1396,534944083,5387528,COCCOCCOCCOC,30,-386874.18187348475,-0.09275946766138077,0.09379665553569794,0.3787638545036316,0
1397,534023128,5387528,COCCOCCOCCOC,30,-386893.1009942323,-0.17381353676319122,-0.055224932730197906,0.36879944801330566,0
1398,534022805,5387528,COCCOCCOCCOC,30,-386871.4332117565,-0.25682029128074646,0.16501331329345703,0.6770822405815125,0
1399,416487827,5387528,COCCOCCOCCOC,30,-386918.4288301919,0.14965659379959106,-0.16733640432357788,0.2957729995250702,0
1400,416488220,5387528,COCCOCCOCCOC,30,-386920.6735221902,-0.09033583104610443,-0.06865015625953674,0.28310978412628174,0
1401,416487406,5387528,COCCOCCOCCOC,30,-386919.28500761994,-0.1612667441368103,0.0058950334787368774,0.3805842399597168,0
1402,534944101,5387528,COCCOCCOCCOC,30,-386886.5934878198,-0.3426104784011841,0.31873399019241333,0.32995253801345825,0
1403,416487391,5387528,COCCOCCOCCOC,30,-386919.49088252586,-0.2564021944999695,0.08818208426237106,0.5392156839370728,0
1404,534943987,5387528,COCCOCCOCCOC,30,-386890.1186316996,-0.3687729835510254,-0.12205471843481064,-0.035640083253383636,0
1405,416487551,5387528,COCCOCCOCCOC,30,-386919.4940119194,-0.3068169355392456,0.13012465834617615,0.6634770631790161,0
1406,534022862,5387528,COCCOCCOCCOC,30,-386894.2251114431,-0.23001745343208313,0.0834089070558548,0.4854036271572113,0
1407,534023456,5387528,COCCOCCOCCOC,30,-386890.0650148886,0.12270031124353409,-0.060781292617321014,0.4586854875087738,0
1408,416487692,5387528,COCCOCCOCCOC,30,-386920.36139794363,-0.0958816185593605,-0.09689763188362122,0.30085310339927673,0
1409,416489015,5387528,COCCOCCOCCOC,30,-386920.5930088535,-0.09509313851594925,-0.07696352899074554,0.29912269115448,0
1410,416488094,5387528,COCCOCCOCCOC,30,-386919.0788597706,-0.34437790513038635,0.11750379949808121,0.40316951274871826,0
1411,416487669,5387528,COCCOCCOCCOC,30,-386917.9912849427,-0.11567283421754837,-0.23918280005455017,0.2567673325538635,0
1412,534023296,5387528,COCCOCCOCCOC,30,-386889.06810006686,0.08030793070793152,-0.013779773376882076,0.519106924533844,0
1413,534022637,5387528,COCCOCCOCCOC,30,-386874.97330708243,-0.32171326875686646,-0.30123409628868103,-0.18300534784793854,0
1414,416489109,5387528,COCCOCCOCCOC,30,-386920.24598391115,-0.09739506244659424,-0.07216918468475342,0.30015459656715393,0
1415,416487960,5387528,COCCOCCOCCOC,30,-386919.48435139155,-0.060855377465486526,-0.03228510171175003,0.38496583700180054,0
1416,416489101,5387528,COCCOCCOCCOC,30,-386919.31068052916,-0.09887675195932388,-0.06904174387454987,0.30240359902381897,0
1417,416488246,5387528,COCCOCCOCCOC,30,-386920.6504998082,-0.09531539678573608,-0.072513148188591,0.3012976348400116,0
1418,416487469,5387528,COCCOCCOCCOC,30,-386919.68700119684,-0.18287833034992218,-0.34409746527671814,0.2733941078186035,0
1419,416488017,5387528,COCCOCCOCCOC,30,-386914.1349354888,-0.036079298704862595,0.00043921705218963325,0.22431820631027222,0
1420,534022952,5387528,COCCOCCOCCOC,30,-386894.7894657596,-0.2659432888031006,-0.20540541410446167,-0.12315540015697479,0
1421,416487331,5387528,COCCOCCOCCOC,30,-386919.85207953944,-0.07636555284261703,-0.05233033373951912,0.3622429370880127,0
1422,416487840,5387528,COCCOCCOCCOC,30,-386917.223847766,0.13083906471729279,-0.12688080966472626,0.3639521896839142,0
1423,416487619,5387528,COCCOCCOCCOC,30,-386915.040421313,-0.2802945673465729,-0.3469761908054352,-0.1165565699338913,0
1424,534022503,5387528,COCCOCCOCCOC,30,-386871.56902836036,-0.43778300285339355,0.08712372928857803,0.5600388050079346,0
1425,416487768,5387528,COCCOCCOCCOC,30,-386918.93786672066,-0.08933568745851517,-0.05680188164114952,0.3239728510379791,0
1426,416488962,5387528,COCCOCCOCCOC,30,-386919.56062234624,-0.11808588355779648,-0.0669567883014679,0.21811094880104065,0
1427,416487489,5387528,COCCOCCOCCOC,30,-386917.98692817084,-0.11531829088926315,-0.23664803802967072,0.2603551745414734,0
1428,416487341,5387528,COCCOCCOCCOC,30,-386911.8876169185,-0.27549493312835693,0.07693707197904587,0.7113199830055237,0
1429,534023144,5387528,COCCOCCOCCOC,30,-386889.9374831048,-0.05482805147767067,-0.04144515469670296,0.3732445538043976,0
1430,534023168,5387528,COCCOCCOCCOC,30,-386891.1225625078,-0.07457694411277771,-0.11255069077014923,0.3795311748981476,0
1431,534024214,5387528,COCCOCCOCCOC,30,-386890.9881271804,-0.2577992379665375,0.03420601412653923,0.5754696130752563,0
1432,534944251,5387528,COCCOCCOCCOC,30,-386883.8904244823,0.04386349767446518,0.253936231136322,0.10689907521009445,0
1433,416489346,5387528,COCCOCCOCCOC,30,-386916.06144583755,-0.03727524355053902,-0.09156882017850876,0.3759433329105377,0
1434,416488893,5387528,COCCOCCOCCOC,30,-386920.4974165464,-0.09508255124092102,-0.07414831221103668,0.3055892586708069,0
1435,416487602,5387528,COCCOCCOCCOC,30,-386920.5567157418,-0.09867037832736969,-0.061765559017658234,0.2891741693019867,0
1436,534023457,5387528,COCCOCCOCCOC,30,-386872.3843108585,-0.040376216173172,0.13358019292354584,0.40812262892723083,0
1437,416487906,5387528,COCCOCCOCCOC,30,-386918.0100684869,0.08540920168161392,-0.17510473728179932,0.24353261291980743,0
1438,416489368,5387528,COCCOCCOCCOC,30,-386917.1685412973,-0.15580563247203827,-0.05392315238714218,0.2301444411277771,0
1439,534023568,5387528,COCCOCCOCCOC,30,-386885.0490711757,-0.06491945683956146,0.05035649985074997,0.34200191497802734,0
1440,534022460,5387528,COCCOCCOCCOC,30,-386895.2326074545,-0.10971959680318832,-0.12287493795156479,0.29632332921028137,0
1441,534943868,5387528,COCCOCCOCCOC,30,-386888.9008230384,-0.13648536801338196,-0.04900180920958519,-0.17627950012683868,0
1442,534943952,5387528,COCCOCCOCCOC,30,-386882.56233438005,0.26111719012260437,0.06424740701913834,-0.531055748462677,0
1443,416488293,5387528,COCCOCCOCCOC,30,-386918.959227317,-0.0780642181634903,-0.10524275153875351,0.125600203871727,0
1444,534024362,5387528,COCCOCCOCCOC,30,-386891.0731459905,0.17837505042552948,-0.10725362598896027,0.2899891138076782,0
1445,416487633,5387528,COCCOCCOCCOC,30,-386919.4894741411,-0.32294097542762756,-0.24618908762931824,-0.12580129504203796,0
1446,534022556,5387528,COCCOCCOCCOC,30,-386890.05650373106,-0.18314822018146515,-0.020431529730558395,0.5752738118171692,0
1447,534022418,5387528,COCCOCCOCCOC,30,-386894.78879102564,-0.14440186321735382,-0.05266900360584259,0.24598272144794464,0
1448,416487574,5387528,COCCOCCOCCOC,30,-386919.4297904587,-0.25031667947769165,0.09194453060626984,0.5298439264297485,0
1449,416487645,5387528,COCCOCCOCCOC,30,-386919.9874479339,-0.2066701501607895,-0.3631266951560974,0.27965956926345825,0
1450,534023690,5387528,COCCOCCOCCOC,30,-386891.94917628024,-0.28527942299842834,0.14129559695720673,0.3584699034690857,0
1451,534943881,5387528,COCCOCCOCCOC,30,-386884.36985309416,0.5532177090644836,-0.24922657012939453,0.34990254044532776,0
1452,534944074,5387528,COCCOCCOCCOC,30,-386890.9680075938,0.31679192185401917,-0.567785918712616,-0.03104153275489807,0
1453,534024241,5387528,COCCOCCOCCOC,30,-386871.12450556166,-0.0036777814384549856,-0.07620680332183838,0.21835967898368835,0
1454,416487784,5387528,COCCOCCOCCOC,30,-386920.55106318666,-0.09653250128030777,-0.0716717541217804,0.30095893144607544,0
1455,534023649,5387528,COCCOCCOCCOC,30,-386871.20663978346,-0.47207364439964294,0.04856787994503975,0.47878363728523254,0
1456,416487609,5387528,COCCOCCOCCOC,30,-386914.2742519953,-0.29964128136634827,-0.41683289408683777,-0.04662051051855087,0
1457,416487431,5387528,COCCOCCOCCOC,30,-386914.5612354632,-0.2880629003047943,-0.3926970958709717,-0.054420582950115204,0
1458,534944236,5387528,COCCOCCOCCOC,30,-386890.58152656193,0.504009485244751,0.10107813030481339,0.23693908751010895,0
1459,534944102,5387528,COCCOCCOCCOC,30,-386894.7472988248,-0.32631710171699524,-0.042164839804172516,-0.30791762471199036,0
1460,416487687,5387528,COCCOCCOCCOC,30,-386919.8644583491,-0.09767023473978043,-0.12397563457489014,0.2939949631690979,0
1461,534944119,5387528,COCCOCCOCCOC,30,-386884.93192499055,-0.3937236964702606,0.4550870954990387,-0.2143590748310089,0
1462,416489043,5387528,COCCOCCOCCOC,30,-386919.5070275885,-0.09648487716913223,-0.07083036750555038,0.32086658477783203,0
1463,416489033,5387528,COCCOCCOCCOC,30,-386920.4982499217,-0.0983952060341835,-0.07011068612337112,0.2951432764530182,0
1464,416487718,5387528,COCCOCCOCCOC,30,-386920.0985760571,-0.09880796074867249,-0.07295236736536026,0.3133416771888733,0
1465,416487553,5387528,COCCOCCOCCOC,30,-386919.62617411755,-0.3021760582923889,0.12975424528121948,0.6525072455406189,0
1466,416487447,5387528,COCCOCCOCCOC,30,-386918.6601676922,-0.3127225339412689,-0.25834956765174866,-0.1257060468196869,0
1467,416488071,5387528,COCCOCCOCCOC,30,-386915.93444103305,-0.47204193472862244,0.058204200118780136,0.36317428946495056,0
1468,534022480,5387528,COCCOCCOCCOC,30,-386888.4541726644,-0.33421242237091064,0.006450669839978218,0.7612742781639099,0
1469,416487765,5387528,COCCOCCOCCOC,30,-386918.6251413778,-0.08640934526920319,-0.058262404054403305,0.32513177394866943,0
1470,416488935,5387528,COCCOCCOCCOC,30,-386920.53175394016,-0.09568052738904953,-0.07501086592674255,0.2977679967880249,0
1471,416489314,5387528,COCCOCCOCCOC,30,-386919.9690810497,-0.09682884067296982,-0.07668835669755936,0.29495278000831604,0
1472,534944223,5387528,COCCOCCOCCOC,30,-386891.31839246105,0.6734943985939026,0.17594082653522491,0.005328814033418894,0
1473,534024264,5387528,COCCOCCOCCOC,30,-386891.3102412391,-0.33174118399620056,0.1447828710079193,0.4496683180332184,0
1474,534944207,5387528,COCCOCCOCCOC,30,-386893.51263063744,-0.2909839451313019,0.18688951432704926,-0.054357077926397324,0
1475,534023322,5387528,COCCOCCOCCOC,30,-386891.7431921626,-0.13187095522880554,0.03686777502298355,0.29604288935661316,0
1476,416488864,5387528,COCCOCCOCCOC,30,-386919.61486127076,-0.1020624041557312,-0.07269307225942612,0.3245655298233032,0
1477,416488277,5387528,COCCOCCOCCOC,30,-386919.88671556045,-0.07612214237451553,-0.07994280010461807,0.3611263632774353,0
1478,416489247,5387528,COCCOCCOCCOC,30,-386917.5931597898,-0.09502434730529785,-0.06708908081054688,0.312193363904953,0
1479,416487476,5387528,COCCOCCOCCOC,30,-386918.836430849,-0.15365716814994812,-0.3104894161224365,0.26473674178123474,0
1480,534022934,5387528,COCCOCCOCCOC,30,-386889.04597236216,-0.3176333010196686,-0.3458648920059204,-0.06843848526477814,0
1481,534944151,5387528,COCCOCCOCCOC,30,-386884.13234346965,0.16977062821388245,0.0018574119312688708,0.47350773215293884,0
1482,534022700,5387528,COCCOCCOCCOC,30,-386891.85223384196,-0.10951850563287735,-0.2113163322210312,0.131754532456398,0
1483,534022334,5387528,COCCOCCOCCOC,30,-386888.4542689777,0.1503709852695465,-0.12953199446201324,0.2658427357673645,0
1484,416489320,5387528,COCCOCCOCCOC,30,-386904.55604854657,-0.12234576791524887,-0.13652241230010986,0.5109788179397583,0
1485,416489037,5387528,COCCOCCOCCOC,30,-386920.61945478286,-0.09557998180389404,-0.07505849003791809,0.2963286340236664,0
1486,534023725,5387528,COCCOCCOCCOC,30,-386876.0718119036,-0.09062688052654266,0.05942130833864212,0.410196989774704,0
1487,416487629,5387528,COCCOCCOCCOC,30,-386918.38479783206,-0.3078329563140869,-0.27832603454589844,-0.12814024090766907,0
1488,416488921,5387528,COCCOCCOCCOC,30,-386919.09448586655,-0.09456396102905273,-0.07466690242290497,0.3047584295272827,0
1489,534943829,5387528,COCCOCCOCCOC,30,-386884.51711468573,0.3307780623435974,-0.15446151793003082,-0.09651133418083191,0
1490,534024160,5387528,COCCOCCOCCOC,30,-386891.44074787025,0.12152554094791412,-0.1429625153541565,0.2307741641998291,0
1491,416489257,5387528,COCCOCCOCCOC,30,-386920.58504297846,-0.09562231600284576,-0.0753389522433281,0.29593706130981445,0
1492,534022744,5387528,COCCOCCOCCOC,30,-386892.84761269874,-0.1334584802389145,-0.1086612418293953,0.23366877436637878,0
1493,416487333,5387528,COCCOCCOCCOC,30,-386920.3730745244,-0.08966907113790512,-0.07341275364160538,0.3172946274280548,0
1494,534023032,5387528,COCCOCCOCCOC,30,-386892.67436239944,-0.05702413246035576,-0.2208521068096161,0.29792675375938416,0
1495,534944255,5387528,COCCOCCOCCOC,30,-386884.9457452303,0.6552165746688843,-0.0026088436134159565,0.0020161650609225035,0
1496,416487668,5387528,COCCOCCOCCOC,30,-386917.97578590363,-0.11768370866775513,-0.245342418551445,0.25642868876457214,0
1497,534024248,5387528,COCCOCCOCCOC,30,-386883.3386492377,-0.33726048469543457,0.13401412963867188,0.6170206069946289,0
1498,534024159,5387528,COCCOCCOCCOC,30,-386872.33319736546,0.11155584454536438,-0.2379286289215088,0.215856671333313,0
1499,416487870,5387528,COCCOCCOCCOC,30,-386919.4449333285,-0.05845291540026665,-0.029861468821763992,0.3875058591365814,0
1500,534944152,5387528,COCCOCCOCCOC,30,-386888.19941993675,0.22170935571193695,0.38608238101005554,0.44458818435668945,0
1501,534023004,5387528,COCCOCCOCCOC,30,-386891.55230110104,-0.12041426450014114,-0.20169588923454285,0.3649258613586426,0
1502,416487776,5387528,COCCOCCOCCOC,30,-386919.9006701444,-0.09516192972660065,-0.061183467507362366,0.3146752119064331,0
1503,416488175,5387528,COCCOCCOCCOC,30,-386920.1907523106,-0.09843754023313522,-0.0597282275557518,0.35660719871520996,0
1504,416488198,5387528,COCCOCCOCCOC,30,-386919.59403977153,-0.10543326288461685,-0.08087414503097534,0.32544395327568054,0
1505,534022668,5387528,COCCOCCOCCOC,30,-386891.4004419051,-0.1877097338438034,-0.34238290786743164,0.276214599609375,0
1506,534944040,5387528,COCCOCCOCCOC,30,-386891.98919342534,-0.11614380776882172,0.25845542550086975,-0.10903166234493256,0
1507,534022535,5387528,COCCOCCOCCOC,30,-386875.4970981242,-0.36310020089149475,0.1652461588382721,0.48884329199790955,0
1508,416487446,5387528,COCCOCCOCCOC,30,-386918.36351437354,-0.30948397517204285,-0.26582685112953186,-0.12637808918952942,0
1509,416487962,5387528,COCCOCCOCCOC,30,-386920.0542320397,-0.08420796692371368,-0.06106704846024513,0.34756356477737427,0
1510,416489010,5387528,COCCOCCOCCOC,30,-386920.3307489489,-0.09315105527639389,-0.08140332251787186,0.3048589825630188,0
1511,416487536,5387528,COCCOCCOCCOC,30,-386915.5748519291,-0.3038482367992401,0.10532741993665695,0.7234381437301636,0
1512,416487732,5387528,COCCOCCOCCOC,30,-386920.4017695249,-0.09642666578292847,-0.08895997703075409,0.29925498366355896,0
1513,534024245,5387528,COCCOCCOCCOC,30,-386872.61928970844,-0.13791945576667786,-0.120784692466259,0.32596784830093384,0
1514,534944081,5387528,COCCOCCOCCOC,30,-386888.1238095092,0.16857469081878662,-0.35779786109924316,0.2727590799331665,0
1515,416487507,5387528,COCCOCCOCCOC,30,-386919.91920325335,-0.09766493737697601,-0.12236693501472473,0.2954713702201843,0
1516,416489324,5387528,COCCOCCOCCOC,30,-386912.2065747444,-0.11543471366167068,-0.12135620415210724,0.4543621242046356,0
1517,534943879,5387528,COCCOCCOCCOC,30,-386878.5074415416,0.027242040261626244,-0.5092748403549194,0.39767664670944214,0
1518,534023346,5387528,COCCOCCOCCOC,30,-386887.4486547166,0.16869640350341797,-0.0555371455848217,0.3461877107620239,0
1519,416487308,5387528,COCCOCCOCCOC,30,-386916.951246199,0.09130952507257462,-0.08108581602573395,0.4172615110874176,0
1520,534944272,5387528,COCCOCCOCCOC,30,-386881.3944005986,-0.3921785056591034,0.24567049741744995,-0.1811426430940628,0
1521,416488706,5387528,COCCOCCOCCOC,30,-386920.47819078004,-0.09783957153558731,-0.07517491281032562,0.29056060314178467,0
1522,534022982,5387528,COCCOCCOCCOC,30,-386892.6025743524,-0.10363934934139252,-0.2896345555782318,0.14591002464294434,0
1523,534024302,5387528,COCCOCCOCCOC,30,-386893.3385732913,-0.3351808190345764,-0.25451305508613586,0.24295583367347717,0
1524,416487414,5387528,COCCOCCOCCOC,30,-386919.76355202706,-0.12003855407238007,-0.04105885699391365,0.29697951674461365,0
1525,416487441,5387528,COCCOCCOCCOC,30,-386916.7086082565,-0.2918570935726166,-0.30361542105674744,-0.12667442858219147,0
1526,534022492,5387528,COCCOCCOCCOC,30,-386888.06536970247,-0.25842899084091187,0.11395830661058426,0.6818395256996155,0
1527,416487490,5387528,COCCOCCOCCOC,30,-386918.0219229805,-0.11336033791303635,-0.23014973104000092,0.2612706422805786,0
1528,416489248,5387528,COCCOCCOCCOC,30,-386918.3169317029,-0.0951460599899292,-0.06777701526880264,0.31101858615875244,0
1529,416487900,5387528,COCCOCCOCCOC,30,-386917.3729692097,0.12743115425109863,-0.17700976133346558,0.24773958325386047,0
1530,416488035,5387528,COCCOCCOCCOC,30,-386916.19065067894,-0.06475012004375458,0.008937802165746689,0.25807440280914307,0
1531,416488306,5387528,COCCOCCOCCOC,30,-386920.6012600992,-0.09659600257873535,-0.07445523142814636,0.2973499596118927,0
1532,416487587,5387528,COCCOCCOCCOC,30,-386919.38432624395,-0.15593263506889343,0.0009525188943371177,0.36994776129722595,0
1533,416488942,5387528,COCCOCCOCCOC,30,-386919.84704083664,-0.09872329235076904,-0.072232685983181,0.30466318130493164,0
1534,416489098,5387528,COCCOCCOCCOC,30,-386918.8226618133,-0.09942709654569626,-0.06802573055028915,0.3025200068950653,0
1535,416487752,5387528,COCCOCCOCCOC,30,-386918.3814632021,-0.079778753221035,-0.08205421268939972,0.31199759244918823,0
1536,416488909,5387528,COCCOCCOCCOC,30,-386920.1141710877,-0.0948655977845192,-0.0769846960902214,0.3083515465259552,0
1537,416489032,5387528,COCCOCCOCCOC,30,-386920.4369186994,-0.09897200763225555,-0.06893061846494675,0.29487869143486023,0
1538,416487709,5387528,COCCOCCOCCOC,30,-386919.0401151432,-0.0929817259311676,-0.06709437817335129,0.3229938745498657,0
1539,416487394,5387528,COCCOCCOCCOC,30,-386919.3779544155,-0.2489672750234604,0.08626645803451538,0.5294470191001892,0
1540,416488133,5387528,COCCOCCOCCOC,30,-386919.63680688967,-0.12628813087940216,0.011382601223886013,0.3636770248413086,0
1541,534944179,5387528,COCCOCCOCCOC,30,-386878.86196801456,0.09745326638221741,-0.21920105814933777,0.16844238340854645,0
1542,416487865,5387528,COCCOCCOCCOC,30,-386918.380667751,0.006080246064811945,0.009620441123843193,0.4267284870147705,0
1543,416488993,5387528,COCCOCCOCCOC,30,-386920.39642264467,-0.09093909710645676,-0.0777520015835762,0.3146752119064331,0
1544,416489166,5387528,COCCOCCOCCOC,30,-386920.0796834562,-0.09890320897102356,-0.06959738582372665,0.30019161105155945,0
1545,534023468,5387528,COCCOCCOCCOC,30,-386891.43344869197,-0.07309524714946747,0.08912401646375656,0.39735913276672363,0
1546,534023505,5387528,COCCOCCOCCOC,30,-386869.0390649452,0.14026899635791779,0.020876038819551468,0.04005871340632439,0
1547,416487802,5387528,COCCOCCOCCOC,30,-386916.5403180757,0.1708713173866272,-0.17927464842796326,0.22994865477085114,0
1548,534022795,5387528,COCCOCCOCCOC,30,-386868.4260128839,-0.3344823122024536,0.16847942769527435,0.7284653186798096,0
1549,416487846,5387528,COCCOCCOCCOC,30,-386916.92929582665,0.10606826841831207,-0.09850633144378662,0.40113216638565063,0
1550,416487879,5387528,COCCOCCOCCOC,30,-386916.2226481771,0.21862955391407013,-0.17199847102165222,0.17605724930763245,0
1551,534023521,5387528,COCCOCCOCCOC,30,-386870.9647473849,-0.04034975916147232,0.04771590605378151,0.3000381588935852,0
1552,534024142,5387528,COCCOCCOCCOC,30,-386886.8414774266,0.1715010404586792,-0.04522877186536789,0.4311259388923645,0
1553,534022850,5387528,COCCOCCOCCOC,30,-386892.6597170958,-0.22220149636268616,0.020357446745038033,0.6902216672897339,0
1554,416487286,5387528,COCCOCCOCCOC,30,-386918.4444362741,0.14939729869365692,-0.1691620647907257,0.2905658781528473,0
1555,416488305,5387528,COCCOCCOCCOC,30,-386920.5738435395,-0.09894554316997528,-0.07374613732099533,0.29289427399635315,0
1556,416487994,5387528,COCCOCCOCCOC,30,-386918.52763094613,0.02071199379861355,0.09227791428565979,0.31822070479393005,0
1557,416488141,5387528,COCCOCCOCCOC,30,-386920.37457114144,-0.10652337223291397,-0.036851901561021805,0.3310162127017975,0
1558,416488269,5387528,COCCOCCOCCOC,30,-386918.44630043086,-0.06132104992866516,-0.08997070044279099,0.3936813473701477,0
1559,534022370,5387528,COCCOCCOCCOC,30,-386891.7029846713,0.16092278063297272,-0.19620831310749054,0.3185223340988159,0
1560,534022574,5387528,COCCOCCOCCOC,30,-386891.0893772001,-0.20686595141887665,0.048387959599494934,0.3040493130683899,0
1561,416487362,5387528,COCCOCCOCCOC,30,-386917.61620478466,-0.313320517539978,0.1171174943447113,0.7048110961914062,0
1562,416488200,5387528,COCCOCCOCCOC,30,-386919.89041036455,-0.10331126302480698,-0.08014388382434845,0.31867578625679016,0
1563,534023345,5387528,COCCOCCOCCOC,30,-386867.2579604084,0.07388371974229813,-0.13279171288013458,0.2873167395591736,0
1564,534023365,5387528,COCCOCCOCCOC,30,-386870.31276402035,-0.0047731781378388405,-0.13191328942775726,0.2623766362667084,0
1565,416488079,5387528,COCCOCCOCCOC,30,-386917.6827576746,-0.43690454959869385,0.08873771876096725,0.39009883999824524,0
1566,416488703,5387528,COCCOCCOCCOC,30,-386920.12588732457,-0.050679296255111694,-0.12088523060083389,0.16392850875854492,0
1567,416487561,5387528,COCCOCCOCCOC,30,-386920.23947703134,-0.29715946316719055,0.1083490252494812,0.5649707317352295,0
1568,416487272,5387528,COCCOCCOCCOC,30,-386917.5828339846,0.12293844670057297,-0.17795699834823608,0.2516237497329712,0
1569,416487428,5387528,COCCOCCOCCOC,30,-386914.3023553572,-0.2952491044998169,-0.4106573760509491,-0.04795403778553009,0
1570,534023517,5387528,COCCOCCOCCOC,30,-386876.52473688044,-0.08353061228990555,0.09438933432102203,0.23243577778339386,0
1571,416487549,5387528,COCCOCCOCCOC,30,-386919.2394285841,-0.31008195877075195,0.12918272614479065,0.6742616891860962,0
1572,416488957,5387528,COCCOCCOCCOC,30,-386920.60472626897,-0.09546356648206711,-0.07514315843582153,0.2963603734970093,0
1573,416487890,5387528,COCCOCCOCCOC,30,-386916.3676596803,0.17977207899093628,-0.1776818186044693,0.2243129163980484,0
1574,416489315,5387528,COCCOCCOCCOC,30,-386920.23397074424,-0.09648487716913223,-0.0762120932340622,0.2954660654067993,0
1575,534022325,5387528,COCCOCCOCCOC,30,-386869.41852373,0.10881470888853073,-0.036767229437828064,0.34490182995796204,0
1576,534023497,5387528,COCCOCCOCCOC,30,-386869.08571548044,0.0501924566924572,0.06727958470582962,0.2556137442588806,0
1577,416487545,5387528,COCCOCCOCCOC,30,-386918.4413714814,-0.31256380677223206,0.12454714626073837,0.6938465237617493,0
1578,416488227,5387528,COCCOCCOCCOC,30,-386920.588043319,-0.09608270227909088,-0.07556650042533875,0.2978050410747528,0
1579,416489439,5387528,COCCOCCOCCOC,30,-386901.43937358545,-0.07674127072095871,-0.08893880993127823,0.2585347890853882,0
1580,534944112,5387528,COCCOCCOCCOC,30,-386888.85187951516,0.052356790751218796,-0.4757567346096039,0.47416919469833374,0
1581,416488164,5387528,COCCOCCOCCOC,30,-386920.30170758767,-0.043498363345861435,-0.12734119594097137,0.15639831125736237,0
1582,416488024,5387528,COCCOCCOCCOC,30,-386913.97376352764,-0.039397239685058594,0.007810655049979687,0.22631320357322693,0
1583,416488199,5387528,COCCOCCOCCOC,30,-386919.747275392,-0.1043643206357956,-0.08053547888994217,0.3220466375350952,0
1584,416489115,5387528,COCCOCCOCCOC,30,-386920.5853713334,-0.09613561630249023,-0.0747833177447319,0.29701656103134155,0
1585,416489270,5387528,COCCOCCOCCOC,30,-386919.4934050336,-0.11097374558448792,-0.06515758484601974,0.3096691966056824,0
1586,534023045,5387528,COCCOCCOCCOC,30,-386872.2780323569,-0.20320932567119598,-0.04382115975022316,0.40036484599113464,0
1587,416487424,5387528,COCCOCCOCCOC,30,-386920.58939587424,-0.0980459526181221,-0.06479774415493011,0.2959582209587097,0
1588,416489357,5387528,COCCOCCOCCOC,30,-386920.620185854,-0.09563819319009781,-0.07507436722517014,0.2962915897369385,0
1589,416488147,5387528,COCCOCCOCCOC,30,-386920.61960860615,-0.0955323576927185,-0.0752013698220253,0.2962651252746582,0
1590,534943874,5387528,COCCOCCOCCOC,30,-386886.00960496353,-0.2432415634393692,0.029967304319143295,-0.29702186584472656,0
1591,534944202,5387528,COCCOCCOCCOC,30,-386890.14276422234,-0.24382898211479187,-0.1315375715494156,-0.040640804916620255,0
1592,534022802,5387528,COCCOCCOCCOC,30,-386890.2630433634,-0.3605019450187683,0.1662568747997284,0.6568358540534973,0
1593,534943863,5387528,COCCOCCOCCOC,30,-386887.08941269375,0.2281177043914795,-0.1783485859632492,0.32663461565971375,0
1594,534023699,5387528,COCCOCCOCCOC,30,-386871.182156299,-0.18319584429264069,-0.016811959445476532,0.22853046655654907,0
1595,534023410,5387528,COCCOCCOCCOC,30,-386892.58901223424,0.14462941884994507,-0.18737635016441345,0.25370341539382935,0
1596,416487303,5387528,COCCOCCOCCOC,30,-386917.0020887993,0.11891140043735504,-0.11195801943540573,0.38444721698760986,0
1597,534944246,5387528,COCCOCCOCCOC,30,-386892.99030896876,-0.23235641419887543,0.34814566373825073,-0.3443250060081482,0
1598,416487444,5387528,COCCOCCOCCOC,30,-386917.73296177026,-0.30214959383010864,-0.28108304738998413,-0.12708190083503723,0
1599,416487797,5387528,COCCOCCOCCOC,30,-386916.1905214026,0.19230298697948456,-0.1785232126712799,0.21050138771533966,0
1600,534023541,5387528,COCCOCCOCCOC,30,-386866.3583603206,0.04326552525162697,-0.10405740141868591,0.3380489647388458,0
1601,416489100,5387528,COCCOCCOCCOC,30,-386919.15650297556,-0.09907784312963486,-0.06866073608398438,0.3025464713573456,0
1602,416487389,5387528,COCCOCCOCCOC,30,-386919.56921773945,-0.26255127787590027,0.08931981772184372,0.540406346321106,0
1603,416489291,5387528,COCCOCCOCCOC,30,-386919.0778369189,-0.0911983922123909,-0.05346277356147766,0.2505812644958496,0
1604,534022691,5387528,COCCOCCOCCOC,30,-386870.83200680435,0.31594523787498474,-0.1344798058271408,0.25221115350723267,0
1605,416488149,5387528,COCCOCCOCCOC,30,-386918.1936683062,-0.04489009827375412,-0.1223563477396965,0.1322784125804901,0
1606,416488091,5387528,COCCOCCOCCOC,30,-386918.9968618099,-0.36578842997550964,0.11473090201616287,0.4058312773704529,0
1607,416488046,5387528,COCCOCCOCCOC,30,-386919.2289356757,-0.09333626925945282,-0.01745755597949028,0.28870847821235657,0
1608,534023734,5387528,COCCOCCOCCOC,30,-386891.77989161114,-0.14992119371891022,0.0842503011226654,0.22548240423202515,0
1609,416487937,5387528,COCCOCCOCCOC,30,-386916.91218099825,0.10390923172235489,-0.09592923521995544,0.40323302149772644,0
1610,416488186,5387528,COCCOCCOCCOC,30,-386920.63991703914,-0.09525718539953232,-0.07552945613861084,0.29645565152168274,0
1611,534023596,5387528,COCCOCCOCCOC,30,-386889.8054434228,-0.035423122346401215,-0.022463571280241013,0.2510998547077179,0
1612,416487521,5387528,COCCOCCOCCOC,30,-386911.88676333055,-0.27449479699134827,0.0807206854224205,0.713949978351593,0
1613,534943892,5387528,COCCOCCOCCOC,30,-386881.30486662686,0.2275250256061554,0.022209566086530685,0.0703117698431015,0
1614,416488027,5387528,COCCOCCOCCOC,30,-386914.32400842314,-0.045091185718774796,0.009832112118601799,0.23324541747570038,0
1615,534022336,5387528,COCCOCCOCCOC,30,-386889.05161468574,0.12005971372127533,-0.1699240803718567,0.1878790706396103,0
1616,416487699,5387528,COCCOCCOCCOC,30,-386918.2466624672,-0.08275802433490753,-0.07795838266611099,0.3191784918308258,0
1617,416487700,5387528,COCCOCCOCCOC,30,-386918.2745683186,-0.08374758064746857,-0.0755506306886673,0.32072898745536804,0
1618,416489042,5387528,COCCOCCOCCOC,30,-386919.363897646,-0.09650074690580368,-0.0707298219203949,0.32175031304359436,0
1619,416488899,5387528,COCCOCCOCCOC,30,-386918.3784588574,-0.09309285134077072,-0.08067306131124496,0.32021570205688477,0
1620,416488111,5387528,COCCOCCOCCOC,30,-386918.5484630295,-0.22640317678451538,0.10411032289266586,0.39545938372612,0
1621,416487503,5387528,COCCOCCOCCOC,30,-386919.4193546536,-0.09955939650535583,-0.14689429104328156,0.28521591424942017,0
1622,534022424,5387528,COCCOCCOCCOC,30,-386889.4254194898,0.02015106752514839,-0.04447734355926514,0.41468968987464905,0
1623,416488126,5387528,COCCOCCOCCOC,30,-386918.9016338342,-0.1504715234041214,0.04907060042023659,0.38161611557006836,0
1624,534022860,5387528,COCCOCCOCCOC,30,-386892.9000774419,-0.20374909043312073,0.07428059726953506,0.48541951179504395,0
1625,416489171,5387528,COCCOCCOCCOC,30,-386920.45396213594,-0.09763319045305252,-0.07208451628684998,0.2984347641468048,0
1626,534023702,5387528,COCCOCCOCCOC,30,-386890.42024543294,-0.25062891840934753,0.14301542937755585,0.3752765655517578,0
1627,416487735,5387528,COCCOCCOCCOC,30,-386920.1700728959,-0.09423058480024338,-0.0915846899151802,0.29822838306427,0
1628,534944319,5387528,COCCOCCOCCOC,30,-386885.80336568353,0.2524968981742859,0.4719202220439911,-0.1343686729669571,0
1629,534022990,5387528,COCCOCCOCCOC,30,-386893.3483073005,-0.14791560173034668,-0.34130340814590454,0.3165590763092041,0
1630,416488154,5387528,COCCOCCOCCOC,30,-386919.12283021543,-0.044106919318437576,-0.1243090108036995,0.13954931497573853,0
1631,416489351,5387528,COCCOCCOCCOC,30,-386918.97642203607,-0.06246936693787575,-0.08482180535793304,0.3409382700920105,0
1632,416487885,5387528,COCCOCCOCCOC,30,-386916.110691784,0.20065340399742126,-0.17627421021461487,0.2030029445886612,0
1633,534022381,5387528,COCCOCCOCCOC,30,-386875.06261307496,0.13261710107326508,-0.19289037585258484,0.17958685755729675,0
1634,416488280,5387528,COCCOCCOCCOC,30,-386920.2241131496,-0.0819801315665245,-0.07721223682165146,0.3471984267234802,0
1635,416489370,5387528,COCCOCCOCCOC,30,-386918.7148662605,-0.14166073501110077,-0.058923881500959396,0.2468770444393158,0
1636,416487887,5387528,COCCOCCOCCOC,30,-386916.1781996347,0.1928057074546814,-0.1770150512456894,0.21217888593673706,0
1637,534944265,5387528,COCCOCCOCCOC,30,-386884.74058466236,0.41864266991615295,0.2647208869457245,-0.046551719307899475,0
1638,416487555,5387528,COCCOCCOCCOC,30,-386920.4736046151,-0.32492008805274963,0.12256272882223129,0.5980231165885925,0
1639,534024346,5387528,COCCOCCOCCOC,30,-386894.31434126094,-0.15590089559555054,-0.01829894632101059,0.22324927151203156,0
1640,416488335,5387528,COCCOCCOCCOC,30,-386919.61217031674,-0.09156353026628494,-0.07922840863466263,0.3292381763458252,0
1641,534943859,5387528,COCCOCCOCCOC,30,-386898.8336445133,-0.6290858387947083,0.10368168354034424,0.264546275138855,0
1642,416488861,5387528,COCCOCCOCCOC,30,-386919.16414611187,-0.10320013761520386,-0.07297882437705994,0.32865607738494873,0
1643,534024358,5387528,COCCOCCOCCOC,30,-386890.81639851496,0.1051686704158783,-0.26890668272972107,0.2628158628940582,0
1644,416487543,5387528,COCCOCCOCCOC,30,-386917.8838263663,-0.3111191391944885,0.12075293809175491,0.702900767326355,0
1645,534022873,5387528,COCCOCCOCCOC,30,-386876.9220462949,-0.24444811046123505,0.057749103754758835,0.5721251964569092,0
1646,416488127,5387528,COCCOCCOCCOC,30,-386918.9956411001,-0.1465662121772766,0.04399579018354416,0.37952056527137756,0
1647,534022538,5387528,COCCOCCOCCOC,30,-386891.9242873581,-0.34665340185165405,0.1124025210738182,0.531420886516571,0
1648,416489388,5387528,COCCOCCOCCOC,30,-386917.84097832313,-0.0798845887184143,-0.07930777966976166,0.28380829095840454,0
1649,416489020,5387528,COCCOCCOCCOC,30,-386918.7274523485,-0.10647574812173843,-0.054574042558670044,0.2895869314670563,0
1650,416489442,5387528,COCCOCCOCCOC,30,-386908.19863264554,-0.07927074283361435,-0.08627704530954361,0.26516538858413696,0
1651,416487915,5387528,COCCOCCOCCOC,30,-386918.47783947503,0.15028102695941925,-0.17152749001979828,0.28699395060539246,0
1652,416487861,5387528,COCCOCCOCCOC,30,-386917.88786851865,0.02592439018189907,-0.0071756429970264435,0.4313428997993469,0
1653,416489150,5387528,COCCOCCOCCOC,30,-386920.3930231579,-0.09498730301856995,-0.07670952379703522,0.2998529374599457,0
1654,416487569,5387528,COCCOCCOCCOC,30,-386919.55553767586,-0.2615775763988495,0.09003420919179916,0.5428034663200378,0
1655,416487369,5387528,COCCOCCOCCOC,30,-386919.19894468423,-0.30958452820777893,0.12852126359939575,0.6741188168525696,0
1656,416487719,5387528,COCCOCCOCCOC,30,-386920.1931183244,-0.099056676030159,-0.0740848034620285,0.3119552433490753,0
1657,416488354,5387528,COCCOCCOCCOC,30,-386919.7262821466,-0.04398520663380623,-0.12267385423183441,0.1572185456752777,0
1658,534944310,5387528,COCCOCCOCCOC,30,-386891.65373313497,0.00031750628841109574,0.027459003031253815,-0.2114909589290619,0
1659,416487940,5387528,COCCOCCOCCOC,30,-386916.95259961084,0.0872507318854332,-0.07906965166330338,0.41860032081604004,0
1660,534023393,5387528,COCCOCCOCCOC,30,-386870.5508254384,0.1274523288011551,-0.20065340399742126,0.3981476128101349,0
1661,416489255,5387528,COCCOCCOCCOC,30,-386920.65367752494,-0.0955323576927185,-0.07430177181959152,0.29799553751945496,0
1662,534944115,5387528,COCCOCCOCCOC,30,-386886.44333328464,-0.0905686765909195,-0.29823896288871765,-0.052282705903053284,0
1663,416489236,5387528,COCCOCCOCCOC,30,-386920.52391039487,-0.09474388509988785,-0.07560354471206665,0.29656675457954407,0
1664,416487798,5387528,COCCOCCOCCOC,30,-386916.24195608136,0.18855640292167664,-0.1789042204618454,0.21471892297267914,0
1665,534943932,5387528,COCCOCCOCCOC,30,-386893.57235245104,0.05844232812523842,-0.5763797760009766,-0.34479597210884094,0
1666,534943918,5387528,COCCOCCOCCOC,30,-386888.69050230685,0.1381469964981079,-0.30987557768821716,-0.08763174712657928,0
1667,534943985,5387528,COCCOCCOCCOC,30,-386883.6018005101,0.18621744215488434,-0.009731568396091461,0.12127682566642761,0
1668,534944266,5387528,COCCOCCOCCOC,30,-386891.2986155894,-0.2675943374633789,-0.07093091309070587,0.14029546082019806,0
1669,416487935,5387528,COCCOCCOCCOC,30,-386916.9524487531,0.11356671899557114,-0.10595714300870895,0.39135828614234924,0
1670,534943867,5387528,COCCOCCOCCOC,30,-386880.2975357376,-0.1865190714597702,0.34116053581237793,0.06937512755393982,0
1671,416487338,5387528,COCCOCCOCCOC,30,-386911.9203632789,-0.26952582597732544,0.07403717935085297,0.7021599411964417,0
1672,416487779,5387528,COCCOCCOCCOC,30,-386920.2104229411,-0.09635258466005325,-0.06452257186174393,0.3100607693195343,0
1673,534022784,5387528,COCCOCCOCCOC,30,-386885.0942305357,-0.2844485938549042,0.07211626321077347,0.8341683745384216,0
1674,416489277,5387528,COCCOCCOCCOC,30,-386920.65163455746,-0.0962308719754219,-0.07481507211923599,0.29679960012435913,0
1675,534023024,5387528,COCCOCCOCCOC,30,-386892.2073986609,-0.03819071501493454,-0.22093147039413452,0.29688429832458496,0
1676,534944314,5387528,COCCOCCOCCOC,30,-386875.78718265926,0.17732727527618408,0.11883731931447983,-0.06679274141788483,0
1677,534024471,5387528,COCCOCCOCCOC,30,-386874.4608766661,-0.39481911063194275,0.0872507318854332,0.4364071488380432,0
1678,416487842,5387528,COCCOCCOCCOC,30,-386917.07561526226,0.12409204244613647,-0.11823935061693192,0.37598568201065063,0
1679,534943992,5387528,COCCOCCOCCOC,30,-386883.25736912905,-0.034999780356884,0.353209912776947,0.5019986629486084,0
1680,416489392,5387528,COCCOCCOCCOC,30,-386919.6687546087,-0.08757352828979492,-0.07734453678131104,0.28968745470046997,0
1681,416488158,5387528,COCCOCCOCCOC,30,-386919.7112342661,-0.04375236853957176,-0.12554198503494263,0.14597351849079132,0
1682,416489087,5387528,COCCOCCOCCOC,30,-386920.10708677553,-0.09814120084047318,-0.07067690789699554,0.2951803207397461,0
1683,416487573,5387528,COCCOCCOCCOC,30,-386919.3841677087,-0.2506818175315857,0.08738832175731659,0.5345430374145508,0
1684,534022986,5387528,COCCOCCOCCOC,30,-386892.54279965104,-0.21458664536476135,-0.2521952688694,0.30564215779304504,0
1685,416487550,5387528,COCCOCCOCCOC,30,-386919.38140689355,-0.30867433547973633,0.12977541983127594,0.6689116954803467,0
1686,416487546,5387528,COCCOCCOCCOC,30,-386918.67774449673,-0.31245264410972595,0.12594416737556458,0.689062774181366,0
1687,534022669,5387528,COCCOCCOCCOC,30,-386873.71173530875,-0.16607166826725006,-0.4079321026802063,0.24208268523216248,0
1688,416487894,5387528,COCCOCCOCCOC,30,-386916.7281539291,0.15957337617874146,-0.17754952609539032,0.23731479048728943,0
1689,534943884,5387528,COCCOCCOCCOC,30,-386887.7365897254,-0.04832445830106735,-0.25321656465530396,0.26911306381225586,0
1690,534022573,5387528,COCCOCCOCCOC,30,-386871.7327207943,-0.13966044783592224,-0.023521926254034042,0.4497794210910797,0
1691,416488959,5387528,COCCOCCOCCOC,30,-386918.7648846346,-0.0752013698220253,-0.10597831755876541,0.09222499281167984,0
1692,534023390,5387528,COCCOCCOCCOC,30,-386891.3761897784,0.10035315901041031,-0.13906775414943695,0.2777809798717499,0
1693,416488248,5387528,COCCOCCOCCOC,30,-386916.7321277659,-0.06404102593660355,-0.1285741776227951,0.17428450286388397,0
1694,534943893,5387528,COCCOCCOCCOC,30,-386888.8331126319,0.18654553592205048,-0.16047826409339905,0.06181318685412407,0
1695,416487878,5387528,COCCOCCOCCOC,30,-386916.2882086256,0.22069863975048065,-0.1711570769548416,0.17190849781036377,0
1696,416489128,5387528,COCCOCCOCCOC,30,-386920.31516279763,-0.09579165279865265,-0.0761803463101387,0.30078431963920593,0
1697,534024149,5387528,COCCOCCOCCOC,30,-386872.7968868443,0.19834089279174805,-0.21471892297267914,0.1909218281507492,0
1698,534022928,5387528,COCCOCCOCCOC,30,-386886.957506281,-0.3503682017326355,-0.3010753393173218,-0.03892098367214203,0
1699,416489251,5387528,COCCOCCOCCOC,30,-386919.86565802555,-0.09526776522397995,-0.07077744603157043,0.3049700856208801,0
1700,534023290,5387528,COCCOCCOCCOC,30,-386890.05685945856,0.16131436824798584,-0.08757882565259933,0.33763089776039124,0
1701,416488958,5387528,COCCOCCOCCOC,30,-386918.55020030326,-0.07681535929441452,-0.10484587401151657,0.0886160135269165,0
1702,416487855,5387528,COCCOCCOCCOC,30,-386917.2701652411,0.05646849796175957,-0.04238709434866905,0.43261823058128357,0
1703,416489317,5387528,COCCOCCOCCOC,30,-386920.585042991,-0.09562231600284576,-0.0753389522433281,0.29593706130981445,0
1704,416489034,5387528,COCCOCCOCCOC,30,-386920.5433956365,-0.09763319045305252,-0.07147596031427383,0.29565659165382385,0
1705,534023053,5387528,COCCOCCOCCOC,30,-386876.6266892332,-0.15505950152873993,-0.030041389167308807,0.30993378162384033,0
1706,416488122,5387528,COCCOCCOCCOC,30,-386918.6089461646,-0.1675216108560562,0.06773997098207474,0.38825199007987976,0
1707,416489331,5387528,COCCOCCOCCOC,30,-386919.2494444486,-0.10375577211380005,-0.09764906764030457,0.36393633484840393,0
1708,416487299,5387528,COCCOCCOCCOC,30,-386917.28681011824,0.1333896815776825,-0.13074380159378052,0.3584328591823578,0
1709,416487610,5387528,COCCOCCOCCOC,30,-386914.293388393,-0.29725998640060425,-0.4124671518802643,-0.04770532250404358,0
1710,416487673,5387528,COCCOCCOCCOC,30,-386918.19160975394,-0.10916395485401154,-0.21377700567245483,0.2607044279575348,0
1711,416488297,5387528,COCCOCCOCCOC,30,-386919.7013826322,-0.06775055825710297,-0.11096316576004028,0.137480229139328,0
1712,534943950,5387528,COCCOCCOCCOC,30,-386883.433798995,0.2079348862171173,0.4326552450656891,-0.4303956627845764,0
1713,534944274,5387528,COCCOCCOCCOC,30,-386893.8626839939,-0.462516725063324,-0.09897730499505997,-0.5297963619232178,0
1714,534943964,5387528,COCCOCCOCCOC,30,-386886.7275360554,-0.06969263404607773,0.2255723476409912,0.02839035540819168,0
1715,534022338,5387528,COCCOCCOCCOC,30,-386888.0971370489,0.13567574322223663,-0.184841588139534,0.2552274465560913,0
1716,416488319,5387528,COCCOCCOCCOC,30,-386920.29744103464,-0.09987689554691315,-0.07117962092161179,0.2820567190647125,0
1717,534944071,5387528,COCCOCCOCCOC,30,-386892.33568044717,-0.22736626863479614,0.1793540120124817,0.2777492105960846,0
1718,416489134,5387528,COCCOCCOCCOC,30,-386920.60374483024,-0.09572285413742065,-0.07556650042533875,0.29834479093551636,0
1719,534023041,5387528,COCCOCCOCCOC,30,-386875.285161547,-0.137480229139328,-0.09163232147693634,0.27386507391929626,0
1720,534022610,5387528,COCCOCCOCCOC,30,-386888.7695839317,-0.32584086060523987,-0.5293888449668884,-0.012573249638080597,0
1721,534022346,5387528,COCCOCCOCCOC,30,-386884.59932612267,0.19641998410224915,-0.22982165217399597,0.2605350911617279,0
1722,534944249,5387528,COCCOCCOCCOC,30,-386887.77823392046,-0.14234337210655212,0.06778760254383087,-0.277971476316452,0
1723,416487354,5387528,COCCOCCOCCOC,30,-386914.91605171445,-0.3043350875377655,0.09711460024118423,0.7251632213592529,0
1724,416488902,5387528,COCCOCCOCCOC,30,-386919.031651803,-0.09380194544792175,-0.07918078452348709,0.3170829713344574,0
1725,534023323,5387528,COCCOCCOCCOC,30,-386875.6750291108,-0.005757447797805071,-0.12507103383541107,0.23715604841709137,0
1726,416488237,5387528,COCCOCCOCCOC,30,-386920.1750688954,-0.08878005295991898,-0.05444703996181488,0.3283015191555023,0
1727,416487848,5387528,COCCOCCOCCOC,30,-386916.92835913127,0.09518839418888092,-0.08699672669172287,0.4128322899341583,0
1728,534944211,5387528,COCCOCCOCCOC,30,-386886.8891205953,-0.2439718395471573,0.2337428629398346,0.07974699884653091,0
1729,534022402,5387528,COCCOCCOCCOC,30,-386888.0902433786,0.17008812725543976,-0.1029355451464653,0.2658374607563019,0
1730,416489090,5387528,COCCOCCOCCOC,30,-386920.37870444154,-0.0976596474647522,-0.07186225801706314,0.29572010040283203,0
1731,534023627,5387528,COCCOCCOCCOC,30,-386865.93150108843,-0.4985430836677551,0.07625972479581833,0.18971531093120575,0
1732,416487793,5387528,COCCOCCOCCOC,30,-386916.1038550702,0.20668072998523712,-0.17641179263591766,0.19230298697948456,0
1733,416487991,5387528,COCCOCCOCCOC,30,-386918.7189711231,0.026855740696191788,0.04063551872968674,0.2918412387371063,0
1734,534943916,5387528,COCCOCCOCCOC,30,-386889.09720136086,-0.05467458441853523,-0.15428689122200012,-0.3089071810245514,0
1735,534023122,5387528,COCCOCCOCCOC,30,-386891.9861808082,-0.10376635193824768,-0.05189111456274986,0.3277988135814667,0
1736,416487867,5387528,COCCOCCOCCOC,30,-386918.6599838721,-0.007958824746310711,0.01111272070556879,0.4215954542160034,0
1737,534024294,5387528,COCCOCCOCCOC,30,-386895.03671935626,-0.333842009305954,-0.24682940542697906,-0.056177448481321335,0
1738,416489275,5387528,COCCOCCOCCOC,30,-386920.6937817527,-0.10036903619766235,-0.07245494425296783,0.30030277371406555,0
1739,534022466,5387528,COCCOCCOCCOC,30,-386886.47926200286,-0.2629322409629822,0.11381014436483383,0.499977171421051,0
1740,416489207,5387528,COCCOCCOCCOC,30,-386916.17477380077,-0.08041905611753464,-0.04130756855010986,0.1864820420742035,0
1741,534022781,5387528,COCCOCCOCCOC,30,-386871.7728648017,-0.29376742243766785,0.21039555966854095,0.6503322720527649,0
1742,416488018,5387528,COCCOCCOCCOC,30,-386914.03872488404,-0.035195574164390564,0.0014340700581669807,0.22281533479690552,0
1743,534944051,5387528,COCCOCCOCCOC,30,-386889.3778351677,0.08352532982826233,0.18649791181087494,0.09435229748487473,0
1744,534944106,5387528,COCCOCCOCCOC,30,-386888.08526620304,-0.19276337325572968,0.35032057762145996,-0.3144899904727936,0
1745,416488118,5387528,COCCOCCOCCOC,30,-386918.4572629204,-0.18685247004032135,0.08352003246545792,0.3925594985485077,0
1746,416487289,5387528,COCCOCCOCCOC,30,-386918.30613207904,0.14937084913253784,-0.16275373101234436,0.30497539043426514,0
1747,534022714,5387528,COCCOCCOCCOC,30,-386889.52484642254,-0.2388070821762085,-0.1559908539056778,0.31584998965263367,0
1748,534943920,5387528,COCCOCCOCCOC,30,-386885.97997694806,-0.07550299912691116,-0.16450001299381256,-0.08591191470623016,0
1749,416489143,5387528,COCCOCCOCCOC,30,-386919.7649185776,-0.09410887211561203,-0.07822825759649277,0.30340901017189026,0
1750,416489025,5387528,COCCOCCOCCOC,30,-386919.6560902879,-0.10334300994873047,-0.06052728742361069,0.2932329475879669,0
1751,534022721,5387528,COCCOCCOCCOC,30,-386872.56543701165,-0.18891096115112305,-0.2476443350315094,0.28224724531173706,0
1752,534943965,5387528,COCCOCCOCCOC,30,-386894.4008421983,0.5671086311340332,0.04856259003281593,-0.2214500606060028,0
1753,416488221,5387528,COCCOCCOCCOC,30,-386920.69889040466,-0.0912354364991188,-0.06961854547262192,0.2854434549808502,0
1754,416488063,5387528,COCCOCCOCCOC,30,-386914.3038001438,-0.4951510727405548,0.018357155844569206,0.33610159158706665,0
1755,416489409,5387528,COCCOCCOCCOC,30,-386917.6473706602,-0.10777222365140915,-0.07081978023052216,0.3124685287475586,0
1756,416487528,5387528,COCCOCCOCCOC,30,-386913.03391499096,-0.2885867655277252,0.08988603949546814,0.7270047664642334,0
1757,416489481,5387528,COCCOCCOCCOC,30,-386906.3548635963,-0.07634968310594559,-0.05959064140915871,0.3320428133010864,0
1758,534022376,5387528,COCCOCCOCCOC,30,-386890.7926266727,0.18858815729618073,-0.11511190980672836,0.23704491555690765,0
1759,416489240,5387528,COCCOCCOCCOC,30,-386908.9823417955,-0.09351089596748352,-0.06283979117870331,0.32027918100357056,0
1760,416488231,5387528,COCCOCCOCCOC,30,-386919.2822259113,-0.08193779736757278,-0.04483189061284065,0.33760446310043335,0
1761,534022434,5387528,COCCOCCOCCOC,30,-386888.2980381497,0.03047531470656395,0.007053932175040245,0.39174458384513855,0
1762,534023754,5387528,COCCOCCOCCOC,30,-386893.2199622769,-0.19466841220855713,-0.07716462016105652,0.3731493055820465,0
1763,534944290,5387528,COCCOCCOCCOC,30,-386885.1334766342,-0.2936404049396515,0.04464667662978172,-0.038709308952093124,0
1764,534022563,5387528,COCCOCCOCCOC,30,-386875.88810026465,-0.11767841875553131,-0.3755623400211334,0.2774687707424164,0
1765,534022356,5387528,COCCOCCOCCOC,30,-386889.3116789504,0.1360144168138504,-0.16473285853862762,0.10302550345659256,0
1766,416487780,5387528,COCCOCCOCCOC,30,-386920.29611346807,-0.09667538106441498,-0.06564972549676895,0.30874842405319214,0
1767,416489065,5387528,COCCOCCOCCOC,30,-386920.05652557546,-0.09728922694921494,-0.0780642181634903,0.27926796674728394,0
1768,416487358,5387528,COCCOCCOCCOC,30,-386916.3239640495,-0.31052646040916443,0.1075817123055458,0.7175536751747131,0
1769,416487582,5387528,COCCOCCOCCOC,30,-386919.2190260366,-0.20511966943740845,0.04841442033648491,0.44899097084999084,0
1770,416487786,5387528,COCCOCCOCCOC,30,-386920.6066998113,-0.09606682509183884,-0.07421180605888367,0.29778918623924255,0
1771,416488002,5387528,COCCOCCOCCOC,30,-386916.5242190929,-0.013091843575239182,0.03722232207655907,0.2750610113143921,0
1772,534022926,5387528,COCCOCCOCCOC,30,-386886.57094596635,-0.3735197186470032,-0.28695690631866455,-0.052171580493450165,0
1773,416487535,5387528,COCCOCCOCCOC,30,-386915.2254131648,-0.3023347854614258,0.10311546921730042,0.7251209020614624,0
1774,416488253,5387528,COCCOCCOCCOC,30,-386918.36212944007,-0.05895562842488289,-0.12859004735946655,0.17171800136566162,0
1775,534944058,5387528,COCCOCCOCCOC,30,-386890.5289113301,-0.08485356718301773,0.05600811168551445,0.005043058656156063,0
1776,416489202,5387528,COCCOCCOCCOC,30,-386908.6136563531,-0.03973062336444855,-0.047319021075963974,0.03360804170370102,0
1777,534944196,5387528,COCCOCCOCCOC,30,-386889.03227401857,-0.3878921866416931,0.36536508798599243,-0.31629976630210876,0
1778,534022390,5387528,COCCOCCOCCOC,30,-386889.56009347097,0.0315760038793087,-0.15323913097381592,0.3320322334766388,0
1779,534024268,5387528,COCCOCCOCCOC,30,-386892.0573795932,-0.21629059314727783,0.08500172942876816,0.6670172214508057,0
1780,534022748,5387528,COCCOCCOCCOC,30,-386892.2600725366,-0.09826820343732834,-0.13586094975471497,0.26774778962135315,0
1781,534944072,5387528,COCCOCCOCCOC,30,-386891.8972797796,0.2956089377403259,-0.10921688377857208,0.4916955530643463,0
1782,416489103,5387528,COCCOCCOCCOC,30,-386919.59392392763,-0.09852220863103867,-0.06972438097000122,0.3022077977657318,0
1783,534022382,5387528,COCCOCCOCCOC,30,-386892.5415939443,0.20284420251846313,-0.1473970115184784,0.3034196197986603,0
1784,416489438,5387528,COCCOCCOCCOC,30,-386898.7356741078,-0.07595280557870865,-0.08985957503318787,0.25639164447784424,0
1785,534022512,5387528,COCCOCCOCCOC,30,-386890.73813080066,-0.22383135557174683,0.10647574812173843,0.6608206033706665,0
1786,416487874,5387528,COCCOCCOCCOC,30,-386920.48057117575,-0.09237845987081528,-0.07577288150787354,0.30777472257614136,0
1787,416487857,5387528,COCCOCCOCCOC,30,-386917.45228407666,0.04601195454597473,-0.029935551807284355,0.43242770433425903,0
1788,534022481,5387528,COCCOCCOCCOC,30,-386868.19180094666,-0.31780263781547546,0.21583020687103271,0.68133145570755,0
1789,416489004,5387528,COCCOCCOCCOC,30,-386919.64893099084,-0.09039933979511261,-0.08762115985155106,0.3082086741924286,0
1790,416488944,5387528,COCCOCCOCCOC,30,-386920.069092485,-0.09840049594640732,-0.07249727845191956,0.3037847578525543,0
1791,416487516,5387528,COCCOCCOCCOC,30,-386920.60189489846,-0.09516192972660065,-0.07973641902208328,0.2960270047187805,0
1792,534023300,5387528,COCCOCCOCCOC,30,-386887.4032128863,0.08293794095516205,0.01834128051996231,0.40862002968788147,0
1793,416489001,5387528,COCCOCCOCCOC,30,-386919.1601285973,-0.08888588845729828,-0.09116664528846741,0.3083568215370178,0
1794,416487579,5387528,COCCOCCOCCOC,30,-386919.19606346695,-0.22676831483840942,0.0707298219203949,0.48713403940200806,0
1795,534022326,5387528,COCCOCCOCCOC,30,-386884.7561471854,-0.2728172838687897,0.06209894269704819,0.6522638201713562,0
1796,534024222,5387528,COCCOCCOCCOC,30,-386893.45243620255,-0.13738498091697693,-0.07657193392515182,0.268673837184906,0
1797,416488265,5387528,COCCOCCOCCOC,30,-386920.52005847194,-0.09742151945829391,-0.07753504067659378,0.29400554299354553,0
1798,534024258,5387528,COCCOCCOCCOC,30,-386893.3098233197,-0.181629478931427,0.0967177152633667,0.5830156803131104,0
1799,416488977,5387528,COCCOCCOCCOC,30,-386920.63651805755,-0.09639491885900497,-0.07463514804840088,0.2938467860221863,0
1800,534944003,5387528,COCCOCCOCCOC,30,-386881.8755696048,0.309817373752594,0.13562282919883728,0.22069333493709564,0
1801,534023631,5387528,COCCOCCOCCOC,30,-386870.3262947367,-0.5064913034439087,0.015880607068538666,0.44487395882606506,0
1802,534023068,5387528,COCCOCCOCCOC,30,-386891.7920595369,-0.16921497881412506,-0.021733306348323822,0.2053154557943344,0
1803,416489292,5387528,COCCOCCOCCOC,30,-386919.4928064712,-0.09203978627920151,-0.05708763003349304,0.25876232981681824,0
1804,534944109,5387528,COCCOCCOCCOC,30,-386893.01216754905,0.0002910474722739309,0.2003147304058075,-0.4770955741405487,0
1805,534944029,5387528,COCCOCCOCCOC,30,-386889.58314879466,-0.08523456752300262,-0.1958484798669815,-0.20906202495098114,0
1806,534022992,5387528,COCCOCCOCCOC,30,-386893.0176100134,-0.10780397802591324,-0.2772253453731537,0.333085298538208,0
1807,416487929,5387528,COCCOCCOCCOC,30,-386917.35773710243,0.13413584232330322,-0.13270704448223114,0.35810476541519165,0
1808,534024378,5387528,COCCOCCOCCOC,30,-386886.90021463705,-0.050382960587739944,0.0742223933339119,0.36369290947914124,0
1809,416488347,5387528,COCCOCCOCCOC,30,-386920.61907338264,-0.09554293751716614,-0.07512199133634567,0.29645034670829773,0
1810,534022396,5387528,COCCOCCOCCOC,30,-386888.83150567743,0.13487139344215393,-0.14094634354114532,0.23855307698249817,0
1811,416489018,5387528,COCCOCCOCCOC,30,-386918.26527351467,-0.10769285261631012,-0.05224037170410156,0.2878194749355316,0
1812,416487518,5387528,COCCOCCOCCOC,30,-386911.85746871587,-0.26946231722831726,0.07700057327747345,0.7050968408584595,0
1813,416487971,5387528,COCCOCCOCCOC,30,-386916.349780329,0.097104012966156,0.03857172280550003,0.19757889211177826,0
1814,416487716,5387528,COCCOCCOCCOC,30,-386919.8866665539,-0.0979771539568901,-0.07090973854064941,0.31605637073516846,0
1815,534022416,5387528,COCCOCCOCCOC,30,-386893.91127912136,-0.012647334486246109,-0.10634873807430267,0.44176769256591797,0
1816,416487458,5387528,COCCOCCOCCOC,30,-386919.7149495734,-0.2427917867898941,-0.38538914918899536,0.29592645168304443,0
1817,416487968,5387528,COCCOCCOCCOC,30,-386915.8924151103,0.09899317473173141,0.03579354286193848,0.1928427517414093,0
1818,416487597,5387528,COCCOCCOCCOC,30,-386919.94099408336,-0.10414736717939377,-0.05855874717235565,0.2635778784751892,0
1819,416488334,5387528,COCCOCCOCCOC,30,-386919.45147814305,-0.09112431108951569,-0.07978933304548264,0.3314818739891052,0
1820,416489253,5387528,COCCOCCOCCOC,30,-386920.42630035867,-0.09537360072135925,-0.07266660779714584,0.30121293663978577,0
1821,416488202,5387528,COCCOCCOCCOC,30,-386920.14519205363,-0.10123159736394882,-0.07922311127185822,0.3121510446071625,0
1822,534024326,5387528,COCCOCCOCCOC,30,-386892.1375335338,-0.057913150638341904,-0.14053887128829956,0.4116416275501251,0
1823,416488012,5387528,COCCOCCOCCOC,30,-386914.7814668308,-0.05000724270939827,-0.0018679954810068011,0.24298228323459625,0
1824,534943931,5387528,COCCOCCOCCOC,30,-386890.4533122593,0.020177526399493217,-0.4692372679710388,-0.48388493061065674,0
1825,416487903,5387528,COCCOCCOCCOC,30,-386917.67156910035,0.1169428676366806,-0.17757070064544678,0.25062891840934753,0
1826,416488866,5387528,COCCOCCOCCOC,30,-386919.86959073093,-0.10125276446342468,-0.07280419766902924,0.32122114300727844,0
1827,416488139,5387528,COCCOCCOCCOC,30,-386920.2190763143,-0.11077265441417694,-0.024368608370423317,0.34089064598083496,0
1828,416487972,5387528,COCCOCCOCCOC,30,-386916.52687724255,0.09627849608659744,0.03939194977283478,0.1996850073337555,0
1829,534023462,5387528,COCCOCCOCCOC,30,-386888.76884636964,0.09360086172819138,-0.10914280265569687,0.5361146926879883,0
1830,534944142,5387528,COCCOCCOCCOC,30,-386887.35430200177,0.21353887021541595,-0.2971329987049103,-0.3262324333190918,0
1831,416487508,5387528,COCCOCCOCCOC,30,-386920.02922295517,-0.0973103940486908,-0.11650893837213516,0.29767274856567383,0
1832,534944154,5387528,COCCOCCOCCOC,30,-386891.5883891157,-0.32541748881340027,0.2955666184425354,0.049366939812898636,0
1833,534944234,5387528,COCCOCCOCCOC,30,-386884.0826741476,-0.35290297865867615,-0.039550699293613434,0.04207487776875496,0
1834,416487449,5387528,COCCOCCOCCOC,30,-386919.18717989756,-0.3204432427883148,-0.24259069561958313,-0.12417671084403992,0
1835,416487963,5387528,COCCOCCOCCOC,30,-386920.24206882814,-0.09092851728200912,-0.06705733388662338,0.3346516489982605,0
1836,416487671,5387528,COCCOCCOCCOC,30,-386918.06434335327,-0.1120850220322609,-0.22662542760372162,0.2581591010093689,0
1837,534024254,5387528,COCCOCCOCCOC,30,-386885.3984457357,-0.3474418520927429,0.10334829986095428,0.7425572872161865,0
1838,416489144,5387528,COCCOCCOCCOC,30,-386919.87900481885,-0.09425174444913864,-0.07800071686506271,0.3029274642467499,0
1839,416487344,5387528,COCCOCCOCCOC,30,-386912.18371932145,-0.2821890413761139,0.08017034083604813,0.7188448905944824,0
1840,416488187,5387528,COCCOCCOCCOC,30,-386920.6049475369,-0.09535244107246399,-0.07606393098831177,0.29293662309646606,0
1841,534022362,5387528,COCCOCCOCCOC,30,-386888.45461889514,0.11174105852842331,-0.24051633477210999,0.2844327390193939,0
1842,416488102,5387528,COCCOCCOCCOC,30,-386918.9926605675,-0.2857186198234558,0.11719157546758652,0.3953853249549866,0
1843,416488927,5387528,COCCOCCOCCOC,30,-386919.9126381156,-0.09536301344633102,-0.07434939593076706,0.30275285243988037,0
1844,534022430,5387528,COCCOCCOCCOC,30,-386889.41526715836,0.07195751368999481,-0.09400832653045654,0.43897363543510437,0
1845,416488279,5387528,COCCOCCOCCOC,30,-386920.12540760677,-0.0800221785902977,-0.07800071686506271,0.35198748111724854,0
1846,416488084,5387528,COCCOCCOCCOC,30,-386918.4487730429,-0.4099165201187134,0.10258099436759949,0.40180420875549316,0
1847,534944065,5387528,COCCOCCOCCOC,30,-386893.5982721842,0.07573054730892181,-0.49544739723205566,0.06955505162477493,0
1848,416489053,5387528,COCCOCCOCCOC,30,-386920.4816801274,-0.09570169448852539,-0.07347095757722855,0.30427688360214233,0
1849,416489135,5387528,COCCOCCOCCOC,30,-386920.6221481464,-0.0957387313246727,-0.07555592060089111,0.29764100909233093,0
1850,534022848,5387528,COCCOCCOCCOC,30,-386893.25769735896,-0.26194271445274353,0.1042637750506401,0.5306694507598877,0
1851,416487957,5387528,COCCOCCOCCOC,30,-386918.78187228437,-0.020606160163879395,-0.00255063408985734,0.4156951308250427,0
1852,534023350,5387528,COCCOCCOCCOC,30,-386889.37519304163,0.17606253921985626,-0.1691938191652298,0.11216969043016434,0
1853,534024451,5387528,COCCOCCOCCOC,30,-386872.7772595252,-0.12503927946090698,0.01694425381720066,0.21801570057868958,0
1854,416489106,5387528,COCCOCCOCCOC,30,-386919.95882298856,-0.09795598685741425,-0.07096266001462936,0.3013611137866974,0
1855,534023420,5387528,COCCOCCOCCOC,30,-386891.70805411,0.2189629226922989,-0.12001208961009979,0.2684251368045807,0
1856,416488076,5387528,COCCOCCOCCOC,30,-386917.0769301011,-0.4511711895465851,0.0787309855222702,0.38081178069114685,0
1857,416487532,5387528,COCCOCCOCCOC,30,-386914.2100501242,-0.2970324456691742,0.09688176214694977,0.7280207872390747,0
1858,534944173,5387528,COCCOCCOCCOC,30,-386891.53473099583,0.15149284899234772,-0.1284312903881073,0.006567089352756739,0
1859,416487492,5387528,COCCOCCOCCOC,30,-386918.14672437205,-0.10974077135324478,-0.21771936118602753,0.26163047552108765,0
1860,416487616,5387528,COCCOCCOCCOC,30,-386914.96403450944,-0.2858826816082001,-0.38074296712875366,-0.059670016169548035,0
1861,416488131,5387528,COCCOCCOCCOC,30,-386919.4183511932,-0.13247421383857727,0.022601157426834106,0.3696037828922272,0
1862,534023724,5387528,COCCOCCOCCOC,30,-386890.2691338323,-0.10995243489742279,0.001963247312232852,0.3182048201560974,0
1863,416487946,5387528,COCCOCCOCCOC,30,-386917.2892689833,0.054563459008932114,-0.04033917561173439,0.43200966715812683,0
1864,534943844,5387528,COCCOCCOCCOC,30,-386887.4925010657,0.11131242662668228,-0.10910574346780777,-0.0014552372740581632,0
1865,416488177,5387528,COCCOCCOCCOC,30,-386920.3688489026,-0.09829466044902802,-0.06113583967089653,0.3494950532913208,0
1866,534943856,5387528,COCCOCCOCCOC,30,-386883.94818937185,-0.2612336277961731,0.3050018548965454,-0.21587783098220825,0
1867,416487684,5387528,COCCOCCOCCOC,30,-386919.4858821959,-0.09917309880256653,-0.14224283397197723,0.28643304109573364,0
1868,534023432,5387528,COCCOCCOCCOC,30,-386888.6368823854,0.12330886721611023,-0.10655511170625687,0.4381057918071747,0
1869,534022525,5387528,COCCOCCOCCOC,30,-386872.3535773966,-0.32219481468200684,0.08224471658468246,0.7590147256851196,0
1870,416487667,5387528,COCCOCCOCCOC,30,-386917.97496204835,-0.11985333263874054,-0.2514173686504364,0.2562752068042755,0
1871,534944145,5387528,COCCOCCOCCOC,30,-386899.3224751002,-0.0394342839717865,0.23784397542476654,0.3970786929130554,0
1872,534022342,5387528,COCCOCCOCCOC,30,-386889.88217379915,0.18063463270664215,-0.20893502235412598,0.2900843620300293,0
1873,534944092,5387528,COCCOCCOCCOC,30,-386880.5424048899,-0.08851546794176102,-0.04164624214172363,0.3146646320819855,0
1874,416488011,5387528,COCCOCCOCCOC,30,-386914.92349139525,-0.052796006202697754,-0.0012382746208459139,0.24758613109588623,0
1875,416488924,5387528,COCCOCCOCCOC,30,-386919.54129980534,-0.09494496881961823,-0.07456635683774948,0.30382707715034485,0
1876,534943908,5387528,COCCOCCOCCOC,30,-386885.51435319014,-0.30864787101745605,0.03929140418767929,-0.18193639814853668,0
1877,416487748,5387528,COCCOCCOCCOC,30,-386918.7136746664,-0.08191663026809692,-0.08991249650716782,0.30519765615463257,0
1878,416487826,5387528,COCCOCCOCCOC,30,-386918.456225176,0.14945021271705627,-0.1693684458732605,0.29093101620674133,0
1879,534023012,5387528,COCCOCCOCCOC,30,-386889.21760424797,-0.1870429664850235,-0.11783188581466675,0.21134279668331146,0
1880,416488008,5387528,COCCOCCOCCOC,30,-386915.4282506996,-0.05297063663601875,0.0034819860011339188,0.25619053840637207,0
1881,416487594,5387528,COCCOCCOCCOC,30,-386919.8115333209,-0.1199115440249443,-0.04059318080544472,0.2963603734970093,0
1882,416489194,5387528,COCCOCCOCCOC,30,-386920.1754692101,-0.09878150373697281,-0.08280564099550247,0.31955423951148987,0
1883,416489145,5387528,COCCOCCOCCOC,30,-386919.98478200886,-0.0943787470459938,-0.07778904587030411,0.30245649814605713,0
1884,534022322,5387528,COCCOCCOCCOC,30,-386891.61274319707,0.1392318159341812,-0.2117714136838913,0.39880380034446716,0
1885,534024424,5387528,COCCOCCOCCOC,30,-386892.1618933524,0.025982599705457687,0.04078368470072746,0.25478294491767883,0
1886,534024320,5387528,COCCOCCOCCOC,30,-386892.76303833484,-0.08935156464576721,-0.04321790114045143,0.23052017390727997,0
1887,416488025,5387528,COCCOCCOCCOC,30,-386914.06734594825,-0.04116998612880707,0.008514460176229477,0.22837699949741364,0
1888,534944204,5387528,COCCOCCOCCOC,30,-386899.11433730094,0.28829044103622437,-0.0271573718637228,-0.15184739232063293,0
1889,534023100,5387528,COCCOCCOCCOC,30,-386892.3620910402,-0.14381448924541473,-0.07986871153116226,0.3907761871814728,0
1890,416488867,5387528,COCCOCCOCCOC,30,-386919.9837062725,-0.10018911957740784,-0.07267189770936966,0.31863874197006226,0
1891,416488116,5387528,COCCOCCOCCOC,30,-386918.43436093366,-0.197483628988266,0.09042579680681229,0.3939988613128662,0
1892,416487351,5387528,COCCOCCOCCOC,30,-386913.90689366445,-0.2987099289894104,0.09048400819301605,0.7270047664642334,0
1893,534944181,5387528,COCCOCCOCCOC,30,-386887.2633513728,-0.13934822380542755,0.06757592409849167,0.09190749377012253,0
1894,416489244,5387528,COCCOCCOCCOC,30,-386914.71401354263,-0.09451104700565338,-0.06495120376348495,0.31633684039115906,0
1895,416487384,5387528,COCCOCCOCCOC,30,-386919.99744996993,-0.28364425897598267,0.10030553489923477,0.5543554425239563,0
1896,416488951,5387528,COCCOCCOCCOC,30,-386920.55151837325,-0.09703522175550461,-0.07392605394124985,0.2996836006641388,0
1897,416487352,5387528,COCCOCCOCCOC,30,-386914.2334121344,-0.3007260859012604,0.09252133965492249,0.7267507910728455,0
1898,534943889,5387528,COCCOCCOCCOC,30,-386879.8315121363,0.24005594849586487,0.09809357672929764,0.0640939399600029,0
1899,534022696,5387528,COCCOCCOCCOC,30,-386890.5742867712,-0.2058023065328598,-0.2923439145088196,0.3257720470428467,0
1900,534024216,5387528,COCCOCCOCCOC,30,-386892.75502809417,-0.19536162912845612,0.08471597731113434,0.5214829444885254,0
1901,416487355,5387528,COCCOCCOCCOC,30,-386915.26736897853,-0.3060443103313446,0.09962818771600723,0.7238191366195679,0
1902,534023308,5387528,COCCOCCOCCOC,30,-386890.2540774308,0.0369894839823246,-0.042254798114299774,0.4213732182979584,0
1903,534944299,5387528,COCCOCCOCCOC,30,-386884.96225546516,0.032544396817684174,-0.3234119117259979,-0.2663613259792328,0
1904,534943834,5387528,COCCOCCOCCOC,30,-386887.00218082336,-0.6360498070716858,-0.6160204410552979,-0.22531834244728088,0
1905,416487821,5387528,COCCOCCOCCOC,30,-386918.3120620951,0.1393958479166031,-0.1764911711215973,0.26893314719200134,0
1906,534023760,5387528,COCCOCCOCCOC,30,-386893.8133397807,-0.10231640934944153,-0.05677541717886925,0.27397620677948,0
1907,534944011,5387528,COCCOCCOCCOC,30,-386884.7339074684,-0.3191414773464203,-0.12489639222621918,-0.4691367447376251,0
1908,416487679,5387528,COCCOCCOCCOC,30,-386918.82106897776,-0.10280854254961014,-0.1744009256362915,0.27333587408065796,0
1909,416488883,5387528,COCCOCCOCCOC,30,-386919.5453142325,-0.092770054936409,-0.07409539073705673,0.32492008805274963,0
1910,416489072,5387528,COCCOCCOCCOC,30,-386920.5344556841,-0.0966859683394432,-0.07592634111642838,0.29334935545921326,0
1911,534943887,5387528,COCCOCCOCCOC,30,-386895.5068094876,-0.2334994375705719,0.13444805145263672,-0.22890087962150574,0
1912,416487675,5387528,COCCOCCOCCOC,30,-386918.3660395526,-0.10672445595264435,-0.20069044828414917,0.26418113708496094,0
1913,534944237,5387528,COCCOCCOCCOC,30,-386887.50440432434,0.08167849481105804,-0.04363065958023071,0.40302664041519165,0
1914,534023440,5387528,COCCOCCOCCOC,30,-386890.0965346669,0.20154771208763123,-0.04096889868378639,0.45179033279418945,0
1915,416487854,5387528,COCCOCCOCCOC,30,-386917.2127130835,0.06090829521417618,-0.04891713708639145,0.4326023459434509,0
1916,534944313,5387528,COCCOCCOCCOC,30,-386886.6781629517,0.03958774730563164,-0.6655037999153137,0.05153656750917435,0
1917,534944131,5387528,COCCOCCOCCOC,30,-386895.79003822803,-0.29994291067123413,0.034777525812387466,-0.022294234484434128,0
1918,534022996,5387528,COCCOCCOCCOC,30,-386888.0354091139,-0.09555881470441818,-0.23217648267745972,0.25196772813796997,0
1919,416487571,5387528,COCCOCCOCCOC,30,-386919.557422506,-0.25692081451416016,0.09230437129735947,0.5429728627204895,0
1920,534024428,5387528,COCCOCCOCCOC,30,-386886.5833062626,-0.11204268038272858,-0.009784486144781113,0.2715366780757904,0
1921,534944133,5387528,COCCOCCOCCOC,30,-386886.14039205434,-0.3147493004798889,-0.0390850268304348,0.20082803070545197,0
1922,416488160,5387528,COCCOCCOCCOC,30,-386919.94930600474,-0.043704744428396225,-0.12608176469802856,0.14941847324371338,0
1923,416487375,5387528,COCCOCCOCCOC,30,-386920.3540518132,-0.32206252217292786,0.12418729811906815,0.6042515635490417,0
1924,534023191,5387528,COCCOCCOCCOC,30,-386873.93208459794,-0.013298221863806248,-0.21649695932865143,0.28664469718933105,0
1925,416488238,5387528,COCCOCCOCCOC,30,-386920.2846578076,-0.09028292447328568,-0.056034572422504425,0.32747071981430054,0
1926,416488173,5387528,COCCOCCOCCOC,30,-386919.9563729016,-0.09871271252632141,-0.058468785136938095,0.36346006393432617,0
1927,416488222,5387528,COCCOCCOCCOC,30,-386920.7113798135,-0.09208741039037704,-0.07063986361026764,0.2876818776130676,0
1928,416488700,5387528,COCCOCCOCCOC,30,-386919.8693359715,-0.052335627377033234,-0.11974220722913742,0.1641983985900879,0
1929,534943996,5387528,COCCOCCOCCOC,30,-386891.1041893661,0.2553015351295471,-0.12994475662708282,0.3853362500667572,0
1930,416488096,5387528,COCCOCCOCCOC,30,-386919.09595695086,-0.32943394780158997,0.11841396987438202,0.40037545561790466,0
1931,416487393,5387528,COCCOCCOCCOC,30,-386919.46599516756,-0.2526133060455322,0.08956324309110641,0.5360035300254822,0
1932,534944104,5387528,COCCOCCOCCOC,30,-386892.39302484883,0.35380786657333374,-0.21045905351638794,-0.23026615381240845,0
1933,416489205,5387528,COCCOCCOCCOC,30,-386913.49143972195,-0.04237121716141701,-0.06238999217748642,0.06370234489440918,0
1934,534943897,5387528,COCCOCCOCCOC,30,-386882.71319319477,0.09970755875110626,-0.21521636843681335,0.26981687545776367,0
1935,534023500,5387528,COCCOCCOCCOC,30,-386891.23356551636,0.12279556691646576,0.010091409087181091,0.1754857450723648,0
1936,416489154,5387528,COCCOCCOCCOC,30,-386920.57155762415,-0.09540535509586334,-0.07580462843179703,0.2977679967880249,0
1937,416489334,5387528,COCCOCCOCCOC,30,-386920.3811663501,-0.09960173070430756,-0.08724014461040497,0.3292752206325531,0
1938,534943839,5387528,COCCOCCOCCOC,30,-386885.9669562313,-0.11721275001764297,0.028607318177819252,0.05959064140915871,0
1939,416488340,5387528,COCCOCCOCCOC,30,-386920.2441282282,-0.09324102103710175,-0.0777520015835762,0.31517791748046875,0
1940,534023246,5387528,COCCOCCOCCOC,30,-386890.42551409156,0.15288987755775452,-0.1659446805715561,0.2557778060436249,0
1941,534022518,5387528,COCCOCCOCCOC,30,-386893.5728398458,-0.2859938144683838,0.1740516722202301,0.5939537882804871,0
1942,416487952,5387528,COCCOCCOCCOC,30,-386917.97260554135,0.022003186866641045,-0.002857556799426675,0.43083488941192627,0
1943,416487559,5387528,COCCOCCOCCOC,30,-386920.3938852838,-0.3071344196796417,0.11296345293521881,0.5742737054824829,0
1944,534022400,5387528,COCCOCCOCCOC,30,-386890.5120402372,0.15764717757701874,-0.20319874584674835,0.32335373759269714,0
1945,416489407,5387528,COCCOCCOCCOC,30,-386915.748997375,-0.1101323589682579,-0.06998368352651596,0.31573885679244995,0
1946,416488963,5387528,COCCOCCOCCOC,30,-386919.70434876217,-0.11814409494400024,-0.06426327675580978,0.2286786288022995,0
1947,416487939,5387528,COCCOCCOCCOC,30,-386916.91795316304,0.093330979347229,-0.08536157011985779,0.41434043645858765,0
1948,534943940,5387528,COCCOCCOCCOC,30,-386888.0846584758,-0.0966806709766388,0.5530959963798523,0.38136741518974304,0
1949,534023254,5387528,COCCOCCOCCOC,30,-386889.1927366073,0.13861267268657684,-0.11986921727657318,0.22591632604599,0
1950,416488969,5387528,COCCOCCOCCOC,30,-386920.39822593686,-0.10960317403078079,-0.06715787202119827,0.25977838039398193,0
1951,534022978,5387528,COCCOCCOCCOC,30,-386892.08930420544,-0.15692749619483948,-0.4012009799480438,0.28049564361572266,0
1952,416488033,5387528,COCCOCCOCCOC,30,-386915.6337096722,-0.05943188816308975,0.010366580449044704,0.2516025900840759,0
1953,416487907,5387528,COCCOCCOCCOC,30,-386918.08281651617,0.08194837719202042,-0.17490364611148834,0.2433474212884903,0
1954,534022825,5387528,COCCOCCOCCOC,30,-386874.517224308,-0.2634243965148926,0.1552923321723938,0.6407488584518433,0
1955,416488344,5387528,COCCOCCOCCOC,30,-386920.5396787598,-0.09415120631456375,-0.07706936448812485,0.30260467529296875,0
1956,416487564,5387528,COCCOCCOCCOC,30,-386919.9811528655,-0.28248006105422974,0.10048016160726547,0.5540008544921875,0
1957,534023332,5387528,COCCOCCOCCOC,30,-386892.05409672525,-0.20447935163974762,-0.08062014728784561,0.29391559958457947,0
1958,416488343,5387528,COCCOCCOCCOC,30,-386920.4817009714,-0.0941353291273117,-0.07704290747642517,0.30568450689315796,0
1959,416487767,5387528,COCCOCCOCCOC,30,-386918.82758870145,-0.08834084123373032,-0.057092923671007156,0.3244438171386719,0
1960,534023564,5387528,COCCOCCOCCOC,30,-386884.6673743688,-0.0049530984833836555,0.038915690034627914,0.1941392421722412,0
1961,416487810,5387528,COCCOCCOCCOC,30,-386917.3575602257,0.13030987977981567,-0.1784120798110962,0.24719983339309692,0
1962,534944220,5387528,COCCOCCOCCOC,30,-386885.67060840246,0.40822842717170715,0.11798005551099777,-0.31367504596710205,0
1963,534022846,5387528,COCCOCCOCCOC,30,-386894.07863404386,-0.34463194012641907,0.19522404670715332,0.5465289354324341,0
1964,534943860,5387528,COCCOCCOCCOC,30,-386891.9284284369,0.3176862299442291,0.12867471575737,0.3050018548965454,0
1965,534022948,5387528,COCCOCCOCCOC,30,-386891.0616168367,-0.3586868643760681,-0.30256232619285583,-0.1336701512336731,0
1966,534022566,5387528,COCCOCCOCCOC,30,-386890.27670196426,-0.20959120988845825,0.051070891320705414,0.5413376688957214,0
1967,534944161,5387528,COCCOCCOCCOC,30,-386895.55224242224,0.03187233954668045,0.22527600824832916,-0.02004523202776909,0
1968,416487823,5387528,COCCOCCOCCOC,30,-386918.4221519487,0.14535439014434814,-0.17439034581184387,0.2771988809108734,0
1969,416487643,5387528,COCCOCCOCCOC,30,-386919.9929060847,-0.21812154352664948,-0.3709055781364441,0.2836284041404724,0
1970,534022827,5387528,COCCOCCOCCOC,30,-386869.94107768394,-0.2541002929210663,0.14005203545093536,0.6778706312179565,0
1971,534944241,5387528,COCCOCCOCCOC,30,-386892.5956567319,0.1403801292181015,0.5316590070724487,-0.29271435737609863,0
1972,534944020,5387528,COCCOCCOCCOC,30,-386883.6005610616,0.690052330493927,0.35950180888175964,0.0006244290852919221,0
1973,534944167,5387528,COCCOCCOCCOC,30,-386891.5136603936,-0.24783484637737274,-0.44077810645103455,-0.21203070878982544,0
1974,534024272,5387528,COCCOCCOCCOC,30,-386892.93658773147,-0.21573495864868164,0.005260021425783634,0.47385698556900024,0
1975,534022454,5387528,COCCOCCOCCOC,30,-386894.8581714281,-0.13507777452468872,-0.0659460574388504,0.3297885060310364,0
1976,416487613,5387528,COCCOCCOCCOC,30,-386914.51620115957,-0.29034364223480225,-0.3981423079967499,-0.05307117849588394,0
1977,416489091,5387528,COCCOCCOCCOC,30,-386920.4475892796,-0.09714104980230331,-0.07217447459697723,0.29628631472587585,0
1978,416487397,5387528,COCCOCCOCCOC,30,-386919.2495616366,-0.2388017773628235,0.08162558078765869,0.5091266632080078,0
1979,534024364,5387528,COCCOCCOCCOC,30,-386890.1860166614,0.09934243559837341,-0.18051820993423462,0.42821016907691956,0
1980,534022888,5387528,COCCOCCOCCOC,30,-386893.0924861463,-0.09923659265041351,-0.05628328025341034,0.303255558013916,0
1981,416487328,5387528,COCCOCCOCCOC,30,-386918.851589793,-0.021034792065620422,0.0032491476740688086,0.4155152142047882,0
1982,416487261,5387528,COCCOCCOCCOC,30,-386916.4720278053,0.1752370148897171,-0.17950747907161713,0.22974228858947754,0
1983,416489332,5387528,COCCOCCOCCOC,30,-386919.7322236341,-0.10245928168296814,-0.09392894804477692,0.35227853059768677,0
1984,534024351,5387528,COCCOCCOCCOC,30,-386873.599966807,-0.05380144342780113,-0.08554678410291672,0.2075168341398239,0
1985,416488249,5387528,COCCOCCOCCOC,30,-386917.1003189994,-0.06303029507398605,-0.12853184342384338,0.17389291524887085,0
1986,534943937,5387528,COCCOCCOCCOC,30,-386889.0873076731,0.14073996245861053,0.3520139753818512,-0.14094634354114532,0
1987,416488879,5387528,COCCOCCOCCOC,30,-386918.90106986696,-0.09118251502513885,-0.07504790276288986,0.3294127881526947,0
1988,534022685,5387528,COCCOCCOCCOC,30,-386870.53276596544,0.20767028629779816,-0.2704836130142212,0.208173006772995,0
1989,416489375,5387528,COCCOCCOCCOC,30,-386920.55685514933,-0.10842840373516083,-0.07069277763366699,0.28342199325561523,0
1990,416487791,5387528,COCCOCCOCCOC,30,-386916.13818026887,0.21248582005500793,-0.1747501790523529,0.18350277841091156,0
1991,416487620,5387528,COCCOCCOCCOC,30,-386915.3436863645,-0.2815857529640198,-0.34112876653671265,-0.12001208961009979,0
1992,416487717,5387528,COCCOCCOCCOC,30,-386919.9960365218,-0.09840578585863113,-0.0719204694032669,0.3146646320819855,0
1993,416487467,5387528,COCCOCCOCCOC,30,-386919.85605124454,-0.19236120581626892,-0.35265955328941345,0.27702954411506653,0
1994,534023741,5387528,COCCOCCOCCOC,30,-386878.6000375894,-0.018727580085396767,-0.13045275211334229,0.46156421303749084,0
1995,416487958,5387528,COCCOCCOCCOC,30,-386918.90767819184,-0.025723302736878395,-0.0003651322331279516,0.4131603538990021,0
1996,534024396,5387528,COCCOCCOCCOC,30,-386891.7058058911,0.01322413794696331,-0.1600390523672104,0.2963074743747711,0
1997,416487494,5387528,COCCOCCOCCOC,30,-386918.3190481486,-0.10692024976015091,-0.20518845319747925,0.26292169094085693,0
1998,534023330,5387528,COCCOCCOCCOC,30,-386893.3453398772,-0.15531879663467407,-0.09948530793190002,0.18199990689754486,0
1999,416487439,5387528,COCCOCCOCCOC,30,-386916.0073066545,-0.28584033250808716,-0.31846413016319275,-0.1253197342157364,0
2000,534943941,5387528,COCCOCCOCCOC,30,-386892.06193187943,0.04977969825267792,-0.11566226184368134,0.449535995721817,0
2001,416489372,5387528,COCCOCCOCCOC,30,-386919.77159933903,-0.12800265848636627,-0.06384523212909698,0.2622760832309723,0
2002,416488212,5387528,COCCOCCOCCOC,30,-386919.96486497356,-0.08195895701646805,-0.061469223350286484,0.25989478826522827,0
2003,534943912,5387528,COCCOCCOCCOC,30,-386890.5693460445,0.11375721544027328,-0.11331799626350403,0.17421571910381317,0
2004,534024181,5387528,COCCOCCOCCOC,30,-386870.8335834659,-0.003550778841599822,-0.051134392619132996,0.5188053250312805,0
2005,416487316,5387528,COCCOCCOCCOC,30,-386917.4179227685,0.0485149621963501,-0.030316559597849846,0.4327717125415802,0
2006,534943934,5387528,COCCOCCOCCOC,30,-386870.22101873223,0.20181229710578918,-0.3772662878036499,-0.34416627883911133,0
2007,534022571,5387528,COCCOCCOCCOC,30,-386873.9929994018,-0.170246884226799,0.0610194206237793,0.3024829626083374,0
2008,416489323,5387528,COCCOCCOCCOC,30,-386910.58578859345,-0.11700107157230377,-0.12537795305252075,0.46761268377304077,0
2009,416488065,5387528,COCCOCCOCCOC,30,-386914.6425478905,-0.49076423048973083,0.029316416010260582,0.3427586555480957,0
2010,416488320,5387528,COCCOCCOCCOC,30,-386920.37289947254,-0.0996493548154831,-0.0711161196231842,0.28506243228912354,0
2011,416487417,5387528,COCCOCCOCCOC,30,-386919.9066375807,-0.10518455505371094,-0.05779673159122467,0.2660120725631714,0
2012,534022578,5387528,COCCOCCOCCOC,30,-386892.0182193687,-0.09897200763225555,-0.06589843332767487,0.42935848236083984,0
2013,534944168,5387528,COCCOCCOCCOC,30,-386892.24278038915,-0.34591254591941833,0.20998279750347137,-0.7607609629631042,0
2014,416488910,5387528,COCCOCCOCCOC,30,-386920.2192104112,-0.0950084701180458,-0.07669364660978317,0.3069491982460022,0
2015,534023550,5387528,COCCOCCOCCOC,30,-386888.1969342788,-0.02536875382065773,0.0745028555393219,0.17825862765312195,0
2016,534022654,5387528,COCCOCCOCCOC,30,-386894.3157620284,-0.2079983800649643,-0.22662542760372162,-0.08492764830589294,0
2017,416487314,5387528,COCCOCCOCCOC,30,-386917.2445845087,0.05870691314339638,-0.04231300577521324,0.4324965178966522,0
2018,416487585,5387528,COCCOCCOCCOC,30,-386919.29064375383,-0.1699981689453125,0.015118591487407684,0.39435872435569763,0
2019,534022547,5387528,COCCOCCOCCOC,30,-386873.6417673768,-0.26292696595191956,0.1490797996520996,0.45454734563827515,0
2020,416488093,5387528,COCCOCCOCCOC,30,-386919.0597243386,-0.35175466537475586,0.11660419404506683,0.40420669317245483,0
2021,416487927,5387528,COCCOCCOCCOC,30,-386917.56365408725,0.13907834887504578,-0.14005203545093536,0.34731486439704895,0
2022,416487448,5387528,COCCOCCOCCOC,30,-386918.9263162718,-0.31730520725250244,-0.2503960430622101,-0.12558962404727936,0
2023,416487868,5387528,COCCOCCOCCOC,30,-386918.86544846464,-0.024395067244768143,-0.000862558779772371,0.414335161447525,0
2024,416488885,5387528,COCCOCCOCCOC,30,-386919.80892372935,-0.09344739466905594,-0.07372496277093887,0.32225301861763,0
2025,416488916,5387528,COCCOCCOCCOC,30,-386920.5934752399,-0.09534714370965958,-0.07584167271852493,0.29806435108184814,0
2026,416489014,5387528,COCCOCCOCCOC,30,-386920.56315361685,-0.09463804215192795,-0.0779954269528389,0.30040860176086426,0
2027,534022567,5387528,COCCOCCOCCOC,30,-386871.99793506553,-0.14375098049640656,0.04114881902933121,0.463643878698349,0
2028,416487566,5387528,COCCOCCOCCOC,30,-386919.8039235631,-0.2733941078186035,0.09609328210353851,0.5493335127830505,0
2029,416488314,5387528,COCCOCCOCCOC,30,-386919.54450621683,-0.054822757840156555,-0.11433931440114975,0.15533466637134552,0
2030,416487764,5387528,COCCOCCOCCOC,30,-386918.53641106753,-0.08547799289226532,-0.05917259305715561,0.32513177394866943,0
2031,416487592,5387528,COCCOCCOCCOC,30,-386919.7039577785,-0.12978069484233856,-0.02892482653260231,0.31727346777915955,0
2032,534944180,5387528,COCCOCCOCCOC,30,-386883.1135021817,-0.19957387447357178,-0.005651612300425768,-0.16827833652496338,0
2033,416488931,5387528,COCCOCCOCCOC,30,-386920.2900001823,-0.09564348310232162,-0.07451872527599335,0.3006308376789093,0
2034,534022404,5387528,COCCOCCOCCOC,30,-386888.1983734975,0.16281723976135254,-0.025035372003912926,0.35426825284957886,0
2035,416488208,5387528,COCCOCCOCCOC,30,-386919.2434396209,-0.07629676163196564,-0.05906675383448601,0.24217265844345093,0
2036,534024310,5387528,COCCOCCOCCOC,30,-386892.1189197949,-0.07427001744508743,-0.259243905544281,0.24946999549865723,0
2037,416487839,5387528,COCCOCCOCCOC,30,-386917.31454736035,0.13375481963157654,-0.1309819370508194,0.35835880041122437,0
2038,534023417,5387528,COCCOCCOCCOC,30,-386869.87050497025,0.07102616131305695,-0.08286914974451065,0.4869541525840759,0
2039,416487902,5387528,COCCOCCOCCOC,30,-386917.576334468,0.1199115440249443,-0.17706798017024994,0.249602273106575,0
2040,416487759,5387528,COCCOCCOCCOC,30,-386918.2603631269,-0.08121811598539352,-0.06689858436584473,0.3219355046749115,0
2041,416488217,5387528,COCCOCCOCCOC,30,-386920.51603298855,-0.08746770024299622,-0.06578730791807175,0.27543142437934875,0
2042,416488698,5387528,COCCOCCOCCOC,30,-386919.6564627191,-0.05354214832186699,-0.11864152550697327,0.16483868658542633,0
2043,416489488,5387528,COCCOCCOCCOC,30,-386916.820299493,-0.08372112363576889,-0.06494591385126114,0.3188610076904297,0
2044,534023635,5387528,COCCOCCOCCOC,30,-386868.29398105276,-0.43191972374916077,0.051864657551050186,0.3743028938770294,0
2045,534022522,5387528,COCCOCCOCCOC,30,-386888.77763353544,-0.33900150656700134,0.06179202347993851,0.5788828134536743,0
2046,534024432,5387528,COCCOCCOCCOC,30,-386885.6797815782,-0.1828571856021881,0.021574554964900017,0.22802244126796722,0
2047,534022497,5387528,COCCOCCOCCOC,30,-386865.88924890826,-0.2640276551246643,0.2748863697052002,0.7338787913322449,0
2048,416489113,5387528,COCCOCCOCCOC,30,-386920.5072886528,-0.09656953811645508,-0.07395251095294952,0.2980802357196808,0
2049,416487815,5387528,COCCOCCOCCOC,30,-386917.82280846004,0.11888494342565536,-0.17794641852378845,0.2527350187301636,0
2050,416489367,5387528,COCCOCCOCCOC,30,-386916.19352692325,-0.1629442423582077,-0.051668860018253326,0.2210955172777176,0
2051,416487856,5387528,COCCOCCOCCOC,30,-386917.35606082506,0.051309019327163696,-0.036111049354076385,0.4323483407497406,0
2052,534024360,5387528,COCCOCCOCCOC,30,-386890.7498741749,0.12936794757843018,-0.24769724905490875,0.25052306056022644,0
2053,416487259,5387528,COCCOCCOCCOC,30,-386916.3170478867,0.18385201692581177,-0.17929580807685852,0.22196336090564728,0
2054,416488163,5387528,COCCOCCOCCOC,30,-386920.2301154509,-0.04353540390729904,-0.12698665261268616,0.15471024811267853,0
2055,416487365,5387528,COCCOCCOCCOC,30,-386918.4147139421,-0.31305593252182007,0.12280615419149399,0.69255530834198,0
2056,416487965,5387528,COCCOCCOCCOC,30,-386920.59813077224,-0.09456925094127655,-0.0757252499461174,0.2974981367588043,0
2057,416488260,5387528,COCCOCCOCCOC,30,-386919.82797735353,-0.05137781426310539,-0.12792858481407166,0.16644209623336792,0
2058,416488193,5387528,COCCOCCOCCOC,30,-386918.6914895176,-0.11063507199287415,-0.08267335593700409,0.34107059240341187,0
2059,534024298,5387528,COCCOCCOCCOC,30,-386893.2037527007,-0.16838417947292328,-0.43648651242256165,0.2780296802520752,0
2060,416487912,5387528,COCCOCCOCCOC,30,-386918.40931967425,0.14769864082336426,-0.17577679455280304,0.27420902252197266,0
2061,534023336,5387528,COCCOCCOCCOC,30,-386888.4017231522,0.24363847076892853,-0.21653401851654053,0.19742542505264282,0
2062,534023196,5387528,COCCOCCOCCOC,30,-386896.1194450199,-0.1848045438528061,-0.04727669060230255,0.41508129239082336,0
2063,534023592,5387528,COCCOCCOCCOC,30,-386889.66302647925,-0.06276041269302368,0.04941456392407417,0.28231075406074524,0
2064,416489389,5387528,COCCOCCOCCOC,30,-386918.36672957084,-0.08205950260162354,-0.07881565392017365,0.2854381799697876,0
2065,416487530,5387528,COCCOCCOCCOC,30,-386913.5876661368,-0.2929472029209137,0.0931880995631218,0.7282695174217224,0
2066,416487628,5387528,COCCOCCOCCOC,30,-386918.06613050774,-0.3041922152042389,-0.2859567701816559,-0.12816672027111053,0
2067,416489355,5387528,COCCOCCOCCOC,30,-386920.34432072385,-0.08419737964868546,-0.07878389954566956,0.311071515083313,0
2068,534023655,5387528,COCCOCCOCCOC,30,-386869.9250613875,-0.46824243664741516,0.09764377772808075,0.3236130177974701,0
2069,416487753,5387528,COCCOCCOCCOC,30,-386918.3256165369,-0.07952474802732468,-0.08017563819885254,0.3133787214756012,0
2070,534023670,5387528,COCCOCCOCCOC,30,-386892.9874749019,-0.40078821778297424,0.1162073090672493,0.44393202662467957,0
2071,416488004,5387528,COCCOCCOCCOC,30,-386916.10628561955,-0.03457643836736679,0.019796518608927727,0.2672344744205475,0
2072,534944217,5387528,COCCOCCOCCOC,30,-386899.4610803436,-0.5005063414573669,0.08878535032272339,-0.04057730361819267,0
2073,416489084,5387528,COCCOCCOCCOC,30,-386919.73230181675,-0.0988502949476242,-0.07000485062599182,0.29376211762428284,0
2074,416488708,5387528,COCCOCCOCCOC,30,-386920.55322728987,-0.09736860543489456,-0.07505320012569427,0.29391559958457947,0
2075,416488289,5387528,COCCOCCOCCOC,30,-386917.9169961945,-0.0886848047375679,-0.09997215121984482,0.11304283142089844,0
2076,534943974,5387528,COCCOCCOCCOC,30,-386891.2140550978,0.15921883285045624,-0.13596148788928986,0.1579805463552475,0
2077,534024202,5387528,COCCOCCOCCOC,30,-386892.6275731457,-0.30543577671051025,0.17955511808395386,0.6153695583343506,0
2078,534022485,5387528,COCCOCCOCCOC,30,-386862.7572300466,-0.2907087802886963,0.09613032639026642,0.7246288061141968,0
2079,534943883,5387528,COCCOCCOCCOC,30,-386891.68617386936,0.3516276478767395,-0.5637906789779663,-0.31199759244918823,0
2080,416489002,5387528,COCCOCCOCCOC,30,-386919.33030259854,-0.08939919620752335,-0.089838407933712,0.30889657139778137,0
2081,534943976,5387528,COCCOCCOCCOC,30,-386885.87597939814,-0.6457972526550293,0.0032544396817684174,-0.1351730227470398,0
2082,416487833,5387528,COCCOCCOCCOC,30,-386917.9617767144,0.14577773213386536,-0.15184210240840912,0.3260525166988373,0
2083,534023392,5387528,COCCOCCOCCOC,30,-386888.4451360962,0.163330540060997,-0.17472371459007263,0.2191110998392105,0
2084,416487250,5387528,COCCOCCOCCOC,30,-386916.1679209392,0.21472953259944916,-0.1737394481897354,0.18150776624679565,0
2085,534022704,5387528,COCCOCCOCCOC,30,-386894.35433784197,-0.17245884239673615,-0.22865216434001923,0.2083846777677536,0
2086,416489116,5387528,COCCOCCOCCOC,30,-386920.6083082957,-0.09587632119655609,-0.07503203302621841,0.29684194922447205,0
2087,416489152,5387528,COCCOCCOCCOC,30,-386920.498960007,-0.09522014111280441,-0.07628089189529419,0.2987893223762512,0
2088,534022968,5387528,COCCOCCOCCOC,30,-386894.63381840126,-0.24812060594558716,-0.3523208796977997,0.19649936258792877,0
2089,534943895,5387528,COCCOCCOCCOC,30,-386893.4535761218,-0.22821295261383057,-0.34353122115135193,-0.0907115489244461,0
2090,534023610,5387528,COCCOCCOCCOC,30,-386892.6241008039,-0.07088857889175415,-0.08605479449033737,0.2715790271759033,0
2091,416487949,5387528,COCCOCCOCCOC,30,-386917.6025715264,0.037878502160310745,-0.020489739254117012,0.4325864613056183,0
2092,416487400,5387528,COCCOCCOCCOC,30,-386919.16566114,-0.22314871847629547,0.0666075348854065,0.48109084367752075,0
2093,416488188,5387528,COCCOCCOCCOC,30,-386917.5866508091,-0.1156516745686531,-0.08486943691968918,0.35440585017204285,0
2094,534022818,5387528,COCCOCCOCCOC,30,-386890.1154740537,-0.24868153035640717,0.10604710131883621,0.636875331401825,0
2095,534022577,5387528,COCCOCCOCCOC,30,-386868.52901867207,-0.16003376245498657,-0.010631170123815536,0.34972789883613586,0
2096,534024384,5387528,COCCOCCOCCOC,30,-386893.07713944017,-0.10729596763849258,-0.08510227501392365,0.3077535629272461,0
2097,416487796,5387528,COCCOCCOCCOC,30,-386916.1507014492,0.19627711176872253,-0.17809458076953888,0.20612509548664093,0
2098,416488339,5387528,COCCOCCOCCOC,30,-386920.1411092053,-0.09300818294286728,-0.07782609015703201,0.3182736039161682,0
2099,534023508,5387528,COCCOCCOCCOC,30,-386890.8092785013,0.00572569714859128,0.015563100576400757,0.34375879168510437,0
2100,416488346,5387528,COCCOCCOCCOC,30,-386920.60598856,-0.09496084600687027,-0.07595809549093246,0.29827600717544556,0
2101,416489191,5387528,COCCOCCOCCOC,30,-386919.09558782534,-0.10269741714000702,-0.09092322736978531,0.34727782011032104,0
2102,416487321,5387528,COCCOCCOCCOC,30,-386917.9413797399,0.024686114862561226,-0.0038735768757760525,0.43111005425453186,0
2103,534943877,5387528,COCCOCCOCCOC,30,-386885.4812115188,-0.1820475310087204,-0.3462088704109192,-0.15039215981960297,0
2104,534023516,5387528,COCCOCCOCCOC,30,-386890.52185758465,0.1767028421163559,0.017473429441452026,0.34650522470474243,0
2105,416488704,5387528,COCCOCCOCCOC,30,-386920.37127074966,-0.09814120084047318,-0.07602159678936005,0.28555458784103394,0
2106,416489359,5387528,COCCOCCOCCOC,30,-386902.05206496804,-0.18102622032165527,-0.07748741656541824,0.020235735923051834,0
2107,416487267,5387528,COCCOCCOCCOC,30,-386917.05469324364,0.1464233249425888,-0.17898888885974884,0.24597743153572083,0
2108,416489039,5387528,COCCOCCOCCOC,30,-386918.8798181197,-0.0965430811047554,-0.07007364183664322,0.32419511675834656,0
2109,416488194,5387528,COCCOCCOCCOC,30,-386918.88905446493,-0.10960317403078079,-0.08228175342082977,0.33816009759902954,0
2110,416488349,5387528,COCCOCCOCCOC,30,-386919.0787076843,-0.04203254356980324,-0.12220817804336548,0.15408051013946533,0
2111,416488946,5387528,COCCOCCOCCOC,30,-386920.2535576574,-0.09804065525531769,-0.07283594459295273,0.3027581572532654,0
2112,416489454,5387528,COCCOCCOCCOC,30,-386920.2275061893,-0.09188103675842285,-0.07700057327747345,0.29093632102012634,0
2113,416488059,5387528,COCCOCCOCCOC,30,-386913.8550485418,-0.500527560710907,-0.004476838745176792,0.323650062084198,0
2114,534023556,5387528,COCCOCCOCCOC,30,-386886.46811879694,-0.03495215252041817,-0.025448130443692207,0.12755286693572998,0
2115,534944293,5387528,COCCOCCOCCOC,30,-386885.3891631047,-0.18698474764823914,0.24457509815692902,-0.172829270362854,0
2116,416488270,5387528,COCCOCCOCCOC,30,-386918.66582594387,-0.06306733936071396,-0.08864246308803558,0.38985541462898254,0
2117,534023325,5387528,COCCOCCOCCOC,30,-386870.7566452942,-0.138871967792511,0.03395729884505272,0.4455777406692505,0
2118,416489337,5387528,COCCOCCOCCOC,30,-386920.6374682374,-0.09589219838380814,-0.07627560198307037,0.2991597354412079,0
2119,534022913,5387528,COCCOCCOCCOC,30,-386870.1496373339,-0.23187485337257385,-0.4413549602031708,-0.05562710762023926,0
2120,416489078,5387528,COCCOCCOCCOC,30,-386918.6873932017,-0.09973931312561035,-0.06892003118991852,0.29122206568717957,0
2121,534022820,5387528,COCCOCCOCCOC,30,-386890.0730461107,-0.28695163130760193,0.12502340972423553,0.6841784715652466,0
2122,534944037,5387528,COCCOCCOCCOC,30,-386883.58502943965,0.08954736590385437,-0.22240789234638214,0.11138121038675308,0
2123,534944063,5387528,COCCOCCOCCOC,30,-386886.1655716796,-0.38490232825279236,0.20951712131500244,-0.46812599897384644,0
2124,416489303,5387528,COCCOCCOCCOC,30,-386913.769757535,-0.05170061066746712,-0.13018818199634552,0.16085927188396454,0
2125,534023272,5387528,COCCOCCOCCOC,30,-386890.5629114005,0.15479491651058197,-0.13127298653125763,0.4192194640636444,0
2126,534944259,5387528,COCCOCCOCCOC,30,-386889.34695573145,-0.29538142681121826,0.6263711452484131,0.13797235488891602,0
2127,416487751,5387528,COCCOCCOCCOC,30,-386918.44936437893,-0.08011742681264877,-0.08446196466684341,0.31000787019729614,0
2128,534022715,5387528,COCCOCCOCCOC,30,-386871.48168549483,-0.06871894747018814,-0.19107000529766083,0.27704012393951416,0
2129,534944309,5387528,COCCOCCOCCOC,30,-386893.1741910287,-0.15429219603538513,0.26013293862342834,-0.3023665249347687,0
2130,534023422,5387528,COCCOCCOCCOC,30,-386890.28925279505,0.16827304661273956,-0.1045072004199028,0.36316370964050293,0
2131,534023356,5387528,COCCOCCOCCOC,30,-386890.4782932119,0.1718132346868515,-0.12007030099630356,0.2763998210430145,0
2132,416488981,5387528,COCCOCCOCCOC,30,-386918.1628826946,-0.07436526566743851,-0.08761586248874664,0.3775044083595276,0
2133,416488195,5387528,COCCOCCOCCOC,30,-386919.0781692579,-0.10858185589313507,-0.08188487589359283,0.3351649343967438,0
2134,534023507,5387528,COCCOCCOCCOC,30,-386869.01819043467,0.01653149537742138,0.0848429799079895,0.31800374388694763,0
2135,534022729,5387528,COCCOCCOCCOC,30,-386874.68122115865,-0.07860397547483444,-0.3120557963848114,0.2515285015106201,0
2136,416488283,5387528,COCCOCCOCCOC,30,-386920.49444694,-0.08657338470220566,-0.07679419219493866,0.3264123499393463,0
2137,416488105,5387528,COCCOCCOCCOC,30,-386918.85863971134,-0.26512303948402405,0.11441868543624878,0.39506781101226807,0
2138,534022394,5387528,COCCOCCOCCOC,30,-386889.3791899205,0.15509124100208282,-0.07155004888772964,0.2737380564212799,0
2139,534944064,5387528,COCCOCCOCCOC,30,-386890.0467076944,0.4136525094509125,-0.5045122504234314,-0.5318124890327454,0
2140,534023096,5387528,COCCOCCOCCOC,30,-386893.8290134727,-0.16341520845890045,-0.023246752098202705,0.3395836055278778,0
2141,534023543,5387528,COCCOCCOCCOC,30,-386871.3608582532,-0.0022172522731125355,-0.042985063046216965,0.21509994566440582,0
2142,534023087,5387528,COCCOCCOCCOC,30,-386871.34598189296,-0.10903695970773697,-0.14727000892162323,0.26973748207092285,0
2143,534023552,5387528,COCCOCCOCCOC,30,-386887.2704070586,0.0692269578576088,-0.0842503011226654,0.1866990029811859,0
2144,416487478,5387528,COCCOCCOCCOC,30,-386918.5825055911,-0.14633865654468536,-0.3000064194202423,0.2631968557834625,0
2145,534024446,5387528,COCCOCCOCCOC,30,-386891.1355467261,-0.15817105770111084,-0.004307501949369907,0.22869980335235596,0
2146,534943929,5387528,COCCOCCOCCOC,30,-386884.54725146893,0.06413097679615021,-0.47591549158096313,0.01670612394809723,0
2147,534023744,5387528,COCCOCCOCCOC,30,-386890.40175484715,-0.19073133170604706,0.06678745150566101,0.3196336030960083,0
2148,416488317,5387528,COCCOCCOCCOC,30,-386919.9186888895,-0.04961565136909485,-0.11885318905115128,0.15306450426578522,0
2149,534022780,5387528,COCCOCCOCCOC,30,-386885.7488737209,-0.24281823635101318,0.026294812560081482,0.6822575330734253,0
2150,416488323,5387528,COCCOCCOCCOC,30,-386920.5365875829,-0.09847457706928253,-0.07218505442142487,0.29142847657203674,0
2151,416488324,5387528,COCCOCCOCCOC,30,-386920.5746720271,-0.09776019304990768,-0.07294178754091263,0.29295778274536133,0
2152,416488266,5387528,COCCOCCOCCOC,30,-386920.58024406084,-0.0967547595500946,-0.07586812973022461,0.29610109329223633,0
2153,534944208,5387528,COCCOCCOCCOC,30,-386888.31905658584,0.23785986006259918,-0.016557954251766205,-0.037026528269052505,0
2154,416487284,5387528,COCCOCCOCCOC,30,-386918.4492218025,0.14769335091114044,-0.1726175844669342,0.2814217209815979,0
2155,416488236,5387528,COCCOCCOCCOC,30,-386920.0644466257,-0.08831966668367386,-0.0527430884540081,0.33121728897094727,0
2156,416488051,5387528,COCCOCCOCCOC,30,-386920.204412912,-0.09949589520692825,-0.043149109929800034,0.28468143939971924,0
2157,534023431,5387528,COCCOCCOCCOC,30,-386871.1784941374,0.24025702476501465,-0.17818453907966614,0.24508312344551086,0
2158,534022562,5387528,COCCOCCOCCOC,30,-386890.6464862887,-0.12608176469802856,-0.33787962794303894,0.27469587326049805,0
2159,416487523,5387528,COCCOCCOCCOC,30,-386912.0695034826,-0.2781619727611542,0.08322369307279587,0.718897819519043,0
2160,416488975,5387528,COCCOCCOCCOC,30,-386920.6559600373,-0.09992452710866928,-0.07238614559173584,0.28555458784103394,0
2161,416487612,5387528,COCCOCCOCCOC,30,-386914.4157890846,-0.29219576716423035,-0.4033653140068054,-0.05131960287690163,0
2162,416488299,5387528,COCCOCCOCCOC,30,-386919.96856495325,-0.06263870745897293,-0.11405356228351593,0.14318476617336273,0
2163,416487309,5387528,COCCOCCOCCOC,30,-386916.96925697214,0.08608654141426086,-0.07476744055747986,0.4221140444278717,0
2164,534943880,5387528,COCCOCCOCCOC,30,-386884.9718075782,0.48995983600616455,-0.06011981889605522,-0.17427392303943634,0
2165,416487672,5387528,COCCOCCOCCOC,30,-386918.12155498145,-0.1105504035949707,-0.2202276587486267,0.2592703402042389,0
2166,534022365,5387528,COCCOCCOCCOC,30,-386873.2439258386,0.09830524027347565,-0.2226671725511551,0.2837236523628235,0
2167,534944198,5387528,COCCOCCOCCOC,30,-386884.5830269976,0.12785449624061584,-0.21343833208084106,-0.3655714690685272,0
2168,534943870,5387528,COCCOCCOCCOC,30,-386891.3300103597,-0.0492134764790535,0.33533957600593567,0.15074141323566437,0
2169,534022786,5387528,COCCOCCOCCOC,30,-386888.94131052005,-0.3255762755870819,0.15820279717445374,0.8108000159263611,0
2170,416488045,5387528,COCCOCCOCCOC,30,-386918.9934582519,-0.09120368957519531,-0.013478142209351063,0.2871474027633667,0
2171,416487557,5387528,COCCOCCOCCOC,30,-386920.47914257506,-0.3167019784450531,0.11763079464435577,0.5848360061645508,0
2172,416487405,5387528,COCCOCCOCCOC,30,-386919.2418666498,-0.16871227324008942,0.012964840978384018,0.3930251896381378,0
2173,416489077,5387528,COCCOCCOCCOC,30,-386920.6128939818,-0.09546356648206711,-0.07498440891504288,0.29736053943634033,0
2174,416487278,5387528,COCCOCCOCCOC,30,-386918.0824531449,0.12950552999973297,-0.17770299315452576,0.2597042918205261,0
2175,416488191,5387528,COCCOCCOCCOC,30,-386918.27267067163,-0.11262477934360504,-0.08354119956493378,0.3465951681137085,0
2176,534023315,5387528,COCCOCCOCCOC,30,-386874.01376427896,-0.040127504616975784,0.08221296221017838,0.2831045091152191,0
2177,534022985,5387528,COCCOCCOCCOC,30,-386874.85099113797,-0.028268644586205482,-0.41967451572418213,0.1930120885372162,0
2178,534022504,5387528,COCCOCCOCCOC,30,-386887.99513455055,-0.4306338131427765,0.13329973816871643,0.6852103471755981,0
2179,534022838,5387528,COCCOCCOCCOC,30,-386895.05598288804,-0.3347204327583313,0.08818738162517548,0.4198385775089264,0
2180,534943836,5387528,COCCOCCOCCOC,30,-386887.3485918155,0.05744747817516327,0.03103095106780529,0.3117806315422058,0
2181,416487969,5387528,COCCOCCOCCOC,30,-386916.0313069183,0.09843754023313522,0.03672489523887634,0.19417628645896912,0
2182,534022601,5387528,COCCOCCOCCOC,30,-386874.09852641006,-0.012208117172122002,-0.1017819419503212,0.19086891412734985,0
2183,534944271,5387528,COCCOCCOCCOC,30,-386894.40074485337,0.08198542147874832,0.22044990956783295,0.03181413188576698,0
2184,416489069,5387528,COCCOCCOCCOC,30,-386920.37602439814,-0.09743739664554596,-0.07560883462429047,0.29006320238113403,0
2185,416487933,5387528,COCCOCCOCCOC,30,-386917.0406849737,0.12189067900180817,-0.11546645313501358,0.38026145100593567,0
2186,534022695,5387528,COCCOCCOCCOC,30,-386875.89612786844,-0.19362592697143555,-0.40672555565834045,0.2074110060930252,0
2187,534944301,5387528,COCCOCCOCCOC,30,-386891.13731678034,0.23399685323238373,-0.20976583659648895,-0.14095163345336914,0
2188,534943959,5387528,COCCOCCOCCOC,30,-386888.603088162,-0.052838340401649475,-0.3028322458267212,-0.22164057195186615,0
2189,416487481,5387528,COCCOCCOCCOC,30,-386918.2522477809,-0.13642717897891998,-0.2835913300514221,0.2618210017681122,0
2190,416488327,5387528,COCCOCCOCCOC,30,-386920.6190735589,-0.09554293751716614,-0.07512199133634567,0.29645034670829773,0
2191,416488984,5387528,COCCOCCOCCOC,30,-386918.9458144984,-0.07864631712436676,-0.08452018350362778,0.3629150092601776,0
2192,416489366,5387528,COCCOCCOCCOC,30,-386915.0730212917,-0.1704109162092209,-0.048985932022333145,0.21182963252067566,0
2193,534023451,5387528,COCCOCCOCCOC,30,-386873.1297620988,-0.01565835252404213,0.0499490350484848,0.25241750478744507,0
2194,416488060,5387528,COCCOCCOCCOC,30,-386913.9340533407,-0.49971258640289307,0.0013282347936183214,0.3267245888710022,0
2195,416488159,5387528,COCCOCCOCCOC,30,-386919.8353665142,-0.04372061789035797,-0.12580658495426178,0.14766159653663635,0
2196,534024194,5387528,COCCOCCOCCOC,30,-386891.4634110595,-0.29296836256980896,0.09852749854326248,0.6930686235427856,0
2197,416487588,5387528,COCCOCCOCCOC,30,-386919.4452832798,-0.15006935596466064,-0.005429357755929232,0.35884562134742737,0
2198,534022892,5387528,COCCOCCOCCOC,30,-386890.48948601994,-0.09922072291374207,-0.11133358627557755,0.32985201478004456,0
2199,534944209,5387528,COCCOCCOCCOC,30,-386884.58567497967,0.4366822838783264,-0.2955242991447449,0.5150163769721985,0
2200,416487479,5387528,COCCOCCOCCOC,30,-386918.46366628306,-0.14287784695625305,-0.29463526606559753,0.26252481341362,0
2201,534944021,5387528,COCCOCCOCCOC,30,-386885.770465685,0.5490371584892273,0.4924311339855194,-0.05283304676413536,0
2202,416487485,5387528,COCCOCCOCCOC,30,-386917.9933919909,-0.12465297430753708,-0.26101136207580566,0.260635644197464,0
2203,534023208,5387528,COCCOCCOCCOC,30,-386887.23534342746,0.12603941559791565,-0.1686328798532486,0.11051864922046661,0
2204,534944148,5387528,COCCOCCOCCOC,30,-386888.95225684234,0.27780216932296753,-0.05901912599802017,0.36513227224349976,0
2205,416487755,5387528,COCCOCCOCCOC,30,-386918.25323670637,-0.07947182655334473,-0.07609567791223526,0.3162045180797577,0
2206,534023593,5387528,COCCOCCOCCOC,30,-386873.5855971834,0.04322848469018936,-0.023913515731692314,0.22726044058799744,0
2207,534024438,5387528,COCCOCCOCCOC,30,-386888.366818547,-0.027406085282564163,0.05424065887928009,0.30739372968673706,0
2208,416488003,5387528,COCCOCCOCCOC,30,-386916.292460788,-0.024490319192409515,0.027480170130729675,0.27047303318977356,0
2209,416488288,5387528,COCCOCCOCCOC,30,-386917.6071925275,-0.09138889610767365,-0.09873916953802109,0.10982543975114822,0
2210,534944060,5387528,COCCOCCOCCOC,30,-386889.2001056261,0.2213018834590912,0.47026386857032776,0.15929292142391205,0
2211,534024318,5387528,COCCOCCOCCOC,30,-386892.8830806362,-0.1638173758983612,-0.13881905376911163,0.4024551212787628,0
2212,416488302,5387528,COCCOCCOCCOC,30,-386920.4114367445,-0.10571902245283127,-0.07202630490064621,0.27699780464172363,0
2213,534023416,5387528,COCCOCCOCCOC,30,-386890.52855691215,0.20352153480052948,-0.18954597413539886,0.26318100094795227,0
2214,416488197,5387528,COCCOCCOCCOC,30,-386919.4309340746,-0.10649161785840988,-0.08120223879814148,0.32880422472953796,0
2215,534944039,5387528,COCCOCCOCCOC,30,-386893.057967179,-0.05275367200374603,-0.2545236349105835,0.093330979347229,0
2216,416487756,5387528,COCCOCCOCCOC,30,-386918.2369146051,-0.07967820763587952,-0.0737355500459671,0.3178502917289734,0
2217,416488281,5387528,COCCOCCOCCOC,30,-386920.3062425108,-0.08408096432685852,-0.07637085020542145,0.341747909784317,0
2218,416487398,5387528,COCCOCCOCCOC,30,-386919.2089321633,-0.2338857352733612,0.07706407457590103,0.5003529191017151,0
2219,416487630,5387528,COCCOCCOCCOC,30,-386918.6886368608,-0.31150543689727783,-0.27053654193878174,-0.12800796329975128,0
2220,416488991,5387528,COCCOCCOCCOC,30,-386920.1833486068,-0.0883355438709259,-0.07887914776802063,0.3261213004589081,0
2221,534023404,5387528,COCCOCCOCCOC,30,-386890.58866768,0.16925202310085297,-0.24420997500419617,0.24200859665870667,0
2222,416488922,5387528,COCCOCCOCCOC,30,-386919.25189027714,-0.0946592167019844,-0.07469335943460464,0.3044356107711792,0
2223,416487864,5387528,COCCOCCOCCOC,30,-386918.25221117766,0.011324391700327396,0.006371293216943741,0.4283371865749359,0
2224,416488156,5387528,COCCOCCOCCOC,30,-386919.4352614622,-0.04389524832367897,-0.12497048079967499,0.14269262552261353,0
2225,416489313,5387528,COCCOCCOCCOC,30,-386919.6493940106,-0.0969293862581253,-0.07758795469999313,0.293963223695755,0
2226,416487455,5387528,COCCOCCOCCOC,30,-386920.2634720505,-0.33822888135910034,-0.19812394678592682,-0.11796946823596954,0
2227,416489410,5387528,COCCOCCOCCOC,30,-386918.3995936645,-0.10643340647220612,-0.07141246646642685,0.31059524416923523,0
2228,416487990,5387528,COCCOCCOCCOC,30,-386918.7296422148,0.02962333895266056,0.0354866199195385,0.2909945249557495,0
2229,416487837,5387528,COCCOCCOCCOC,30,-386917.51823745086,0.13875555992126465,-0.13853858411312103,0.34730958938598633,0
2230,534023648,5387528,COCCOCCOCCOC,30,-386889.433627987,-0.3580624461174011,0.09126189351081848,0.37809181213378906,0
2231,416487257,5387528,COCCOCCOCCOC,30,-386916.19920114125,0.19187435507774353,-0.1786237508058548,0.21363940834999084,0
2232,534022902,5387528,COCCOCCOCCOC,30,-386895.1471459591,-0.007704819552600384,-0.08680093288421631,0.4016719460487366,0
2233,416489174,5387528,COCCOCCOCCOC,30,-386920.5755741811,-0.09679179638624191,-0.07355033606290817,0.2972441017627716,0
2234,416487787,5387528,COCCOCCOCCOC,30,-386920.6192228968,-0.09554823487997055,-0.07520665973424911,0.2962757349014282,0
2235,416487419,5387528,COCCOCCOCCOC,30,-386920.0205244383,-0.0928388461470604,-0.07075627893209457,0.24154821038246155,0
2236,416488132,5387528,COCCOCCOCCOC,30,-386919.5285173664,-0.12923036515712738,0.01707654818892479,0.3668944239616394,0
2237,416489074,5387528,COCCOCCOCCOC,30,-386920.5948723364,-0.09618853777647018,-0.07585225254297256,0.29482048749923706,0
2238,416488050,5387528,COCCOCCOCCOC,30,-386920.0370999712,-0.09879738092422485,-0.03750278428196907,0.2866023778915405,0
2239,416489231,5387528,COCCOCCOCCOC,30,-386919.07625265635,-0.08596483618021011,-0.07894264906644821,0.2932911515235901,0
2240,416489224,5387528,COCCOCCOCCOC,30,-386915.28489824926,-0.07197867333889008,-0.08419737964868546,0.2802045941352844,0
2241,416488137,5387528,COCCOCCOCCOC,30,-386920.0410116437,-0.11545588076114655,-0.012197533622384071,0.34947389364242554,0
2242,534943969,5387528,COCCOCCOCCOC,30,-386891.6641035329,0.4898116886615753,0.13331560790538788,-0.012896047905087471,0
2243,534944193,5387528,COCCOCCOCCOC,30,-386890.85196483834,-0.30833566188812256,-0.03848176449537277,-0.496828556060791,0
2244,416488906,5387528,COCCOCCOCCOC,30,-386919.72538014315,-0.09452162683010101,-0.07767792046070099,0.3123573958873749,0
2245,416487364,5387528,COCCOCCOCCOC,30,-386918.167365375,-0.31329935789108276,0.12100694328546524,0.6967781782150269,0
2246,534944124,5387528,COCCOCCOCCOC,30,-386893.8735912023,-0.027633633464574814,-0.3245179057121277,0.1629759818315506,0
2247,534024227,5387528,COCCOCCOCCOC,30,-386870.6114675335,-0.2515867054462433,-0.3850504755973816,-0.21012568473815918,0
2248,416487453,5387528,COCCOCCOCCOC,30,-386919.99424229463,-0.3333181142807007,-0.21253341436386108,-0.12035606056451797,0
2249,534023152,5387528,COCCOCCOCCOC,30,-386891.5637289566,-0.005471691954880953,-0.10972488671541214,0.25175604224205017,0
2250,534023376,5387528,COCCOCCOCCOC,30,-386890.135547561,0.11175692826509476,-0.20128312706947327,0.3521091938018799,0
2251,534024456,5387528,COCCOCCOCCOC,30,-386887.89258740353,-0.5533764362335205,0.08447255194187164,0.3942793309688568,0
2252,416488080,5387528,COCCOCCOCCOC,30,-386917.86113581504,-0.4319038391113281,0.09183870255947113,0.3929881453514099,0
2253,416488872,5387528,COCCOCCOCCOC,30,-386920.410404076,-0.09851162135601044,-0.07375141978263855,0.30937284231185913,0
2254,416488232,5387528,COCCOCCOCCOC,30,-386919.4682495279,-0.08360999077558517,-0.04622362554073334,0.33715465664863586,0
2255,416487816,5387528,COCCOCCOCCOC,30,-386917.9000008302,0.11923949420452118,-0.17797286808490753,0.2547934949398041,0
2256,534022546,5387528,COCCOCCOCCOC,30,-386892.7604894616,-0.2042994350194931,0.01372156385332346,0.6560262441635132,0
2257,416489080,5387528,COCCOCCOCCOC,30,-386919.07889254286,-0.09946943074464798,-0.06924282759428024,0.2921375632286072,0
2258,534022408,5387528,COCCOCCOCCOC,30,-386891.73183376796,0.15507537126541138,-0.17647530138492584,0.33281540870666504,0
2259,534944176,5387528,COCCOCCOCCOC,30,-386884.9918077158,0.14340172708034515,0.2929048538208008,0.16861173510551453,0
2260,534023338,5387528,COCCOCCOCCOC,30,-386887.1377714722,0.20532605051994324,-0.20156359672546387,0.14842890202999115,0
2261,416487819,5387528,COCCOCCOCCOC,30,-386918.1518563033,0.13113011419773102,-0.17759715020656586,0.26208558678627014,0
2262,534022896,5387528,COCCOCCOCCOC,30,-386891.10767912195,-0.0018044941825792193,-0.1049252450466156,0.3448277413845062,0
2263,534023030,5387528,COCCOCCOCCOC,30,-386891.29048525856,-0.15960513055324554,-0.06556505709886551,0.3433142900466919,0
2264,416489250,5387528,COCCOCCOCCOC,30,-386919.4475414135,-0.09530480951070786,-0.06952858716249466,0.30753663182258606,0
2265,416489111,5387528,COCCOCCOCCOC,30,-386920.39402306604,-0.09697171300649643,-0.07307936996221542,0.29914385080337524,0
2266,534023384,5387528,COCCOCCOCCOC,30,-386890.20025055984,0.09756439924240112,-0.18848232924938202,0.20909908413887024,0
2267,534022852,5387528,COCCOCCOCCOC,30,-386894.37545292143,-0.25234872102737427,0.08524515479803085,0.5533870458602905,0
2268,534943917,5387528,COCCOCCOCCOC,30,-386883.32725154335,-0.0049530984833836555,-0.331952840089798,0.39257538318634033,0
2269,534024177,5387528,COCCOCCOCCOC,30,-386868.01127258415,0.018817540258169174,-0.01590706594288349,0.3807958960533142,0
2270,416489162,5387528,COCCOCCOCCOC,30,-386919.621772581,-0.09982398897409439,-0.06766588985919952,0.30142462253570557,0
2271,416488952,5387528,COCCOCCOCCOC,30,-386920.5843361354,-0.0967177152633667,-0.07433351874351501,0.29893749952316284,0
2272,534022540,5387528,COCCOCCOCCOC,30,-386891.6551183772,-0.2252601534128189,0.1357339471578598,0.5216840505599976,0
2273,534022494,5387528,COCCOCCOCCOC,30,-386886.381587699,-0.2626941502094269,0.053362227976322174,0.6518563628196716,0
2274,416487916,5387528,COCCOCCOCCOC,30,-386918.4690895864,0.15055620670318604,-0.16973887383937836,0.29159247875213623,0
2275,534023165,5387528,COCCOCCOCCOC,30,-386870.26755275653,-0.12033489346504211,-0.004111706744879484,0.31126201152801514,0
2276,534022510,5387528,COCCOCCOCCOC,30,-386892.1697141724,-0.18460874259471893,0.1052057072520256,0.6517505049705505,0
2277,534944118,5387528,COCCOCCOCCOC,30,-386887.1184882793,0.2980431616306305,-0.12490168958902359,0.46921080350875854,0
2278,416487866,5387528,COCCOCCOCCOC,30,-386918.5164081997,-0.0005926784360781312,0.010943383909761906,0.42454296350479126,0
2279,534944078,5387528,COCCOCCOCCOC,30,-386888.527329666,-0.3323020935058594,-0.19387464225292206,-0.3208507001399994,0
2280,416489217,5387528,COCCOCCOCCOC,30,-386920.6501892789,-0.09499260038137436,-0.07355033606290817,0.29208993911743164,0
2281,416488120,5387528,COCCOCCOCCOC,30,-386918.5153437591,-0.17685101926326752,0.07601629942655563,0.39069682359695435,0
2282,416487689,5387528,COCCOCCOCCOC,30,-386920.0869922674,-0.09686058759689331,-0.11248719692230225,0.29803788661956787,0
2283,416487978,5387528,COCCOCCOCCOC,30,-386917.71871852886,0.08636701107025146,0.04115940257906914,0.217608243227005,0
2284,416488865,5387528,COCCOCCOCCOC,30,-386919.74672986474,-0.1016443520784378,-0.07270894199609756,0.3229938745498657,0
2285,416488161,5387528,COCCOCCOCCOC,30,-386920.0532835641,-0.04367828369140625,-0.12635692954063416,0.15120179951190948,0
2286,534944059,5387528,COCCOCCOCCOC,30,-386884.04939312156,-0.15583209693431854,0.7037950754165649,-0.02641652338206768,0
2287,416489431,5387528,COCCOCCOCCOC,30,-386919.32752157253,-0.10561317950487137,-0.06812626868486404,0.3174269199371338,0
2288,416487429,5387528,COCCOCCOCCOC,30,-386914.35940856254,-0.2926349639892578,-0.4051063060760498,-0.04976382106542587,0
2289,416487891,5387528,COCCOCCOCCOC,30,-386916.4496388584,0.17498831450939178,-0.1776818186044693,0.22807008028030396,0
2290,534022440,5387528,COCCOCCOCCOC,30,-386892.866938521,0.0009207683033309877,0.06763413548469543,0.3971739411354065,0
2291,534023113,5387528,COCCOCCOCCOC,30,-386880.2409026938,-0.03968299552798271,-0.15377359092235565,0.3122251331806183,0
2292,534022586,5387528,COCCOCCOCCOC,30,-386893.9263361428,-0.21752355992794037,-0.01889691688120365,0.2951538860797882,0
2293,416488148,5387528,COCCOCCOCCOC,30,-386917.98436634074,-0.045091185718774796,-0.12192771583795547,0.1309448927640915,0
2294,416487908,5387528,COCCOCCOCCOC,30,-386918.1429395725,0.07907494157552719,-0.17471842467784882,0.24336327612400055,0
2295,416489302,5387528,COCCOCCOCCOC,30,-386913.0085718763,-0.05247320979833603,-0.13012996315956116,0.16138845682144165,0
2296,416487421,5387528,COCCOCCOCCOC,30,-386920.3019119462,-0.059765271842479706,-0.10260216891765594,0.18855640292167664,0
2297,416489311,5387528,COCCOCCOCCOC,30,-386918.8581873648,-0.09718339145183563,-0.07920724153518677,0.2912749946117401,0
2298,534944233,5387528,COCCOCCOCCOC,30,-386889.36531763885,0.15745137631893158,-0.02927408181130886,-0.27064236998558044,0
2299,534943943,5387528,COCCOCCOCCOC,30,-386879.9552801666,-0.4208175837993622,0.01411844789981842,0.6471519470214844,0
2300,416488308,5387528,COCCOCCOCCOC,30,-386918.49784902774,-0.06016215309500694,-0.10804210603237152,0.15426044166088104,0
2301,416489208,5387528,COCCOCCOCCOC,30,-386917.1371296841,-0.0826786458492279,-0.04394816607236862,0.20210334658622742,0
2302,534022617,5387528,COCCOCCOCCOC,30,-386869.4268650297,-0.3197023868560791,-0.4319514334201813,-0.060204487293958664,0
2303,534022877,5387528,COCCOCCOCCOC,30,-386866.44753957377,-0.15953104197978973,0.02468082308769226,0.5334317684173584,0
2304,534943848,5387528,COCCOCCOCCOC,30,-386891.05049154616,-0.24604623019695282,-0.08126574009656906,-0.10982014238834381,0
2305,416487325,5387528,COCCOCCOCCOC,30,-386918.42135328345,0.0034343600273132324,0.00896955281496048,0.4261251986026764,0
2306,416487853,5387528,COCCOCCOCCOC,30,-386917.13648982206,0.06658636033535004,-0.05500267446041107,0.4311365485191345,0
2307,416487435,5387528,COCCOCCOCCOC,30,-386914.6976473457,-0.27788153290748596,-0.3469867706298828,-0.11586334556341171,0
2308,534022542,5387528,COCCOCCOCCOC,30,-386892.81828722695,-0.29589471220970154,0.018087275326251984,0.6135967969894409,0
2309,534022389,5387528,COCCOCCOCCOC,30,-386874.74577057903,0.2661972641944885,-0.24309872090816498,0.33400607109069824,0
2310,416488328,5387528,COCCOCCOCCOC,30,-386918.22857398004,-0.08802862465381622,-0.08387987315654755,0.3431819677352905,0
2311,534023438,5387528,COCCOCCOCCOC,30,-386888.8650256836,0.11182042956352234,-0.18888980150222778,0.3663705289363861,0
2312,416487497,5387528,COCCOCCOCCOC,30,-386918.6384191927,-0.10398861020803452,-0.18566182255744934,0.2693776488304138,0
2313,416487402,5387528,COCCOCCOCCOC,30,-386919.20084291237,-0.20615154504776,0.04928756505250931,0.45213425159454346,0
2314,416488117,5387528,COCCOCCOCCOC,30,-386918.4413600526,-0.19202253222465515,0.08703906089067459,0.3933744430541992,0
2315,416488010,5387528,COCCOCCOCCOC,30,-386915.08857821545,-0.05366386100649834,-2.6458859792910516e-05,0.2505759596824646,0
2316,416487312,5387528,COCCOCCOCCOC,30,-386917.12625087483,0.0683908611536026,-0.05470104515552521,0.4316868782043457,0
2317,416488919,5387528,COCCOCCOCCOC,30,-386918.7550224981,-0.09421470761299133,-0.07489974051713943,0.30518704652786255,0
2318,534943840,5387528,COCCOCCOCCOC,30,-386891.5230239638,-0.07805892080068588,-0.13425225019454956,0.1171862930059433,0
2319,416487567,5387528,COCCOCCOCCOC,30,-386919.72194580134,-0.26925066113471985,0.09416178613901138,0.5473755598068237,0
2320,534023174,5387528,COCCOCCOCCOC,30,-386894.2997937966,-0.17858143150806427,-0.07142303884029388,0.2514120936393738,0
2321,416489428,5387528,COCCOCCOCCOC,30,-386917.87515734107,-0.1114552915096283,-0.062273573130369186,0.3331858217716217,0
2322,534022622,5387528,COCCOCCOCCOC,30,-386887.33769372985,-0.2878141701221466,-0.3431131839752197,-0.07451343536376953,0
2323,534023652,5387528,COCCOCCOCCOC,30,-386891.7869415985,-0.4102710783481598,0.03040122799575329,0.4205371141433716,0
2324,416489055,5387528,COCCOCCOCCOC,30,-386920.5666541114,-0.09568052738904953,-0.0741906464099884,0.3007313907146454,0
2325,416487641,5387528,COCCOCCOCCOC,30,-386919.90186842397,-0.23164202272891998,-0.37861567735671997,0.2859885096549988,0
2326,416487346,5387528,COCCOCCOCCOC,30,-386912.54736794677,-0.28691455721855164,0.08245109766721725,0.7226496338844299,0
2327,416487281,5387528,COCCOCCOCCOC,30,-386918.32576746546,0.1412903070449829,-0.17622129619121552,0.2690918743610382,0
2328,534023660,5387528,COCCOCCOCCOC,30,-386891.6128124653,-0.49076947569847107,0.13905717432498932,0.5004851818084717,0
2329,534023696,5387528,COCCOCCOCCOC,30,-386890.88954141404,-0.25247570872306824,0.13026754558086395,0.3065999746322632,0
2330,534944113,5387528,COCCOCCOCCOC,30,-386885.8220690483,-0.3484155535697937,-0.3566495478153229,0.19794930517673492,0
2331,416489123,5387528,COCCOCCOCCOC,30,-386919.8184892892,-0.0955323576927185,-0.07703232020139694,0.3013240694999695,0
2332,534024182,5387528,COCCOCCOCCOC,30,-386894.42221878975,-0.15668407082557678,-0.05732576549053192,0.19246703386306763,0
2333,416488235,5387528,COCCOCCOCCOC,30,-386919.9287581487,-0.08670568466186523,-0.05118730664253235,0.33181527256965637,0
2334,416487318,5387528,COCCOCCOCCOC,30,-386917.6168139897,0.038619350641965866,-0.019013335928320885,0.4325547516345978,0
2335,416488169,5387528,COCCOCCOCCOC,30,-386919.2997480252,-0.09953293949365616,-0.05667487904429436,0.3762185275554657,0
2336,416489309,5387528,COCCOCCOCCOC,30,-386917.88816969877,-0.09614090621471405,-0.08413387835025787,0.2810777425765991,0
2337,534944126,5387528,COCCOCCOCCOC,30,-386873.6412551872,0.0998610258102417,-0.15167276561260223,0.41346728801727295,0
2338,534023641,5387528,COCCOCCOCCOC,30,-386870.52004195715,-0.4492819905281067,0.08724014461040497,0.4342057406902313,0
2339,416489239,5387528,COCCOCCOCCOC,30,-386907.1610407909,-0.09334685653448105,-0.06215186044573784,0.321268767118454,0
2340,416487408,5387528,COCCOCCOCCOC,30,-386919.39461305697,-0.14906392991542816,-0.007212684955447912,0.35776081681251526,0
2341,416487925,5387528,COCCOCCOCCOC,30,-386917.7837688128,0.14302600920200348,-0.1467725932598114,0.33673131465911865,0
2342,534024218,5387528,COCCOCCOCCOC,30,-386893.55202780955,-0.2831997573375702,0.10017324239015579,0.6131893396377563,0
2343,534022932,5387528,COCCOCCOCCOC,30,-386888.07000390196,-0.30428746342658997,-0.33833470940589905,-0.11286819726228714,0
2344,416488068,5387528,COCCOCCOCCOC,30,-386915.2514460637,-0.48224446177482605,0.04457259550690651,0.35286593437194824,0
2345,534024173,5387528,COCCOCCOCCOC,30,-386874.0134465213,-0.14926500618457794,-0.09094968438148499,0.39502546191215515,0
2346,534023051,5387528,COCCOCCOCCOC,30,-386873.43783534685,-0.030554691329598427,-0.01659499667584896,0.28244301676750183,0
2347,534022636,5387528,COCCOCCOCCOC,30,-386891.31070798694,-0.3229885995388031,-0.29289957880973816,-0.13875555992126465,0
2348,416489022,5387528,COCCOCCOCCOC,30,-386919.1353727819,-0.1052374616265297,-0.05695534124970436,0.291444331407547,0
2349,534022368,5387528,COCCOCCOCCOC,30,-386892.28399471,0.1732473224401474,-0.20246848464012146,0.33410659432411194,0
2350,534943837,5387528,COCCOCCOCCOC,30,-386881.7341266193,0.43548107147216797,-0.0012859005946666002,-0.07855106145143509,0
2351,416488085,5387528,COCCOCCOCCOC,30,-386918.5638681122,-0.4040585160255432,0.10479824990034103,0.40327006578445435,0
2352,416489304,5387528,COCCOCCOCCOC,30,-386914.5023280114,-0.05101267993450165,-0.13016700744628906,0.1604253500699997,0
2353,534943977,5387528,COCCOCCOCCOC,30,-386890.09566677175,-0.4229819178581238,-0.2726850211620331,-0.19212307035923004,0
2354,416487862,5387528,COCCOCCOCCOC,30,-386918.002422183,0.02146342769265175,-0.0020479157101362944,0.43048033118247986,0
2355,416488891,5387528,COCCOCCOCCOC,30,-386920.37822312483,-0.09489204734563828,-0.0736667588353157,0.31089159846305847,0
2356,534944218,5387528,COCCOCCOCCOC,30,-386891.55915775336,-0.5876724123954773,-0.04281572625041008,-0.3171834945678711,0
2357,534023188,5387528,COCCOCCOCCOC,30,-386890.39648179157,-0.16578061878681183,-0.030491190031170845,0.18362976610660553,0
2358,534943838,5387528,COCCOCCOCCOC,30,-386890.4854472516,-0.38105520606040955,0.1139741837978363,-0.0318194255232811,0
2359,416488026,5387528,COCCOCCOCCOC,30,-386914.18261196936,-0.04307502135634422,0.009212975390255451,0.23070009052753448,0
2360,416489443,5387528,COCCOCCOCCOC,30,-386910.0417180162,-0.08018621802330017,-0.08541449159383774,0.26739323139190674,0
2361,416487882,5387528,COCCOCCOCCOC,30,-386916.1030911169,0.210691899061203,-0.17434799671173096,0.18939250707626343,0
2362,416488257,5387528,COCCOCCOCCOC,30,-386919.311320575,-0.05474337935447693,-0.12816141545772552,0.16903506219387054,0
2363,416488070,5387528,COCCOCCOCCOC,30,-386915.7023881199,-0.4756244719028473,0.05397607386112213,0.3598404824733734,0
2364,534944228,5387528,COCCOCCOCCOC,30,-386878.78033749707,-0.6426697969436646,-0.0263530220836401,0.047393109649419785,0
2365,534023104,5387528,COCCOCCOCCOC,30,-386892.84167765954,-0.023934682831168175,-0.08968494832515717,0.2770507335662842,0
2366,534023418,5387528,COCCOCCOCCOC,30,-386891.00161637063,0.14948725700378418,-0.2000713050365448,0.4140441119670868,0
2367,416489473,5387528,COCCOCCOCCOC,30,-386919.9596372423,-0.1034594252705574,-0.07968879491090775,0.28968217968940735,0
2368,416488904,5387528,COCCOCCOCCOC,30,-386919.403687789,-0.09418295323848724,-0.07836584746837616,0.3148233890533447,0
2369,416489061,5387528,COCCOCCOCCOC,30,-386919.3655545867,-0.04904942959547043,-0.12421375513076782,0.15115945041179657,0
2370,416489215,5387528,COCCOCCOCCOC,30,-386920.56334241945,-0.09293409436941147,-0.06719491630792618,0.27476465702056885,0
2371,534024304,5387528,COCCOCCOCCOC,30,-386892.6321327206,-0.2083846777677536,-0.282776415348053,0.2051725834608078,0
2372,534023487,5387528,COCCOCCOCCOC,30,-386875.0456092813,-0.09022470563650131,-0.15929819643497467,0.32269224524497986,0
2373,416487556,5387528,COCCOCCOCCOC,30,-386920.483519369,-0.3208560049533844,0.12034017592668533,0.5911385416984558,0
2374,416489360,5387528,COCCOCCOCCOC,30,-386904.7873232708,-0.2171902060508728,-0.03673547878861427,0.13612553477287292,0
2375,416489401,5387528,COCCOCCOCCOC,30,-386906.25699487753,-0.11594272404909134,-0.06812626868486404,0.32359713315963745,0
2376,416488013,5387528,COCCOCCOCCOC,30,-386914.6296978092,-0.047763530164957047,-0.002338963095098734,0.23963257670402527,0
2377,534023668,5387528,COCCOCCOCCOC,30,-386891.3544144817,-0.45960095524787903,0.06377643346786499,0.44609105587005615,0
2378,416487614,5387528,COCCOCCOCCOC,30,-386914.642905734,-0.2887614071369171,-0.39261242747306824,-0.054822757840156555,0
2379,534024285,5387528,COCCOCCOCCOC,30,-386867.99256295175,-0.2469828724861145,-0.3131352961063385,-0.11733446270227432,0
2380,534023634,5387528,COCCOCCOCCOC,30,-386887.40650164086,-0.5069094300270081,0.0651417076587677,0.32891538739204407,0
2381,416488242,5387528,COCCOCCOCCOC,30,-386920.56419723295,-0.09275417774915695,-0.0635330080986023,0.3159981667995453,0
2382,534944041,5387528,COCCOCCOCCOC,30,-386887.0724155234,-0.0684279054403305,0.2709493041038513,0.5530959963798523,0
2383,534944002,5387528,COCCOCCOCCOC,30,-386881.2147650722,0.12809263169765472,0.37141358852386475,0.19578497111797333,0
2384,416489457,5387528,COCCOCCOCCOC,30,-386920.620004291,-0.09537360072135925,-0.07524370402097702,0.29600054025650024,0
2385,534944243,5387528,COCCOCCOCCOC,30,-386884.0687348291,-0.14749754965305328,0.11273061484098434,-0.5817297697067261,0
2386,416487688,5387528,COCCOCCOCCOC,30,-386919.97900682135,-0.09723630547523499,-0.11814409494400024,0.2961646020412445,0
2387,416487430,5387528,COCCOCCOCCOC,30,-386914.44602181274,-0.2902589738368988,-0.39907896518707275,-0.051922865211963654,0
2388,534023217,5387528,COCCOCCOCCOC,30,-386866.26581879955,0.21254929900169373,-0.18682071566581726,0.3018797039985657,0
2389,416487297,5387528,COCCOCCOCCOC,30,-386917.4898764881,0.13853329420089722,-0.13858091831207275,0.346780389547348,0
2390,534024184,5387528,COCCOCCOCCOC,30,-386881.82512915327,-0.2580108940601349,0.09981869161128998,0.8188064098358154,0
2391,416489104,5387528,COCCOCCOCCOC,30,-386919.72552167915,-0.09833699464797974,-0.07021122425794601,0.3018479645252228,0
2392,416487256,5387528,COCCOCCOCCOC,30,-386916.15703844087,0.19570030272006989,-0.17817924916744232,0.20910964906215668,0
2393,534024169,5387528,COCCOCCOCCOC,30,-386875.1125406598,0.21103057265281677,-0.23424556851387024,0.3528765141963959,0
2394,416487646,5387528,COCCOCCOCCOC,30,-386919.95223129645,-0.2011878788471222,-0.3590414226055145,0.2777915596961975,0
2395,534022764,5387528,COCCOCCOCCOC,30,-386893.4892845654,-0.11775778979063034,-0.09243137389421463,0.3415997326374054,0
2396,416489176,5387528,COCCOCCOCCOC,30,-386920.61370138003,-0.09611444920301437,-0.07447110861539841,0.2965455949306488,0
2397,534022467,5387528,COCCOCCOCCOC,30,-386864.8307679347,-0.3508974015712738,0.1318921148777008,0.7576864361763,0
2398,534944100,5387528,COCCOCCOCCOC,30,-386884.99938582076,0.1781686693429947,-0.20354801416397095,0.6785162687301636,0
2399,534023559,5387528,COCCOCCOCCOC,30,-386868.7996757905,0.04832975193858147,-0.10012032091617584,0.3710854947566986,0
2400,534943956,5387528,COCCOCCOCCOC,30,-386890.2663739113,0.07060281932353973,0.29656675457954407,-0.1556786298751831,0
2401,416488992,5387528,COCCOCCOCCOC,30,-386920.2990290735,-0.08963203430175781,-0.07830234616994858,0.320369154214859,0
2402,534024292,5387528,COCCOCCOCCOC,30,-386892.7512443965,-0.368921160697937,-0.2051355391740799,-0.26543527841567993,0
2403,416489365,5387528,COCCOCCOCCOC,30,-386913.79967380635,-0.17797815799713135,-0.046445880085229874,0.20212452113628387,0
2404,416489333,5387528,COCCOCCOCCOC,30,-386920.11035597813,-0.10082413256168365,-0.09094438701868057,0.3402715027332306,0
2405,534944019,5387528,COCCOCCOCCOC,30,-386893.4272740108,0.17333199083805084,0.3363661766052246,0.41262590885162354,0
2406,416488054,5387528,COCCOCCOCCOC,30,-386920.5667475582,-0.10106226056814194,-0.05919376015663147,0.28353843092918396,0
2407,534023501,5387528,COCCOCCOCCOC,30,-386874.3128048431,0.11272002756595612,-0.0034396518021821976,0.1719561219215393,0
2408,416488108,5387528,COCCOCCOCCOC,30,-386918.70030704857,-0.24514663219451904,0.11004239320755005,0.39540648460388184,0
2409,416487872,5387528,COCCOCCOCCOC,30,-386920.07042684377,-0.08475831151008606,-0.0621042363345623,0.3463835120201111,0
2410,534944044,5387528,COCCOCCOCCOC,30,-386870.8877927342,0.33315935730934143,0.4879278242588043,0.16159483790397644,0
2411,534024426,5387528,COCCOCCOCCOC,30,-386889.53940209525,-0.008689089678227901,0.10554438829421997,0.26578983664512634,0
2412,416489119,5387528,COCCOCCOCCOC,30,-386919.2457345329,-0.09499260038137436,-0.07809067517518997,0.3009483516216278,0
2413,416487881,5387528,COCCOCCOCCOC,30,-386916.1291074677,0.2135864943265915,-0.17358069121837616,0.18489450216293335,0
2414,416487565,5387528,COCCOCCOCCOC,30,-386919.8908643099,-0.27779683470726013,0.0981517806649208,0.5514184832572937,0
2415,416487987,5387528,COCCOCCOCCOC,30,-386918.6357709666,0.03709002956748009,0.023749470710754395,0.2891794443130493,0
2416,416487506,5387528,COCCOCCOCCOC,30,-386919.8022433338,-0.0980776995420456,-0.12834134697914124,0.2930848002433777,0
2417,534943888,5387528,COCCOCCOCCOC,30,-386897.39030558045,-0.41709214448928833,-0.1840425282716751,0.050658129155635834,0
2418,416488938,5387528,COCCOCCOCCOC,30,-386919.2879558621,-0.09931597113609314,-0.07190459221601486,0.30606019496917725,0
2419,534023003,5387528,COCCOCCOCCOC,30,-386875.0083182432,-0.12266855686903,-0.3029645085334778,0.18320642411708832,0
2420,534943963,5387528,COCCOCCOCCOC,30,-386890.1710219906,0.15765775740146637,0.3498390316963196,0.08949973434209824,0
2421,416489083,5387528,COCCOCCOCCOC,30,-386919.58572188497,-0.09904079884290695,-0.06982492655515671,0.2933652400970459,0
2422,416489480,5387528,COCCOCCOCCOC,30,-386904.11682162975,-0.0753389522433281,-0.05923609435558319,0.3335033357143402,0
2423,416487702,5387528,COCCOCCOCCOC,30,-386918.36807142827,-0.08566319942474365,-0.07218505442142487,0.32262346148490906,0
2424,416488860,5387528,COCCOCCOCCOC,30,-386918.99500360695,-0.10355468094348907,-0.07313758134841919,0.32985201478004456,0
2425,416488067,5387528,COCCOCCOCCOC,30,-386915.0379543937,-0.4854089319705963,0.03948720172047615,0.3494580388069153,0
2426,416487910,5387528,COCCOCCOCCOC,30,-386918.29371674825,0.14437541365623474,-0.17759715020656586,0.2669963538646698,0
2427,416489214,5387528,COCCOCCOCCOC,30,-386920.3887596232,-0.09190219640731812,-0.06355418264865875,0.26599618792533875,0
2428,416489295,5387528,COCCOCCOCCOC,30,-386920.38022938056,-0.09457983821630478,-0.06832735985517502,0.283136248588562,0
2429,416487590,5387528,COCCOCCOCCOC,30,-386919.57783857384,-0.1395757794380188,-0.017388762906193733,0.3378002345561981,0
2430,416487932,5387528,COCCOCCOCCOC,30,-386917.10519481014,0.12495460361242294,-0.1204671859741211,0.3749961256980896,0
2431,416487343,5387528,COCCOCCOCCOC,30,-386912.0501832364,-0.27990826964378357,0.07908552885055542,0.7165482044219971,0
2432,416487327,5387528,COCCOCCOCCOC,30,-386918.6905276008,-0.012102281674742699,0.007212684955447912,0.42031484842300415,0
2433,416488058,5387528,COCCOCCOCCOC,30,-386913.8023203715,-0.5011043548583984,-0.010445958003401756,0.32055965065956116,0
2434,534022468,5387528,COCCOCCOCCOC,30,-386882.7627422659,-0.23019735515117645,0.16810370981693268,0.6194441914558411,0
2435,534023314,5387528,COCCOCCOCCOC,30,-386889.56185579556,0.05802956968545914,0.009726276621222496,0.42060062289237976,0
2436,534022980,5387528,COCCOCCOCCOC,30,-386892.1879730503,-0.24291348457336426,-0.37082618474960327,0.3808170557022095,0
2437,416487737,5387528,COCCOCCOCCOC,30,-386919.9740767474,-0.09252133965492249,-0.09303992986679077,0.2979849576950073,0
2438,416487623,5387528,COCCOCCOCCOC,30,-386916.3478261691,-0.28799939155578613,-0.3216603398323059,-0.12596534192562103,0
2439,534943911,5387528,COCCOCCOCCOC,30,-386882.55738081085,-0.4475780427455902,0.1528845727443695,0.10908987373113632,0
2440,534023566,5387528,COCCOCCOCCOC,30,-386885.9591036561,-0.043540697544813156,-0.03867226839065552,0.16655322909355164,0
2441,534944141,5387528,COCCOCCOCCOC,30,-386887.53708623006,0.2539415657520294,0.25080353021621704,0.1049940437078476,0
2442,416487712,5387528,COCCOCCOCCOC,30,-386919.4086037076,-0.09552706032991409,-0.06795164197683334,0.3205491006374359,0
2443,534023042,5387528,COCCOCCOCCOC,30,-386891.7137327049,-0.07037527114152908,-0.07420651614665985,0.18601636588573456,0
2444,534022387,5387528,COCCOCCOCCOC,30,-386873.06073367584,0.08975903689861298,-0.1968909502029419,0.3233272433280945,0
2445,416487378,5387528,COCCOCCOCCOC,30,-386920.38430475275,-0.3113519847393036,0.11581571400165558,0.5819678902626038,0
2446,416489260,5387528,COCCOCCOCCOC,30,-386909.38354949467,-0.13298751413822174,-0.04902826249599457,0.3192102611064911,0
2447,534944240,5387528,COCCOCCOCCOC,30,-386885.7864024998,-0.15037627518177032,-0.4540710747241974,0.003206813707947731,0
2448,534944308,5387528,COCCOCCOCCOC,30,-386881.0283572415,0.004852554760873318,0.05428299307823181,0.22853046655654907,0
2449,416487681,5387528,COCCOCCOCCOC,30,-386919.0836422349,-0.10110988467931747,-0.1612984985113144,0.27833130955696106,0
2450,416487914,5387528,COCCOCCOCCOC,30,-386918.4704360373,0.14973068237304688,-0.17313089966773987,0.2825382947921753,0
2451,416488881,5387528,COCCOCCOCCOC,30,-386919.2430032113,-0.09201332926750183,-0.07454518973827362,0.32726961374282837,0
2452,416488972,5387528,COCCOCCOCCOC,30,-386920.5841773498,-0.10478238016366959,-0.06986726075410843,0.2730289697647095,0
2453,416488115,5387528,COCCOCCOCCOC,30,-386918.4393992813,-0.20295532047748566,0.09345269203186035,0.39440104365348816,0
2454,416489437,5387528,COCCOCCOCCOC,30,-386920.620004291,-0.09537360072135925,-0.07524370402097702,0.29600054025650024,0
2455,534944284,5387528,COCCOCCOCCOC,30,-386892.6662703686,0.32650232315063477,0.13777656853199005,0.08223942667245865,0
2456,416488181,5387528,COCCOCCOCCOC,30,-386920.56263390975,-0.09889263659715652,-0.06267045438289642,0.3370170593261719,0
2457,416487558,5387528,COCCOCCOCCOC,30,-386920.44469877204,-0.31196582317352295,0.11536591500043869,0.5793590545654297,0
2458,416489484,5387528,COCCOCCOCCOC,30,-386911.8662095281,-0.0792548656463623,-0.061622682958841324,0.32688331604003906,0
2459,534024256,5387528,COCCOCCOCCOC,30,-386893.01190279215,-0.22590573132038116,0.12267385423183441,0.45406574010849,0
2460,534943958,5387528,COCCOCCOCCOC,30,-386884.501404469,0.10707371681928635,0.4489063024520874,0.05953243374824524,0
2461,534023181,5387528,COCCOCCOCCOC,30,-386874.1576549172,-0.18998520076274872,-0.03720644861459732,0.2999958395957947,0
2462,534022536,5387528,COCCOCCOCCOC,30,-386892.0506021934,-0.3094363808631897,0.0702747330069542,0.5066924691200256,0
2463,534943873,5387528,COCCOCCOCCOC,30,-386898.55454115686,0.2465224713087082,0.5166462659835815,-0.3455474078655243,0
2464,416488888,5387528,COCCOCCOCCOC,30,-386920.1340625651,-0.09430995583534241,-0.07341275364160538,0.31734755635261536,0
2465,534022550,5387528,COCCOCCOCCOC,30,-386892.1301312463,-0.22032292187213898,0.052213914692401886,0.43994733691215515,0
2466,534022612,5387528,COCCOCCOCCOC,30,-386885.4756360795,-0.3380754292011261,-0.37679532170295715,-0.021241173148155212,0
2467,416488712,5387528,COCCOCCOCCOC,30,-386920.616864351,-0.0954953134059906,-0.07511141151189804,0.29687368869781494,0
2468,416487727,5387528,COCCOCCOCCOC,30,-386920.5708050162,-0.09871800243854523,-0.08381108194589615,0.3024459183216095,0
2469,534022553,5387528,COCCOCCOCCOC,30,-386872.16872400604,-0.2648373246192932,0.08334540575742722,0.6087866425514221,0
2470,534023192,5387528,COCCOCCOCCOC,30,-386890.6617658413,-0.07257664948701859,-0.09986632317304611,0.29611167311668396,0
2471,534023388,5387528,COCCOCCOCCOC,30,-386890.41846472735,0.10190364718437195,-0.19871661067008972,0.25670912861824036,0
2472,416487953,5387528,COCCOCCOCCOC,30,-386918.1072330309,0.01655266247689724,0.0020108732860535383,0.42985063791275024,0
2473,416487813,5387528,COCCOCCOCCOC,30,-386917.65412563214,0.12056772410869598,-0.17807871103286743,0.2502214312553406,0
2474,416488901,5387528,COCCOCCOCCOC,30,-386918.82695990935,-0.09354794770479202,-0.07970995455980301,0.31814661622047424,0
2475,534944286,5387528,COCCOCCOCCOC,30,-386886.5241364748,0.04675280675292015,0.16816192865371704,-0.3543582260608673,0
2476,416487335,5387528,COCCOCCOCCOC,30,-386920.5923326738,-0.09443695843219757,-0.07605863362550735,0.29806435108184814,0
2477,534023111,5387528,COCCOCCOCCOC,30,-386872.3348000115,0.006477128714323044,-0.06449611485004425,0.3081345856189728,0
2478,534024440,5387528,COCCOCCOCCOC,30,-386887.8278091374,-0.003614280140027404,0.10461832582950592,0.24760198593139648,0
2479,416489095,5387528,COCCOCCOCCOC,30,-386920.6035772269,-0.09633670747280121,-0.07423826307058334,0.29677313566207886,0
2480,534023020,5387528,COCCOCCOCCOC,30,-386892.2667590309,-0.15603317320346832,-0.16920439898967743,0.2946881651878357,0
2481,534023486,5387528,COCCOCCOCCOC,30,-386894.5868138446,-0.14043833315372467,-0.06940687447786331,0.3083462417125702,0
2482,416489068,5387528,COCCOCCOCCOC,30,-386920.3085455992,-0.09747973084449768,-0.07604275643825531,0.288168728351593,0
2483,534943989,5387528,COCCOCCOCCOC,30,-386888.9438424493,0.5821372270584106,0.32349658012390137,0.21014153957366943,0
2484,416487451,5387528,COCCOCCOCCOC,30,-386919.63704810874,-0.32715851068496704,-0.2274932563304901,-0.12238809466362,0
2485,416487279,5387528,COCCOCCOCCOC,30,-386918.1701044156,0.13386595249176025,-0.17742252349853516,0.26239779591560364,0
2486,416488316,5387528,COCCOCCOCCOC,30,-386919.80348214664,-0.05175352841615677,-0.1172180324792862,0.15423397719860077,0
2487,534022436,5387528,COCCOCCOCCOC,30,-386890.9959041092,0.025157082825899124,-0.0052018119022250175,0.44448766112327576,0
2488,416488167,5387528,COCCOCCOCCOC,30,-386920.6049475369,-0.09535244107246399,-0.07606393098831177,0.29293662309646606,0
2489,416488313,5387528,COCCOCCOCCOC,30,-386919.397314885,-0.0558863990008831,-0.11315395683050156,0.15531349182128906,0
2490,416488973,5387528,COCCOCCOCCOC,30,-386920.6209364055,-0.10325305163860321,-0.07057106494903564,0.2773735225200653,0
2491,416488234,5387528,COCCOCCOCCOC,30,-386919.7925864907,-0.08603891730308533,-0.0494939386844635,0.33428651094436646,0
2492,534022949,5387528,COCCOCCOCCOC,30,-386875.3017241024,-0.2831626832485199,-0.3035413324832916,-0.20236794650554657,0
2493,534023086,5387528,COCCOCCOCCOC,30,-386895.09762111725,-0.16394439339637756,-0.022886913269758224,0.3775149881839752,0
2494,534024206,5387528,COCCOCCOCCOC,30,-386895.15099162643,-0.16433598101139069,0.059918731451034546,0.5067400932312012,0
2495,534943869,5387528,COCCOCCOCCOC,30,-386888.00828552834,-0.04314381629228592,-0.22003187239170074,0.05927842855453491,0
2496,534023180,5387528,COCCOCCOCCOC,30,-386894.0881679584,-0.16593937575817108,0.03986291587352753,0.35254842042922974,0
2497,534022898,5387528,COCCOCCOCCOC,30,-386891.59602005826,-0.11898019909858704,-0.07431764155626297,0.2577357292175293,0
2498,534023333,5387528,COCCOCCOCCOC,30,-386875.36823850585,-0.07707465440034866,0.008027617819607258,0.395464688539505,0
2499,416488884,5387528,COCCOCCOCCOC,30,-386919.68186428567,-0.0931193083524704,-0.07389959692955017,0.3236553370952606,0
2500,534023752,5387528,COCCOCCOCCOC,30,-386892.85028860933,-0.1236845850944519,-0.12335649132728577,0.31573355197906494,0
2501,416489416,5387528,COCCOCCOCCOC,30,-386920.58260824793,-0.09751147776842117,-0.07460339367389679,0.29865700006484985,0
2502,534022930,5387528,COCCOCCOCCOC,30,-386888.73667155113,-0.21580375730991364,-0.3618301749229431,-0.14444950222969055,0
2503,534943902,5387528,COCCOCCOCCOC,30,-386888.628273074,-0.1751311868429184,-0.14831776916980743,-0.020886622369289398,0
2504,416487974,5387528,COCCOCCOCCOC,30,-386916.90571704827,0.09413003921508789,0.040661972016096115,0.20471219718456268,0
2505,534024475,5387528,COCCOCCOCCOC,30,-386875.3638984665,-0.45415574312210083,0.25611117482185364,0.1976318061351776,0
2506,534024421,5387528,COCCOCCOCCOC,30,-386877.235594597,0.019452553242444992,0.05987110361456871,0.2380715161561966,0
2507,534943899,5387528,COCCOCCOCCOC,30,-386886.078013446,-0.37302228808403015,0.302895724773407,0.2300015687942505,0
2508,534023546,5387528,COCCOCCOCCOC,30,-386889.5948080224,0.022262483835220337,-0.04845675453543663,0.3447113037109375,0
2509,534023493,5387528,COCCOCCOCCOC,30,-386870.3252275225,0.11355613172054291,0.03686777502298355,0.06470778584480286,0
2510,416489474,5387528,COCCOCCOCCOC,30,-386920.2270426418,-0.10143797099590302,-0.07867277413606644,0.29132261872291565,0
2511,416487275,5387528,COCCOCCOCCOC,30,-386917.83633850305,0.11999092996120453,-0.17779295146465302,0.2544178068637848,0
2512,416487544,5387528,COCCOCCOCCOC,30,-386918.183776363,-0.3123732805252075,0.12293844670057297,0.6983604431152344,0
2513,416487540,5387528,COCCOCCOCCOC,30,-386916.9447201375,-0.3083250820636749,0.1139371395111084,0.7134208083152771,0
2514,416488152,5387528,COCCOCCOCCOC,30,-386918.7757409552,-0.04436621442437172,-0.12357345968484879,0.13651183247566223,0
2515,416487465,5387528,COCCOCCOCCOC,30,-386919.9642005521,-0.2023097276687622,-0.3607400953769684,0.28126826882362366,0
2516,534022482,5387528,COCCOCCOCCOC,30,-386886.3007323559,-0.26711806654930115,0.029194705188274384,0.6886394619941711,0
2517,416487529,5387528,COCCOCCOCCOC,30,-386913.30114174477,-0.2907775640487671,0.09147356450557709,0.7278144359588623,0
2518,534944087,5387528,COCCOCCOCCOC,30,-386890.04458079685,0.15421809256076813,-0.059341926127672195,0.2954025864601135,0
2519,416489204,5387528,COCCOCCOCCOC,30,-386912.043842786,-0.04130756855010986,-0.057913150638341904,0.05373794585466385,0
2520,416487639,5387528,COCCOCCOCCOC,30,-386919.7361145141,-0.24461744725704193,-0.3853785991668701,0.28678756952285767,0
2521,416488171,5387528,COCCOCCOCCOC,30,-386919.66019820643,-0.09906197339296341,-0.05744747817516327,0.37001127004623413,0
2522,416488119,5387528,COCCOCCOCCOC,30,-386918.4822906476,-0.18168769776821136,0.07991104573011398,0.39191919565200806,0
2523,416487851,5387528,COCCOCCOCCOC,30,-386917.0223815829,0.07803776115179062,-0.06799926608800888,0.4260193705558777,0
2524,534022826,5387528,COCCOCCOCCOC,30,-386890.542355346,-0.3131406009197235,0.15164630115032196,0.6527876853942871,0
2525,534943913,5387528,COCCOCCOCCOC,30,-386882.65259507485,-0.20606160163879395,0.03766683116555214,-0.12744703888893127,0
2526,416489408,5387528,COCCOCCOCCOC,30,-386916.7666948958,-0.10890994966030121,-0.07051286101341248,0.31406667828559875,0
2527,534023228,5387528,COCCOCCOCCOC,30,-386888.9697020852,0.10512103885412216,-0.18769913911819458,0.25416380167007446,0
2528,416489363,5387528,COCCOCCOCCOC,30,-386910.7499477451,-0.19345130026340485,-0.04146632179617882,0.18094155192375183,0
2529,534023730,5387528,COCCOCCOCCOC,30,-386891.45613471005,-0.16376975178718567,0.179047092795372,0.39353320002555847,0
2530,416488702,5387528,COCCOCCOCCOC,30,-386920.04899143253,-0.05118730664253235,-0.12062063813209534,0.16386500000953674,0
2531,534023419,5387528,COCCOCCOCCOC,30,-386868.72933403356,0.21998952329158783,-0.15795409679412842,0.1761842519044876,0
2532,416488040,5387528,COCCOCCOCCOC,30,-386917.65266009,-0.0784505158662796,0.001656324602663517,0.27414554357528687,0
2533,534024338,5387528,COCCOCCOCCOC,30,-386889.7015423299,-0.2060086876153946,-0.05679129436612129,0.32053321599960327,0
2534,416487674,5387528,COCCOCCOCCOC,30,-386918.27337713115,-0.10788864642381668,-0.20725224912166595,0.26232901215553284,0
2535,416487584,5387528,COCCOCCOCCOC,30,-386919.28559654823,-0.19055141508579254,0.03358687460422516,0.4240402281284332,0
2536,534023562,5387528,COCCOCCOCCOC,30,-386887.10444215493,0.013864441774785519,0.05164240300655365,0.21821680665016174,0
2537,534944129,5387528,COCCOCCOCCOC,30,-386893.55255475116,-0.2450936883687973,0.1307702660560608,-0.33083099126815796,0
2538,534022870,5387528,COCCOCCOCCOC,30,-386890.42884862045,-0.12152024358510971,-0.0599028579890728,0.40881583094596863,0
2539,534023166,5387528,COCCOCCOCCOC,30,-386891.0254497584,0.019436677917838097,-0.14451830089092255,0.3203321099281311,0
2540,416487771,5387528,COCCOCCOCCOC,30,-386919.29560353846,-0.09205566346645355,-0.05696592479944229,0.321898490190506,0
2541,416488166,5387528,COCCOCCOCCOC,30,-386920.55351072963,-0.09562231600284576,-0.07629676163196564,0.29002612829208374,0
2542,416487509,5387528,COCCOCCOCCOC,30,-386920.13114066946,-0.09701934456825256,-0.11077795177698135,0.29963070154190063,0
2543,416489453,5387528,COCCOCCOCCOC,30,-386919.91529400233,-0.09073271602392197,-0.07762499898672104,0.28904715180397034,0
2544,416487961,5387528,COCCOCCOCCOC,30,-386919.78307930863,-0.07534953951835632,-0.048864223062992096,0.3670055568218231,0
2545,534022676,5387528,COCCOCCOCCOC,30,-386894.67785095755,-0.17671343684196472,-0.34375879168510437,0.29146549105644226,0
2546,416487746,5387528,COCCOCCOCCOC,30,-386918.92589276563,-0.08363116532564163,-0.09218265861272812,0.3029433488845825,0
2547,534023110,5387528,COCCOCCOCCOC,30,-386892.3291911295,-0.0648294985294342,-0.08329248428344727,0.266916960477829,0
2548,416487838,5387528,COCCOCCOCCOC,30,-386917.41307598824,0.13641658425331116,-0.13485021889209747,0.35276007652282715,0
2549,416489451,5387528,COCCOCCOCCOC,30,-386918.98155173584,-0.08844666928052902,-0.07902731746435165,0.2850783169269562,0
2550,534022360,5387528,COCCOCCOCCOC,30,-386890.54625375045,0.11548233777284622,-0.1861751228570938,0.3826109766960144,0
2551,416487348,5387528,COCCOCCOCCOC,30,-386913.02490182826,-0.2918412387371063,0.08523456752300262,0.7254489660263062,0
2552,416489007,5387528,COCCOCCOCCOC,30,-386920.0365021228,-0.09176991134881973,-0.08439847081899643,0.307298481464386,0
2553,416489070,5387528,COCCOCCOCCOC,30,-386920.43834197184,-0.09729451686143875,-0.0754130408167839,0.2915554642677307,0
2554,416488142,5387528,COCCOCCOCCOC,30,-386920.4443211701,-0.10439078509807587,-0.04333961009979248,0.3253222405910492,0
2555,416487334,5387528,COCCOCCOCCOC,30,-386920.50786298973,-0.09227791428565979,-0.07610626518726349,0.30518704652786255,0
2556,416488365,5387528,COCCOCCOCCOC,30,-386920.612397303,-0.095844566822052,-0.07510612159967422,0.2956036627292633,0
2557,416487789,5387528,COCCOCCOCCOC,30,-386916.2287090043,0.21737539768218994,-0.17308327555656433,0.17477133870124817,0
2558,534022515,5387528,COCCOCCOCCOC,30,-386874.5548470747,-0.2646256387233734,0.15397997200489044,0.5965943336486816,0
2559,416489108,5387528,COCCOCCOCCOC,30,-386920.15697344486,-0.09755910933017731,-0.07169292867183685,0.30078959465026855,0
2560,534023661,5387528,COCCOCCOCCOC,30,-386873.37596253376,-0.5089573264122009,0.12046188861131668,0.3893579840660095,0
2561,534022904,5387528,COCCOCCOCCOC,30,-386894.62369900214,-0.07004717737436295,-0.13341085612773895,0.2806544303894043,0
2562,416487274,5387528,COCCOCCOCCOC,30,-386917.7584808254,0.11956758052110672,-0.1778194010257721,0.2533382773399353,0
2563,416488019,5387528,COCCOCCOCCOC,30,-386913.9627672819,-0.034856900572776794,0.0024977163411676884,0.22201098501682281,0
2564,416488233,5387528,COCCOCCOCCOC,30,-386919.6309331958,-0.08437729626893997,-0.04802282899618149,0.33476805686950684,0
2565,534022646,5387528,COCCOCCOCCOC,30,-386892.33772991446,-0.3000434637069702,-0.3054463565349579,-0.16191233694553375,0
2566,416488983,5387528,COCCOCCOCCOC,30,-386918.7007698192,-0.07720695436000824,-0.08562615513801575,0.36785221099853516,0
2567,534024145,5387528,COCCOCCOCCOC,30,-386867.61200393696,0.14546550810337067,-0.05720934271812439,0.3774832487106323,0
2568,534943855,5387528,COCCOCCOCCOC,30,-386883.05237582995,-0.2995089888572693,0.08593308180570602,-0.027263207361102104,0
2569,534023694,5387528,COCCOCCOCCOC,30,-386892.6571392944,-0.28455445170402527,0.06218361109495163,0.340626060962677,0
2570,416489146,5387528,COCCOCCOCCOC,30,-386920.0827362509,-0.09449516981840134,-0.07757207751274109,0.3019220232963562,0
2571,416488896,5387528,COCCOCCOCCOC,30,-386920.60276247485,-0.0953577309846878,-0.07479919493198395,0.29855117201805115,0
2572,416489229,5387528,COCCOCCOCCOC,30,-386918.1723066827,-0.08216004818677902,-0.08032380044460297,0.2906717360019684,0
2573,416488101,5387528,COCCOCCOCCOC,30,-386919.02541373135,-0.2930212914943695,0.11784245818853378,0.39593034982681274,0
2574,416487697,5387528,COCCOCCOCCOC,30,-386920.6157713092,-0.09533126652240753,-0.07646610587835312,0.29631805419921875,0
2575,416487554,5387528,COCCOCCOCCOC,30,-386920.44343658007,-0.3286454975605011,0.12453126162290573,0.6053575277328491,0
2576,416489233,5387528,COCCOCCOCCOC,30,-386919.8056723756,-0.08960556983947754,-0.0776461660861969,0.2951538860797882,0
2577,416489390,5387528,COCCOCCOCCOC,30,-386918.85445439257,-0.08392750471830368,-0.07809067517518997,0.2872214913368225,0
2578,534944260,5387528,COCCOCCOCCOC,30,-386866.39867410396,-0.03145958483219147,-0.11029639840126038,-0.38772282004356384,0
2579,416489335,5387528,COCCOCCOCCOC,30,-386920.56021480495,-0.09809885919094086,-0.08398570865392685,0.31812015175819397,0
2580,534944304,5387528,COCCOCCOCCOC,30,-386888.8885998102,0.024384483695030212,0.2666153609752655,-0.23505522310733795,0
2581,416487472,5387528,COCCOCCOCCOC,30,-386919.3520800262,-0.16970713436603546,-0.33023831248283386,0.26896488666534424,0
2582,416488256,5387528,COCCOCCOCCOC,30,-386919.1025680129,-0.055807024240493774,-0.12825138866901398,0.16977062821388245,0
2583,416487470,5387528,COCCOCCOCCOC,30,-386919.58420685306,-0.1783432960510254,-0.3396100401878357,0.27179068326950073,0
2584,416489263,5387528,COCCOCCOCCOC,30,-386913.74314829195,-0.1261293739080429,-0.05411365628242493,0.3175804018974304,0
2585,416489434,5387528,COCCOCCOCCOC,30,-386920.2761067241,-0.1002102792263031,-0.07262427359819412,0.3047954738140106,0
2586,534944165,5387528,COCCOCCOCCOC,30,-386883.4564446334,0.21053312718868256,-0.14102572202682495,-0.07593163102865219,0
2587,416487363,5387528,COCCOCCOCCOC,30,-386917.90131188574,-0.31343695521354675,0.11913895606994629,0.7009057402610779,0
2588,534024233,5387528,COCCOCCOCCOC,30,-386869.7865599662,-0.13671821355819702,-0.3618672490119934,-0.10195127874612808,0
2589,416488106,5387528,COCCOCCOCCOC,30,-386918.8063532129,-0.2584766149520874,0.11320687085390091,0.39519479870796204,0
2590,534022337,5387528,COCCOCCOCCOC,30,-386867.11736973637,0.18185172975063324,-0.16913031041622162,0.212506964802742,0
2591,416488155,5387528,COCCOCCOCCOC,30,-386919.2832651686,-0.04399579018354416,-0.12465297430753708,0.1411156803369522,0
2592,416487273,5387528,COCCOCCOCCOC,30,-386917.6745528966,0.12061535567045212,-0.1778564453125,0.2524228096008301,0
2593,416488037,5387528,COCCOCCOCCOC,30,-386916.7707397918,-0.07030119001865387,0.006683507468551397,0.26473674178123474,0
2594,534022907,5387528,COCCOCCOCCOC,30,-386876.2984966879,-0.1300399899482727,0.00017462846881244332,0.40855124592781067,0
2595,534022393,5387528,COCCOCCOCCOC,30,-386873.6572306937,0.15160396695137024,-0.2850942015647888,0.24665479362010956,0
2596,534024199,5387528,COCCOCCOCCOC,30,-386875.5500548743,-0.40449774265289307,0.19284804165363312,0.6312872171401978,0
2597,534944300,5387528,COCCOCCOCCOC,30,-386895.8036120568,-0.09105551242828369,-0.42066940665245056,-0.333222895860672,0
2598,534023576,5387528,COCCOCCOCCOC,30,-386888.0040595953,-0.12733590602874756,0.1304580569267273,0.1844288408756256,0
2599,416487742,5387528,COCCOCCOCCOC,30,-386919.3984034583,-0.08766349405050278,-0.0943417102098465,0.2994507849216461,0
2600,534944105,5387528,COCCOCCOCCOC,30,-386883.2763545455,0.002137875882908702,0.025231167674064636,0.02268582582473755,0
2601,416488268,5387528,COCCOCCOCCOC,30,-386918.21430845454,-0.059580061584711075,-0.09137831628322601,0.3974491059780121,0
2602,416488000,5387528,COCCOCCOCCOC,30,-386917.24071654404,0.025294668972492218,0.14909566938877106,0.3195171654224396,0
2603,416487298,5387528,COCCOCCOCCOC,30,-386917.3849190025,0.13610965013504028,-0.13477085530757904,0.3525061011314392,0
2604,416488282,5387528,COCCOCCOCCOC,30,-386920.4350330378,-0.08467364311218262,-0.07739216089248657,0.3309527039527893,0
2605,416487836,5387528,COCCOCCOCCOC,30,-386917.62782513,0.1408987045288086,-0.14211581647396088,0.34186431765556335,0
2606,534944057,5387528,COCCOCCOCCOC,30,-386886.0074475853,0.19991785287857056,0.2097499519586563,0.03812192380428314,0
2607,534023475,5387528,COCCOCCOCCOC,30,-386872.9041494948,-0.19247232377529144,0.12171603739261627,0.24661773443222046,0
2608,534943891,5387528,COCCOCCOCCOC,30,-386888.5248269926,0.16934199631214142,0.5700931549072266,0.30672168731689453,0
2609,534944190,5387528,COCCOCCOCCOC,30,-386888.0387263825,-0.5364903807640076,0.11905428022146225,-0.10539092868566513,0
2610,416487326,5387528,COCCOCCOCCOC,30,-386918.53555064223,-0.000862558779772371,0.011578395962715149,0.42436307668685913,0
2611,416489110,5387528,COCCOCCOCCOC,30,-386920.32178033434,-0.09716751426458359,-0.07251843810081482,0.2999641001224518,0
2612,534022958,5387528,COCCOCCOCCOC,30,-386893.7868626109,-0.21465544402599335,-0.40200531482696533,0.2908569276332855,0
2613,416489271,5387528,COCCOCCOCCOC,30,-386919.89989257674,-0.10883057862520218,-0.06669749319553375,0.3079652488231659,0
2614,416487601,5387528,COCCOCCOCCOC,30,-386920.31530944974,-0.05943188816308975,-0.10253337025642395,0.1883765012025833,0
2615,416488081,5387528,COCCOCCOCCOC,30,-386918.0278417816,-0.4266279339790344,0.09470155090093613,0.39546999335289,0
2616,534023195,5387528,COCCOCCOCCOC,30,-386877.76486453373,-0.1284365952014923,-0.023955851793289185,0.41766366362571716,0
2617,534943827,5387528,COCCOCCOCCOC,30,-386919.0311484325,0.2935716211795807,0.09956468641757965,-0.1755915731191635,0
2618,416487721,5387528,COCCOCCOCCOC,30,-386920.3548090822,-0.099405936896801,-0.07648726552724838,0.30925115942955017,0
2619,534024261,5387528,COCCOCCOCCOC,30,-386869.8022441796,-0.26351433992385864,0.08461543172597885,0.754463791847229,0
2620,416487725,5387528,COCCOCCOCCOC,30,-386920.5494365886,-0.09930010139942169,-0.08105935901403427,0.30462613701820374,0
2621,534023720,5387528,COCCOCCOCCOC,30,-386891.4242425839,-0.16965949535369873,0.035269659012556076,0.36005744338035583,0
2622,534022882,5387528,COCCOCCOCCOC,30,-386893.0296048326,-0.12488581240177155,-0.1260976344347,0.33673661947250366,0
2623,416488055,5387528,COCCOCCOCCOC,30,-386920.63278027973,-0.10103579610586166,-0.06354359537363052,0.28552281856536865,0
2624,534023536,5387528,COCCOCCOCCOC,30,-386890.9580210535,0.014748168177902699,0.04417042061686516,0.2688749134540558,0
2625,416487373,5387528,COCCOCCOCCOC,30,-386919.64479311556,-0.3039911091327667,0.13005058467388153,0.6525654196739197,0
2626,416487411,5387528,COCCOCCOCCOC,30,-386919.5904152461,-0.1341252475976944,-0.02446386031806469,0.3269732892513275,0
2627,416487999,5387528,COCCOCCOCCOC,30,-386917.47724943433,0.02324146218597889,0.14618518948554993,0.32198312878608704,0
2628,534943946,5387528,COCCOCCOCCOC,30,-386885.65573517786,-0.3970363438129425,0.802507758140564,-0.2053471952676773,0
2629,534023644,5387528,COCCOCCOCCOC,30,-386886.9799329098,-0.4981991648674011,-0.006990430410951376,0.2996253967285156,0
2630,534943903,5387528,COCCOCCOCCOC,30,-386889.8940590633,-0.07051286101341248,0.32198846340179443,0.3312913775444031,0
2631,534944297,5387528,COCCOCCOCCOC,30,-386886.01591417653,0.10490408539772034,0.35035231709480286,0.28597792983055115,0
2632,416487347,5387528,COCCOCCOCCOC,30,-386912.77319161413,-0.28936994075775146,0.08376874774694443,0.7241895198822021,0
2633,534023274,5387528,COCCOCCOCCOC,30,-386891.0313145686,0.1895248144865036,-0.1411421298980713,0.35440585017204285,0
2634,416487966,5387528,COCCOCCOCCOC,30,-386920.65914448537,-0.09672830253839493,-0.07306349277496338,0.29313769936561584,0
2635,416487817,5387528,COCCOCCOCCOC,30,-386917.980570413,0.12227167934179306,-0.1779305338859558,0.2568308413028717,0
2636,534024270,5387528,COCCOCCOCCOC,30,-386889.57983821596,-0.32198312878608704,0.1291986107826233,0.5457457304000854,0
2637,416487270,5387528,COCCOCCOCCOC,30,-386917.37985293404,0.13082846999168396,-0.17833800613880157,0.25000447034835815,0
2638,534022544,5387528,COCCOCCOCCOC,30,-386892.25425761397,-0.3172893524169922,0.09082267433404922,0.5246685743331909,0
2639,416489397,5387528,COCCOCCOCCOC,30,-386920.62040443247,-0.09569639712572098,-0.0750637874007225,0.29649266600608826,0
2640,534022398,5387528,COCCOCCOCCOC,30,-386889.78481510247,0.2217940241098404,-0.21188783645629883,0.313452810049057,0
2641,534024284,5387528,COCCOCCOCCOC,30,-386887.4115925066,-0.371080219745636,-0.312823086977005,-0.06955505162477493,0
2642,416488997,5387528,COCCOCCOCCOC,30,-386920.6365181108,-0.09639491885900497,-0.07463514804840088,0.2938467860221863,0
2643,416488172,5387528,COCCOCCOCCOC,30,-386919.8128517981,-0.09906197339296341,-0.057606231421232224,0.36718547344207764,0
2644,416488930,5387528,COCCOCCOCCOC,30,-386920.2089544014,-0.09550060331821442,-0.07459810376167297,0.30113357305526733,0
2645,416487576,5387528,COCCOCCOCCOC,30,-386919.3012578042,-0.24213559925556183,0.08537744730710983,0.5150269865989685,0
2646,534944187,5387528,COCCOCCOCCOC,30,-386888.8523855971,-0.06895178556442261,0.08430321514606476,0.24941708147525787,0
2647,416487534,5387528,COCCOCCOCCOC,30,-386914.87934862694,-0.3006996512413025,0.10095641762018204,0.7263962030410767,0
2648,534023763,5387528,COCCOCCOCCOC,30,-386877.36151019816,-0.10703667253255844,-0.16136200726032257,0.4314064383506775,0
2649,534023374,5387528,COCCOCCOCCOC,30,-386887.4423885425,0.13073322176933289,-0.08265218138694763,0.3828808665275574,0
2650,534024230,5387528,COCCOCCOCCOC,30,-386890.8670267876,-0.2730395495891571,-0.320861279964447,-0.07784196734428406,0
2651,534022514,5387528,COCCOCCOCCOC,30,-386893.58720296604,-0.21507348120212555,0.09678121656179428,0.5807666778564453,0
2652,416488223,5387528,COCCOCCOCCOC,30,-386920.7109101892,-0.09294997155666351,-0.07162413001060486,0.2898091673851013,0
2653,534022726,5387528,COCCOCCOCCOC,30,-386888.429552172,-0.1841748207807541,-0.16628335416316986,0.2353885918855667,0
2654,534943984,5387528,COCCOCCOCCOC,30,-386887.8987343125,-0.06823211163282394,0.15807051956653595,0.21294617652893066,0
2655,416488990,5387528,COCCOCCOCCOC,30,-386920.05557248776,-0.08698085695505142,-0.07951416075229645,0.33169883489608765,0
2656,534943926,5387528,COCCOCCOCCOC,30,-386891.8589346065,-0.36285677552223206,-0.13114598393440247,-0.1449151635169983,0
2657,416489138,5387528,COCCOCCOCCOC,30,-386919.07564460096,-0.0934315174818039,-0.07940832525491714,0.30564743280410767,0
2658,534944026,5387528,COCCOCCOCCOC,30,-386884.4605655073,0.21939685940742493,0.3769964277744293,0.284258097410202,0
2659,534022998,5387528,COCCOCCOCCOC,30,-386887.55314585223,-0.0855414867401123,-0.25174546241760254,0.24050045013427734,0
2660,416489156,5387528,COCCOCCOCCOC,30,-386920.611111053,-0.09555352479219437,-0.07527545839548111,0.2967837154865265,0
2661,534022912,5387528,COCCOCCOCCOC,30,-386886.9188010216,-0.40348172187805176,-0.3468174338340759,-0.010943383909761906,0
2662,534022737,5387528,COCCOCCOCCOC,30,-386874.7468834457,-0.11479970067739487,-0.1045072004199028,0.27410319447517395,0
2663,416487324,5387528,COCCOCCOCCOC,30,-386918.2876299534,0.011080970056355,0.008181079290807247,0.4280884563922882,0
2664,534944262,5387528,COCCOCCOCCOC,30,-386887.66105450556,0.20759090781211853,0.3482303321361542,-0.12684376537799835,0
2665,416489148,5387528,COCCOCCOCCOC,30,-386920.2541689464,-0.09475446492433548,-0.07713815569877625,0.3009060323238373,0
2666,416488697,5387528,COCCOCCOCCOC,30,-386919.53718944505,-0.05412953346967697,-0.11810705065727234,0.16516678035259247,0
2667,416489048,5387528,COCCOCCOCCOC,30,-386920.10268083884,-0.09607211500406265,-0.07206334918737411,0.3139026165008545,0
2668,416488052,5387528,COCCOCCOCCOC,30,-386920.35051718657,-0.10013619810342789,-0.04882717505097389,0.2831626832485199,0
2669,416488150,5387528,COCCOCCOCCOC,30,-386918.3956316519,-0.04469430446624756,-0.12276910990476608,0.13364370167255402,0
2670,534023721,5387528,COCCOCCOCCOC,30,-386870.89925932215,-0.0596594363451004,0.06865544617176056,0.4765716791152954,0
2671,534022686,5387528,COCCOCCOCCOC,30,-386886.4381708872,0.20609335601329803,-0.09768611192703247,0.1834762990474701,0
2672,534023492,5387528,COCCOCCOCCOC,30,-386890.9630959454,0.0351744070649147,0.03161833807826042,0.2091572880744934,0
2673,416487624,5387528,COCCOCCOCCOC,30,-386916.6925163106,-0.2908463776111603,-0.31469109654426575,-0.1272089034318924,0
2674,416489226,5387528,COCCOCCOCCOC,30,-386916.5359983299,-0.07620151340961456,-0.08249872177839279,0.2852212190628052,0
2675,534944017,5387528,COCCOCCOCCOC,30,-386887.640594647,-0.026188980787992477,-0.11370959132909775,-0.21311551332473755,0
2676,534024236,5387528,COCCOCCOCCOC,30,-386891.36804973485,-0.1615419238805771,-0.4489063024520874,0.28762897849082947,0
2677,534023662,5387528,COCCOCCOCCOC,30,-386891.1483068012,-0.4450591802597046,0.143137127161026,0.4377618134021759,0
2678,534024266,5387528,COCCOCCOCCOC,30,-386893.1579060729,-0.3089495301246643,0.06477657705545425,0.5668281316757202,0
2679,534024148,5387528,COCCOCCOCCOC,30,-386885.8846343697,0.15659940242767334,-0.19889123737812042,0.2982918918132782,0
2680,416488913,5387528,COCCOCCOCCOC,30,-386920.46142588236,-0.09519897401332855,-0.07639201730489731,0.30229246616363525,0
2681,534024462,5387528,COCCOCCOCCOC,30,-386887.9014605782,-0.4858957827091217,0.03407371789216995,0.3842408359050751,0
2682,416487277,5387528,COCCOCCOCCOC,30,-386917.9961202986,0.12531445920467377,-0.17779824137687683,0.2574976086616516,0
2683,534024220,5387528,COCCOCCOCCOC,30,-386893.59279426176,-0.15918707847595215,0.08212829381227493,0.472444087266922,0
2684,534022698,5387528,COCCOCCOCCOC,30,-386891.57782182796,-0.211951345205307,-0.4033176898956299,0.33847758173942566,0
2685,534022887,5387528,COCCOCCOCCOC,30,-386870.24900817295,0.08890176564455032,-0.19171030819416046,0.21618475019931793,0
2686,416488056,5387528,COCCOCCOCCOC,30,-386920.6693632851,-0.10046958178281784,-0.0670626237988472,0.2885126769542694,0
2687,534022640,5387528,COCCOCCOCCOC,30,-386890.4305878746,-0.263154536485672,-0.2708752155303955,-0.14766688644886017,0
2688,534024240,5387528,COCCOCCOCCOC,30,-386890.4106467857,-0.12349937111139297,-0.3175750970840454,0.2195291668176651,0
2689,416487644,5387528,COCCOCCOCCOC,30,-386920.00122384576,-0.2123270481824875,-0.3670901954174042,0.2816334068775177,0
2690,534023428,5387528,COCCOCCOCCOC,30,-386890.1917415063,0.12229285389184952,-0.08021797239780426,0.44127026200294495,0
2691,416489399,5387528,COCCOCCOCCOC,30,-386901.55285285437,-0.11745616793632507,-0.06770292669534683,0.32565033435821533,0
2692,416488976,5387528,COCCOCCOCCOC,30,-386920.65233578166,-0.09797186404466629,-0.07347095757722855,0.2897615432739258,0
2693,416487886,5387528,COCCOCCOCCOC,30,-386916.13862394815,0.1968221664428711,-0.17666581273078918,0.20767028629779816,0
2694,416487432,5387528,COCCOCCOCCOC,30,-386914.7036496696,-0.28612080216407776,-0.3859289288520813,-0.057299304753541946,0
2695,534023224,5387528,COCCOCCOCCOC,30,-386888.73736362753,0.051388394087553024,-0.20958591997623444,0.2626041769981384,0
2696,534024400,5387528,COCCOCCOCCOC,30,-386892.38324044575,0.1624573916196823,-0.05801898241043091,0.3776208162307739,0
2697,416489159,5387528,COCCOCCOCCOC,30,-386919.18500501313,-0.10045899450778961,-0.06621064990758896,0.30225542187690735,0
2698,416487722,5387528,COCCOCCOCCOC,30,-386920.4209639284,-0.09952235221862793,-0.07756149768829346,0.3080657720565796,0
2699,534944028,5387528,COCCOCCOCCOC,30,-386889.82181666675,-0.1737765073776245,-0.28133174777030945,-0.1315428614616394,0
2700,416488932,5387528,COCCOCCOCCOC,30,-386920.363526216,-0.09559056907892227,-0.07477802783250809,0.29989001154899597,0
2701,534024191,5387528,COCCOCCOCCOC,30,-386869.83884226595,-0.25325891375541687,0.04422333464026451,0.6982545852661133,0
2702,416488258,5387528,COCCOCCOCCOC,30,-386919.5014574341,-0.05364798381924629,-0.12806087732315063,0.16823071241378784,0
2703,534944012,5387528,COCCOCCOCCOC,30,-386895.1952302424,-0.6071249842643738,0.13442158699035645,-0.2432098239660263,0
2704,534023503,5387528,COCCOCCOCCOC,30,-386869.8851942924,0.058008406311273575,0.023363173007965088,0.33068811893463135,0
2705,416487943,5387528,COCCOCCOCCOC,30,-386917.0896608802,0.07016360759735107,-0.06004573404788971,0.429543673992157,0
2706,534023306,5387528,COCCOCCOCCOC,30,-386889.9320666144,-0.022331276908516884,0.06932750344276428,0.4506843388080597,0
2707,416488038,5387528,COCCOCCOCCOC,30,-386917.0652246209,-0.07305820286273956,0.005244145635515451,0.26795414090156555,0
2708,416487913,5387528,COCCOCCOCCOC,30,-386918.44685983675,0.14888399839401245,-0.17455968260765076,0.27823078632354736,0
2709,416487456,5387528,COCCOCCOCCOC,30,-386919.4731233928,-0.25537559390068054,-0.39080262184143066,0.293963223695755,0
2710,534023565,5387528,COCCOCCOCCOC,30,-386865.7737243689,-0.13752256333827972,0.060082778334617615,0.2256411463022232,0
2711,534944291,5387528,COCCOCCOCCOC,30,-386883.4292373669,-0.11841396987438202,0.26397472620010376,-0.05625153332948685,0
2712,416489289,5387528,COCCOCCOCCOC,30,-386918.10106650536,-0.08925631642341614,-0.04677397385239601,0.2329385131597519,0
2713,534023629,5387528,COCCOCCOCCOC,30,-386864.43927315477,-0.5811582207679749,-0.007307936437427998,0.48220741748809814,0
2714,416489308,5387528,COCCOCCOCCOC,30,-386917.0979870694,-0.047864075750112534,-0.13009291887283325,0.158927783370018,0
2715,416488031,5387528,COCCOCCOCCOC,30,-386915.124241548,-0.054298870265483856,0.010858715511858463,0.24506723880767822,0
2716,416488206,5387528,COCCOCCOCCOC,30,-386920.522070502,-0.09718339145183563,-0.07647139579057693,0.300382137298584,0
2717,534022842,5387528,COCCOCCOCCOC,30,-386893.69926519616,-0.2359389364719391,0.13002412021160126,0.5175194144248962,0
2718,416487385,5387528,COCCOCCOCCOC,30,-386919.90559720946,-0.2790774703025818,0.09779723733663559,0.5508733987808228,0
2719,416489141,5387528,COCCOCCOCCOC,30,-386919.51279801124,-0.09384956955909729,-0.07868335396051407,0.30434566736221313,0
2720,534944268,5387528,COCCOCCOCCOC,30,-386894.69820288074,0.32380351424217224,0.4464932680130005,-0.06448553502559662,0
2721,416487950,5387528,COCCOCCOCCOC,30,-386917.7211550333,0.032433267682790756,-0.014340702444314957,0.43222662806510925,0
2722,534023667,5387528,COCCOCCOCCOC,30,-386872.24586633104,-0.30498069524765015,0.09293409436941147,0.3136644661426544,0
2723,416487696,5387528,COCCOCCOCCOC,30,-386920.5923956519,-0.0950402170419693,-0.08074185252189636,0.2963709533214569,0
2724,416487487,5387528,COCCOCCOCCOC,30,-386917.94577452884,-0.11986391991376877,-0.24835342168807983,0.2614082396030426,0
2725,534943850,5387528,COCCOCCOCCOC,30,-386882.6046350956,-0.4330838620662689,0.15418635308742523,-0.522525429725647,0
2726,416487260,5387528,COCCOCCOCCOC,30,-386916.3906668734,0.1796080321073532,-0.17945456504821777,0.22593747079372406,0
2727,534023726,5387528,COCCOCCOCCOC,30,-386892.8762522625,-0.1535778045654297,0.08815562725067139,0.3983698785305023,0
2728,416489267,5387528,COCCOCCOCCOC,30,-386917.69686492154,-0.11738736927509308,-0.06051670014858246,0.31388673186302185,0
2729,534023478,5387528,COCCOCCOCCOC,30,-386893.2573323832,-0.07274069637060165,-0.11323332786560059,0.3757210969924927,0
2730,534023245,5387528,COCCOCCOCCOC,30,-386872.07957234327,-0.015160925686359406,-0.2337746024131775,0.32297271490097046,0
2731,534023075,5387528,COCCOCCOCCOC,30,-386874.61055308173,-0.0227387435734272,-0.06850727647542953,0.40767809748649597,0
2732,416487726,5387528,COCCOCCOCCOC,30,-386920.567233344,-0.09903021901845932,-0.0824669748544693,0.30347782373428345,0
2733,534943846,5387528,COCCOCCOCCOC,30,-386883.28344352,-0.6546239256858826,-0.11989567428827286,-0.021029502153396606,0
2734,416487942,5387528,COCCOCCOCCOC,30,-386917.026679394,0.07636027038097382,-0.06661282479763031,0.4267231822013855,0
2735,534022971,5387528,COCCOCCOCCOC,30,-386871.9878779336,-0.21587783098220825,-0.10537505149841309,0.30658939480781555,0
2736,416488705,5387528,COCCOCCOCCOC,30,-386920.4324719144,-0.0978713184595108,-0.07559296488761902,0.28783532977104187,0
2737,416487899,5387528,COCCOCCOCCOC,30,-386917.2653346563,0.13214083015918732,-0.1770891398191452,0.246596559882164,0
2738,416487288,5387528,COCCOCCOCCOC,30,-386918.369333978,0.14966189861297607,-0.1650344878435135,0.30008581280708313,0
2739,416488955,5387528,COCCOCCOCCOC,30,-386920.6247002582,-0.0959821566939354,-0.07504261285066605,0.2971435785293579,0
2740,534023688,5387528,COCCOCCOCCOC,30,-386891.90601232194,-0.21112054586410522,0.07340745627880096,0.4428683817386627,0
2741,534022596,5387528,COCCOCCOCCOC,30,-386893.961153314,-0.020706703886389732,-0.1622139811515808,0.2910950779914856,0
2742,534024200,5387528,COCCOCCOCCOC,30,-386890.9629738245,-0.37587985396385193,0.15222840011119843,0.7130609154701233,0
2743,534022459,5387528,COCCOCCOCCOC,30,-386874.659156584,-0.018066108226776123,-0.10078708827495575,0.2954925298690796,0
2744,416487989,5387528,COCCOCCOCCOC,30,-386918.7408675686,0.03176121413707733,0.032565563917160034,0.2903912663459778,0
2745,416489062,5387528,COCCOCCOCCOC,30,-386919.50847296685,-0.04891713708639145,-0.12405500560998917,0.15219666063785553,0
2746,534944258,5387528,COCCOCCOCCOC,30,-386882.14346814645,-0.3012235462665558,-0.35489267110824585,-0.1752317249774933,0
2747,416488954,5387528,COCCOCCOCCOC,30,-386920.61901372025,-0.09634199738502502,-0.07468806952238083,0.29782620072364807,0
2748,416488900,5387528,COCCOCCOCCOC,30,-386918.60882376507,-0.09337331354618073,-0.08010154962539673,0.319242000579834,0
2749,416487524,5387528,COCCOCCOCCOC,30,-386912.20700100163,-0.2800987660884857,0.08448313921689987,0.7210356593132019,0
2750,534024469,5387528,COCCOCCOCCOC,30,-386870.9365164591,-0.5107511878013611,0.2214183211326599,0.40459829568862915,0
2751,534943861,5387528,COCCOCCOCCOC,30,-386878.1231844948,-0.19236120581626892,0.05657432973384857,-0.13432633876800537,0
2752,416487973,5387528,COCCOCCOCCOC,30,-386916.7126657158,0.09529951959848404,0.040106337517499924,0.20203985273838043,0
2753,416487319,5387528,COCCOCCOCCOC,30,-386917.7211864527,0.03403138369321823,-0.01359456218779087,0.4322319030761719,0
2754,416488887,5387528,COCCOCCOCCOC,30,-386920.0348499105,-0.09406653791666031,-0.07346037775278091,0.3191467523574829,0
2755,416489228,5387528,COCCOCCOCCOC,30,-386917.6621853751,-0.08022326231002808,-0.08101173490285873,0.2890736162662506,0
2756,534023361,5387528,COCCOCCOCCOC,30,-386870.80623995763,0.2472633421421051,-0.21942859888076782,0.15483194589614868,0
2757,416487443,5387528,COCCOCCOCCOC,30,-386917.39796592784,-0.2986464500427246,-0.28859207034111023,-0.1270342767238617,0
2758,534944214,5387528,COCCOCCOCCOC,30,-386892.83952493,0.4491232633590698,-0.3130241930484772,0.20568059384822845,0
2759,534023506,5387528,COCCOCCOCCOC,30,-386891.1151720162,0.16005492210388184,0.07728633284568787,0.17489835619926453,0
2760,416487731,5387528,COCCOCCOCCOC,30,-386920.4617565523,-0.09703522175550461,-0.08774816244840622,0.2997841536998749,0
2761,534022358,5387528,COCCOCCOCCOC,30,-386892.2342582401,0.21204659342765808,-0.16555307805538177,0.184148371219635,0
2762,534022712,5387528,COCCOCCOCCOC,30,-386890.43690029427,-0.14779919385910034,-0.2753414809703827,0.24360670149326324,0
2763,416487427,5387528,COCCOCCOCCOC,30,-386920.6211295485,-0.09552177041769028,-0.07526487112045288,0.29610109329223633,0
2764,534023214,5387528,COCCOCCOCCOC,30,-386888.86068467284,0.1948694884777069,-0.20768088102340698,0.25271913409233093,0
2765,416489232,5387528,COCCOCCOCCOC,30,-386919.46381995926,-0.08778520673513412,-0.0783076360821724,0.29433363676071167,0
2766,534022642,5387528,COCCOCCOCCOC,30,-386892.0634370651,-0.2593179941177368,-0.28138467669487,-0.09583398699760437,0
2767,416489112,5387528,COCCOCCOCCOC,30,-386920.4528429245,-0.09676533937454224,-0.0734180435538292,0.2989216148853302,0
2768,534943955,5387528,COCCOCCOCCOC,30,-386893.02646121907,-0.05541014298796654,-0.010821673087775707,0.1831005960702896,0
2769,534022804,5387528,COCCOCCOCCOC,30,-386891.514772191,-0.28814756870269775,0.038042545318603516,0.61846524477005,0
2770,416487426,5387528,COCCOCCOCCOC,30,-386920.612122816,-0.0967177152633667,-0.07067690789699554,0.29813840985298157,0
2771,534024308,5387528,COCCOCCOCCOC,30,-386893.180796883,-0.18772560358047485,-0.22496381402015686,0.22498495876789093,0
2772,416488224,5387528,COCCOCCOCCOC,30,-386920.6980461195,-0.09373315423727036,-0.07262956351041794,0.2918729782104492,0
2773,416488880,5387528,COCCOCCOCCOC,30,-386919.0770155228,-0.09160586446523666,-0.07479390501976013,0.32837560772895813,0
2774,416487733,5387528,COCCOCCOCCOC,30,-386920.33524893475,-0.09574931859970093,-0.08977490663528442,0.2988104820251465,0
2775,416489036,5387528,COCCOCCOCCOC,30,-386920.60875467956,-0.09633670747280121,-0.0738043412566185,0.2956777513027191,0
2776,416488950,5387528,COCCOCCOCCOC,30,-386920.5106514749,-0.09718868136405945,-0.07378317415714264,0.3003186285495758,0
2777,416489129,5387528,COCCOCCOCCOC,30,-386920.3856801456,-0.09582340717315674,-0.07598984241485596,0.30050912499427795,0
2778,416487586,5387528,COCCOCCOCCOC,30,-386919.3325324509,-0.1623886078596115,0.0076836529187858105,0.3815896511077881,0
2779,534023466,5387528,COCCOCCOCCOC,30,-386893.18317770294,-0.06976671516895294,0.10533800721168518,0.3560991883277893,0
2780,416489245,5387528,COCCOCCOCCOC,30,-386915.79772610805,-0.09473329782485962,-0.06561268121004105,0.3149451017379761,0
2781,416489050,5387528,COCCOCCOCCOC,30,-386920.28548791725,-0.0957757756114006,-0.07230676710605621,0.30962157249450684,0
2782,416487676,5387528,COCCOCCOCCOC,30,-386918.46769662586,-0.10567139834165573,-0.19409161806106567,0.26625022292137146,0
2783,416489085,5387528,COCCOCCOCCOC,30,-386919.8688151676,-0.09869154542684555,-0.07017947733402252,0.2941272556781769,0
2784,416488144,5387528,COCCOCCOCCOC,30,-386920.54876078473,-0.10059657692909241,-0.05616157874464989,0.3137914836406708,0
2785,416488182,5387528,COCCOCCOCCOC,30,-386920.65037961694,-0.09616208076477051,-0.06958679854869843,0.3190091550350189,0
2786,534944067,5387528,COCCOCCOCCOC,30,-386878.6017685674,-0.05888683721423149,0.032369766384363174,-0.11402180790901184,0
2787,534022507,5387528,COCCOCCOCCOC,30,-386866.6197400453,-0.3392713665962219,0.17892538011074066,0.6417913436889648,0
2788,534023158,5387528,COCCOCCOCCOC,30,-386893.03010849614,-0.17529523372650146,-0.0720951035618782,0.3452298939228058,0
2789,534023617,5387528,COCCOCCOCCOC,30,-386876.74498767947,-0.034179553389549255,-0.09965994209051132,0.4424132704734802,0
2790,534944225,5387528,COCCOCCOCCOC,30,-386895.61541698314,0.1641666442155838,0.19879598915576935,0.39861857891082764,0
2791,534022762,5387528,COCCOCCOCCOC,30,-386892.4310055363,-0.04970031976699829,-0.15130233764648438,0.32753950357437134,0
2792,416489099,5387528,COCCOCCOCCOC,30,-386918.99551206344,-0.09925776720046997,-0.06844377517700195,0.3023718595504761,0
2793,416487382,5387528,COCCOCCOCCOC,30,-386920.1636763655,-0.29303184151649475,0.1054491326212883,0.5620390772819519,0
2794,416489161,5387528,COCCOCCOCCOC,30,-386919.4853337796,-0.1000356525182724,-0.06717374920845032,0.3016892075538635,0
2795,534944098,5387528,COCCOCCOCCOC,30,-386887.7269480493,0.106883205473423,-0.2318219393491745,0.6287260055541992,0
2796,534023150,5387528,COCCOCCOCCOC,30,-386889.84714279976,-0.12751582264900208,-0.014462413266301155,0.20568588376045227,0
2797,416487459,5387528,COCCOCCOCCOC,30,-386919.81334574154,-0.23525100946426392,-0.3818119168281555,0.2964715361595154,0
2798,416488945,5387528,COCCOCCOCCOC,30,-386920.16586000315,-0.09831053763628006,-0.07251843810081482,0.3033243715763092,0
2799,534944146,5387528,COCCOCCOCCOC,30,-386887.1617918127,0.31225156784057617,0.13238954544067383,-0.3877440094947815,0
2800,534944108,5387528,COCCOCCOCCOC,30,-386890.86779346736,-0.08195895701646805,0.31849056482315063,-0.6400609612464905,0
2801,416489265,5387528,COCCOCCOCCOC,30,-386915.96269572206,-0.12172133475542068,-0.05736280977725983,0.315971702337265,0
2802,534022355,5387528,COCCOCCOCCOC,30,-386879.15294123726,0.25832313299179077,-0.2670968770980835,0.2998370826244354,0
2803,416487635,5387528,COCCOCCOCCOC,30,-386919.90868715715,-0.33002662658691406,-0.22901201248168945,-0.12400209158658981,0
2804,534944016,5387528,COCCOCCOCCOC,30,-386892.57660333917,0.18436004221439362,0.5172019004821777,0.06608893722295761,0
2805,416487480,5387528,COCCOCCOCCOC,30,-386918.3537933244,-0.13956518471240997,-0.2891741693019867,0.26201680302619934,0
2806,416489391,5387528,COCCOCCOCCOC,30,-386919.28816760017,-0.085853710770607,-0.07756149768829346,0.2885814905166626,0
2807,534023241,5387528,COCCOCCOCCOC,30,-386876.811450149,0.16425658762454987,-0.18377794325351715,0.19390110671520233,0
2808,534943872,5387528,COCCOCCOCCOC,30,-386891.75058934966,0.32398873567581177,-0.34248876571655273,0.06262283027172089,0
2809,534024394,5387528,COCCOCCOCCOC,30,-386888.2433098281,0.06532692164182663,-0.10818498581647873,0.23809267580509186,0
2810,534944006,5387528,COCCOCCOCCOC,30,-386883.5233120292,-0.5989121198654175,0.13121478259563446,-0.2178516685962677,0
2811,416489211,5387528,COCCOCCOCCOC,30,-386919.274349428,-0.08776932954788208,-0.05350510776042938,0.23648926615715027,0
2812,534023262,5387528,COCCOCCOCCOC,30,-386891.4943464853,0.16459527611732483,-0.21017859876155853,0.2835807800292969,0
2813,534944194,5387528,COCCOCCOCCOC,30,-386896.0328761196,-0.15479491651058197,-0.08776932954788208,-0.15941990911960602,0
2814,416489147,5387528,COCCOCCOCCOC,30,-386920.17246674537,-0.09463804215192795,-0.07734982669353485,0.30142462253570557,0
2815,416487650,5387528,COCCOCCOCCOC,30,-386919.6365816075,-0.18075105547904968,-0.3416632413864136,0.2713356018066406,0
2816,416489177,5387528,COCCOCCOCCOC,30,-386920.6202560121,-0.09563819319009781,-0.0749579444527626,0.29634448885917664,0
2817,534023682,5387528,COCCOCCOCCOC,30,-386891.02794504917,-0.2609795928001404,0.0737355500459671,0.45517176389694214,0
2818,534943826,5387528,COCCOCCOCCOC,30,-386919.0311484325,0.2935716211795807,0.09956468641757965,-0.1755915731191635,0
2819,534022830,5387528,COCCOCCOCCOC,30,-386894.2817888782,-0.3091135621070862,0.12526682019233704,0.6898142099380493,0
2820,416489160,5387528,COCCOCCOCCOC,30,-386919.3395470631,-0.10026320070028305,-0.06667632609605789,0.3019537925720215,0
2821,534022856,5387528,COCCOCCOCCOC,30,-386894.5676926564,-0.3006414473056793,0.16417722404003143,0.5974410176277161,0
2822,416488892,5387528,COCCOCCOCCOC,30,-386920.44195161335,-0.09502434730529785,-0.07386784255504608,0.3083145022392273,0
2823,534943835,5387528,COCCOCCOCCOC,30,-386886.46292069915,-0.6875175833702087,-0.17861317098140717,0.10742826014757156,0
2824,534022651,5387528,COCCOCCOCCOC,30,-386875.1007505098,-0.28981977701187134,-0.18478338420391083,-0.2057705521583557,0
2825,416488980,5387528,COCCOCCOCCOC,30,-386917.86351460934,-0.07294707000255585,-0.08877476304769516,0.38237813115119934,0
2826,416488263,5387528,COCCOCCOCCOC,30,-386920.3643108802,-0.09714634716510773,-0.08204362541437149,0.28504130244255066,0
2827,416488211,5387528,COCCOCCOCCOC,30,-386919.80850033177,-0.08071010559797287,-0.060717787593603134,0.2561958432197571,0
2828,534023638,5387528,COCCOCCOCCOC,30,-386889.50722869055,-0.46295595169067383,0.04007988050580025,0.39767664670944214,0
2829,416488240,5387528,COCCOCCOCCOC,30,-386920.4491524233,-0.09118251502513885,-0.059939902275800705,0.3213481307029724,0
2830,534944239,5387528,COCCOCCOCCOC,30,-386887.27453602134,0.13054272532463074,-0.27515625953674316,-0.28654414415359497,0
2831,534943923,5387528,COCCOCCOCCOC,30,-386885.0853564454,-0.1503709852695465,-0.03096744790673256,0.29513800144195557,0
2832,416488966,5387528,COCCOCCOCCOC,30,-386920.1052527849,-0.11382071673870087,-0.0658402219414711,0.2444692701101303,0
2833,416488252,5387528,COCCOCCOCCOC,30,-386918.0794994942,-0.0600086934864521,-0.12830959260463715,0.17243768274784088,0
2834,416487361,5387528,COCCOCCOCCOC,30,-386917.31295664643,-0.3129342198371887,0.11490023881196976,0.7084306478500366,0
2835,416487350,5387528,COCCOCCOCCOC,30,-386913.59485093394,-0.2965138554573059,0.08852075785398483,0.726793110370636,0
2836,416488923,5387528,COCCOCCOCCOC,30,-386919.40026460617,-0.09486030042171478,-0.07448697835206985,0.3042186498641968,0
2837,416487500,5387528,COCCOCCOCCOC,30,-386919.0180990078,-0.10148030519485474,-0.16610871255397797,0.2770507335662842,0
2838,416487638,5387528,COCCOCCOCCOC,30,-386919.62242626573,-0.2502320110797882,-0.38807207345962524,0.28898894786834717,0
2839,416489274,5387528,COCCOCCOCCOC,30,-386920.61142481706,-0.10246457904577255,-0.0711161196231842,0.30224481225013733,0
2840,534022671,5387528,COCCOCCOCCOC,30,-386872.24625217845,-0.1969279944896698,-0.3844895660877228,0.3122939169406891,0
2841,416488069,5387528,COCCOCCOCCOC,30,-386915.47348993464,-0.4791170060634613,0.049292854964733124,0.35640084743499756,0
2842,416489349,5387528,COCCOCCOCCOC,30,-386917.94929220766,-0.052203331142663956,-0.08751531690359116,0.3553953766822815,0
2843,416489016,5387528,COCCOCCOCCOC,30,-386920.6123914352,-0.09527306258678436,-0.07626501470804214,0.29757750034332275,0
2844,534023604,5387528,COCCOCCOCCOC,30,-386891.991178967,-0.10016794502735138,0.035936422646045685,0.32788345217704773,0
2845,416488907,5387528,COCCOCCOCCOC,30,-386919.86758000863,-0.09460100531578064,-0.0774715393781662,0.31106093525886536,0
2846,534022321,5387528,COCCOCCOCCOC,30,-386871.7878472964,0.10966668277978897,-0.11783717572689056,0.326518177986145,0
2847,416488940,5387528,COCCOCCOCCOC,30,-386919.58667999343,-0.09903550893068314,-0.07202630490064621,0.30540931224823,0
2848,416487859,5387528,COCCOCCOCCOC,30,-386917.6596168948,0.035804130136966705,-0.01800260879099369,0.4325282871723175,0
2849,534944189,5387528,COCCOCCOCCOC,30,-386888.5389201457,-0.32341721653938293,-0.19291682541370392,-0.16275373101234436,0
2850,416487336,5387528,COCCOCCOCCOC,30,-386920.6367223595,-0.09655366837978363,-0.07428059726953506,0.2941748797893524,0
2851,534944121,5387528,COCCOCCOCCOC,30,-386880.6160772431,0.03887335583567619,0.059024419635534286,0.5499050617218018,0
2852,534022891,5387528,COCCOCCOCCOC,30,-386874.0641474005,-0.0552566796541214,-0.1329028457403183,0.3273595869541168,0
2853,416489446,5387528,COCCOCCOCCOC,30,-386914.5133899385,-0.08309140056371689,-0.08289560675621033,0.27414023876190186,0
2854,416489433,5387528,COCCOCCOCCOC,30,-386920.022015776,-0.10194069147109985,-0.071322500705719,0.308563232421875,0
2855,534023680,5387528,COCCOCCOCCOC,30,-386892.800308677,-0.3666880428791046,0.16379621624946594,0.4415401518344879,0
2856,416488185,5387528,COCCOCCOCCOC,30,-386920.66303803795,-0.09525718539953232,-0.07452931255102158,0.3012923002243042,0
2857,534022832,5387528,COCCOCCOCCOC,30,-386893.82770115335,-0.3655608892440796,0.07952474802732468,0.657719612121582,0
2858,534022906,5387528,COCCOCCOCCOC,30,-386891.68710822973,-0.05554772913455963,-0.13198736310005188,0.37410181760787964,0
2859,416487653,5387528,COCCOCCOCCOC,30,-386919.28000284533,-0.167098268866539,-0.32761889696121216,0.26761549711227417,0
2860,416487982,5387528,COCCOCCOCCOC,30,-386918.434896422,0.06711024791002274,0.03266610950231552,0.2475702464580536,0
2861,534023162,5387528,COCCOCCOCCOC,30,-386893.4221619465,-0.07913845032453537,-0.10870356857776642,0.3047954738140106,0
2862,534944030,5387528,COCCOCCOCCOC,30,-386878.5619497078,0.19198018312454224,-0.10214178264141083,0.15022282302379608,0
2863,416487526,5387528,COCCOCCOCCOC,30,-386912.5686010344,-0.28427398204803467,0.08710785955190659,0.7246023416519165,0
2864,416487359,5387528,COCCOCCOCCOC,30,-386916.6640604565,-0.3115583658218384,0.11010590195655823,0.7147966623306274,0
2865,416488329,5387528,COCCOCCOCCOC,30,-386918.46239183773,-0.08867422491312027,-0.0830596461892128,0.34120285511016846,0
2866,534023206,5387528,COCCOCCOCCOC,30,-386888.35223328974,0.15429748594760895,-0.14144906401634216,0.25652390718460083,0
2867,534944080,5387528,COCCOCCOCCOC,30,-386887.68442701275,0.15702803432941437,-0.3068804442882538,0.07748212665319443,0
2868,416489170,5387528,COCCOCCOCCOC,30,-386920.3965311831,-0.0979030653834343,-0.07158179581165314,0.29879459738731384,0
2869,534944252,5387528,COCCOCCOCCOC,30,-386883.90214440646,-0.07518549263477325,-0.05941072478890419,-0.13506188988685608,0
2870,416489225,5387528,COCCOCCOCCOC,30,-386915.9243996033,-0.07411126047372818,-0.08331365883350372,0.2828981280326843,0
2871,534944143,5387528,COCCOCCOCCOC,30,-386885.8403717897,-0.27727824449539185,0.3321009874343872,-0.2383149415254593,0
2872,534023215,5387528,COCCOCCOCCOC,30,-386870.930846121,0.179047092795372,-0.17896772921085358,0.3537919819355011,0
2873,416487783,5387528,COCCOCCOCCOC,30,-386920.5012604831,-0.09678121656179428,-0.06997309625148773,0.30322912335395813,0
2874,416488287,5387528,COCCOCCOCCOC,30,-386920.62043213827,-0.09394482523202896,-0.07540774345397949,0.3014404773712158,0
2875,534022956,5387528,COCCOCCOCCOC,30,-386892.1151501535,-0.32862433791160583,-0.3780388832092285,0.3140507936477661,0
2876,416487541,5387528,COCCOCCOCCOC,30,-386917.26887796255,-0.3092299699783325,0.11615967750549316,0.710171639919281,0
2877,416488304,5387528,COCCOCCOCCOC,30,-386920.5336837244,-0.10131097584962845,-0.07296294718980789,0.2880258560180664,0
2878,534023424,5387528,COCCOCCOCCOC,30,-386891.4201599251,0.032390933483839035,-0.049520399421453476,0.2756272256374359,0
2879,416489430,5387528,COCCOCCOCCOC,30,-386918.8945022386,-0.10746530443429947,-0.06636939942836761,0.3223218023777008,0
2880,534022662,5387528,COCCOCCOCCOC,30,-386891.16430831223,-0.24958641827106476,-0.2888619303703308,0.2787599563598633,0
2881,416487659,5387528,COCCOCCOCCOC,30,-386918.48056464514,-0.14354459941387177,-0.2943812608718872,0.26327094435691833,0
2882,534944231,5387528,COCCOCCOCCOC,30,-386895.8018288569,0.4194258451461792,-0.2893223166465759,0.10952380299568176,0
2883,534943962,5387528,COCCOCCOCCOC,30,-386884.962380423,0.5247426629066467,-0.5627534985542297,-0.2895287275314331,0
2884,416489262,5387528,COCCOCCOCCOC,30,-386912.43378739344,-0.12837310135364532,-0.05245733633637428,0.31821539998054504,0
2885,416489130,5387528,COCCOCCOCCOC,30,-386920.44018869015,-0.09556939452886581,-0.07592105120420456,0.3005673587322235,0
2886,534023090,5387528,COCCOCCOCCOC,30,-386893.32891359116,-0.08840963244438171,-0.12407617270946503,0.3438487648963928,0
2887,534023766,5387528,COCCOCCOCCOC,30,-386893.15083607234,-0.04187379032373428,-0.039852336049079895,0.3803037703037262,0
2888,416487898,5387528,COCCOCCOCCOC,30,-386917.15480013937,0.13733206689357758,-0.17717911303043365,0.24529479444026947,0
2889,534023250,5387528,COCCOCCOCCOC,30,-386890.9969511514,0.27204999327659607,-0.19931457936763763,0.10946030169725418,0
2890,416487757,5387528,COCCOCCOCCOC,30,-386918.2327813627,-0.08005392551422119,-0.07143362611532211,0.3192896246910095,0
2891,416487741,5387528,COCCOCCOCCOC,30,-386919.5183299986,-0.08864246308803558,-0.0944475382566452,0.29886341094970703,0
2892,416489092,5387528,COCCOCCOCCOC,30,-386920.50320664723,-0.09696643054485321,-0.07263486087322235,0.2966143786907196,0
2893,534022752,5387528,COCCOCCOCCOC,30,-386891.5873107589,-0.10894699394702911,-0.09680238366127014,0.30679047107696533,0
2894,534023400,5387528,COCCOCCOCCOC,30,-386888.9510442726,0.12466885894536972,-0.09624674171209335,0.2707323133945465,0
2895,416488110,5387528,COCCOCCOCCOC,30,-386918.5942620218,-0.2326633185148239,0.10635403543710709,0.3955440819263458,0
2896,416488332,5387528,COCCOCCOCCOC,30,-386919.09507212235,-0.08999716490507126,-0.08122340589761734,0.3354242444038391,0
2897,416487371,5387528,COCCOCCOCCOC,30,-386919.48764499737,-0.3082774579524994,0.129934161901474,0.663286566734314,0
2898,416488709,5387528,COCCOCCOCCOC,30,-386920.58039614215,-0.09699288755655289,-0.07517491281032562,0.2949051558971405,0
2899,416488285,5387528,COCCOCCOCCOC,30,-386920.5886750735,-0.09024058282375336,-0.07620151340961456,0.3138338327407837,0
2900,534944047,5387528,COCCOCCOCCOC,30,-386896.762922658,0.006889886688441038,0.21458135545253754,0.17615778744220734,0
2901,534022687,5387528,COCCOCCOCCOC,30,-386872.92286106927,0.2324516624212265,-0.04168328642845154,0.20859107375144958,0
2902,534022900,5387528,COCCOCCOCCOC,30,-386891.4104153361,-0.09788719564676285,-0.06798339635133743,0.15108008682727814,0
2903,416487615,5387528,COCCOCCOCCOC,30,-386914.7902447766,-0.2874649167060852,-0.3866168260574341,-0.05699767544865608,0
2904,534022340,5387528,COCCOCCOCCOC,30,-386890.5690604436,0.24707812070846558,-0.1291668564081192,0.12743645906448364,0
2905,416488295,5387528,COCCOCCOCCOC,30,-386919.36651941075,-0.07289945334196091,-0.10803151875734329,0.13161695003509521,0
2906,534023544,5387528,COCCOCCOCCOC,30,-386888.3977933697,-0.0980776995420456,-0.013245305977761745,0.34232470393180847,0
2907,416487706,5387528,COCCOCCOCCOC,30,-386918.7028700746,-0.08993365615606308,-0.06795164197683334,0.3239305019378662,0
2908,416489009,5387528,COCCOCCOCCOC,30,-386920.2451065079,-0.09265363216400146,-0.08245638757944107,0.305631548166275,0
2909,416487680,5387528,COCCOCCOCCOC,30,-386918.95058137603,-0.1019565686583519,-0.16785500943660736,0.2757965624332428,0
2910,534022790,5387528,COCCOCCOCCOC,30,-386886.8271070581,-0.3389485478401184,0.10899991542100906,0.7521830201148987,0
2911,534024251,5387528,COCCOCCOCCOC,30,-386867.0361306499,-0.3441980183124542,0.2056276649236679,0.6603866815567017,0
2912,416489272,5387528,COCCOCCOCCOC,30,-386920.2186056201,-0.10671386867761612,-0.06819505989551544,0.3061448633670807,0
2913,416488125,5387528,COCCOCCOCCOC,30,-386918.8162136691,-0.15442447364330292,0.05397607386112213,0.3837010860443115,0
2914,416489373,5387528,COCCOCCOCCOC,30,-386920.1332593837,-0.1214461624622345,-0.06602543592453003,0.26971104741096497,0
2915,534023704,5387528,COCCOCCOCCOC,30,-386890.80881954846,-0.2827393710613251,0.12280615419149399,0.37714457511901855,0
2916,534943925,5387528,COCCOCCOCCOC,30,-386877.40838020487,-0.24732154607772827,-0.29795318841934204,-0.013240013271570206,0
2917,416488298,5387528,COCCOCCOCCOC,30,-386919.84300495737,-0.06518404185771942,-0.11249777674674988,0.14032721519470215,0
2918,534022335,5387528,COCCOCCOCCOC,30,-386872.1188898711,0.2346160113811493,-0.16744224727153778,0.006238999310880899,0
2919,416487491,5387528,COCCOCCOCCOC,30,-386918.0694739617,-0.11115366965532303,-0.2229529321193695,0.26214906573295593,0
2920,416488241,5387528,COCCOCCOCCOC,30,-386920.51503550453,-0.09275946766138077,-0.06132104992866516,0.320496141910553,0
2921,534023072,5387528,COCCOCCOCCOC,30,-386892.3513724724,-0.1718820333480835,-0.060040440410375595,0.17689864337444305,0
2922,416488926,5387528,COCCOCCOCCOC,30,-386919.79769269715,-0.09516721963882446,-0.07448697835206985,0.3031021058559418,0
2923,416488322,5387528,COCCOCCOCCOC,30,-386920.490328537,-0.09902492165565491,-0.0715712159872055,0.2898091673851013,0
2924,416487632,5387528,COCCOCCOCCOC,30,-386919.2436047814,-0.31923672556877136,-0.2544654309749603,-0.1264098435640335,0
2925,416487642,5387528,COCCOCCOCCOC,30,-386919.96178468835,-0.22407478094100952,-0.37459394335746765,0.2856763005256653,0
2926,534943991,5387528,COCCOCCOCCOC,30,-386882.4510956607,-0.1188267320394516,-0.1889268457889557,0.23034024238586426,0
2927,416488135,5387528,COCCOCCOCCOC,30,-386919.8454129277,-0.1206100657582283,-0.0002434215130051598,0.3569988012313843,0
2928,534022740,5387528,COCCOCCOCCOC,30,-386891.49083977286,-0.07124312222003937,-0.2059028446674347,0.3630578815937042,0
2929,534023606,5387528,COCCOCCOCCOC,30,-386888.7081621516,-0.030909238383173943,0.017256468534469604,0.3045361638069153,0
2930,416487807,5387528,COCCOCCOCCOC,30,-386917.03292004165,0.14580418169498444,-0.1788671761751175,0.242892324924469,0
2931,416489475,5387528,COCCOCCOCCOC,30,-386920.42820620537,-0.09960173070430756,-0.07742391526699066,0.29299482703208923,0
2932,416488049,5387528,COCCOCCOCCOC,30,-386919.85284394515,-0.09794539958238602,-0.03214222192764282,0.28825339674949646,0
2933,416489402,5387528,COCCOCCOCCOC,30,-386908.29282906215,-0.11503782123327255,-0.06849139928817749,0.32240650057792664,0
2934,416488274,5387528,COCCOCCOCCOC,30,-386919.4343077419,-0.07040173560380936,-0.08338773995637894,0.37386366724967957,0
2935,534022415,5387528,COCCOCCOCCOC,30,-386872.322846623,-0.23153088986873627,-0.03565066680312157,0.2863377630710602,0
2936,534944114,5387528,COCCOCCOCCOC,30,-386885.96484134364,0.008488002233207226,-0.33750391006469727,-0.03510032221674919,0
2937,416489132,5387528,COCCOCCOCCOC,30,-386920.5429599529,-0.09577048569917679,-0.07570938020944595,0.2994401752948761,0
2938,416489325,5387528,COCCOCCOCCOC,30,-386913.66113288776,-0.11367784440517426,-0.1178847998380661,0.44085749983787537,0
2939,416487366,5387528,COCCOCCOCCOC,30,-386918.64233684103,-0.3125161826610565,0.12453126162290573,0.6882372498512268,0
2940,534023324,5387528,COCCOCCOCCOC,30,-386894.2388484293,-0.07910669595003128,-0.035042114555835724,0.4133720397949219,0
2941,416487621,5387528,COCCOCCOCCOC,30,-386915.6677011099,-0.283273845911026,-0.334969162940979,-0.12259447574615479,0
2942,416487880,5387528,COCCOCCOCCOC,30,-386916.16905966745,0.21625354886054993,-0.17281338572502136,0.1804017871618271,0
2943,416487502,5387528,COCCOCCOCCOC,30,-386919.2857506871,-0.10013619810342789,-0.15324971079826355,0.28249064087867737,0
2944,416487831,5387528,COCCOCCOCCOC,30,-386918.16279331275,0.14801615476608276,-0.15762600302696228,0.31573885679244995,0
2945,534023742,5387528,COCCOCCOCCOC,30,-386892.5431299827,-0.021405216306447983,-0.04299035668373108,0.3151197135448456,0
2946,416489169,5387528,COCCOCCOCCOC,30,-386920.3304723044,-0.09816236793994904,-0.0710790827870369,0.29915446043014526,0
2947,416487300,5387528,COCCOCCOCCOC,30,-386917.19734441454,0.13041570782661438,-0.12648393213748932,0.36453956365585327,0
2948,534024170,5387528,COCCOCCOCCOC,30,-386892.92045929783,-0.09801419824361801,-0.14292016625404358,0.30798640847206116,0
2949,534024232,5387528,COCCOCCOCCOC,30,-386889.65732844535,-0.2734999358654022,-0.1987801045179367,-0.14415845274925232,0
2950,534022828,5387528,COCCOCCOCCOC,30,-386891.76685928984,-0.3155747950077057,0.05282246321439743,0.6258525252342224,0
2951,534943847,5387528,COCCOCCOCCOC,30,-386887.49703476706,-0.43868789076805115,0.2527879476547241,-0.04404870793223381,0
2952,416487442,5387528,COCCOCCOCCOC,30,-386917.0590176461,-0.29499509930610657,-0.2963074743747711,-0.1271454095840454,0
2953,534944244,5387528,COCCOCCOCCOC,30,-386887.7626625244,-0.08483768254518509,-0.013943818397819996,-0.016997171565890312,0
2954,534943843,5387528,COCCOCCOCCOC,30,-386893.39699189697,0.17095069587230682,-0.3820870816707611,0.0064295027405023575,0
2955,416487734,5387528,COCCOCCOCCOC,30,-386920.2552430619,-0.0950084701180458,-0.09089147299528122,0.29848766326904297,0
2956,534023768,5387528,COCCOCCOCCOC,30,-386892.03682365915,-0.07225915044546127,-0.09891379624605179,0.3481033444404602,0
2957,416489046,5387528,COCCOCCOCCOC,30,-386919.8917888729,-0.0962308719754219,-0.07169292867183685,0.3169506788253784,0
2958,534024260,5387528,COCCOCCOCCOC,30,-386890.91297388973,-0.2791462540626526,0.09443695843219757,0.7126269936561584,0
2959,416487775,5387528,COCCOCCOCCOC,30,-386919.7868216816,-0.09457454830408096,-0.06031561270356178,0.315961092710495,0
2960,534023059,5387528,COCCOCCOCCOC,30,-386868.5058853458,-0.18371443450450897,-0.05085922032594681,0.3370170593261719,0
2961,416488123,5387528,COCCOCCOCCOC,30,-386918.67009799514,-0.1629812866449356,0.06326842308044434,0.3868285119533539,0
2962,416487664,5387528,COCCOCCOCCOC,30,-386918.0701335087,-0.12740468978881836,-0.26908132433891296,0.2568361461162567,0
2963,534022706,5387528,COCCOCCOCCOC,30,-386890.5308716189,-0.029094161465764046,-0.3200939893722534,0.25135916471481323,0
2964,534944172,5387528,COCCOCCOCCOC,30,-386887.230590141,0.07671481370925903,0.2631227672100067,-0.5043587684631348,0
2965,534023429,5387528,COCCOCCOCCOC,30,-386871.2834971602,0.13445863127708435,-0.06856019049882889,0.3075419068336487,0
2966,534023452,5387528,COCCOCCOCCOC,30,-386888.4635001058,0.06200898066163063,-0.019156213849782944,0.4305332601070404,0
2967,416487730,5387528,COCCOCCOCCOC,30,-386920.50709527766,-0.0975538119673729,-0.08690676838159561,0.3003556728363037,0
2968,534944170,5387528,COCCOCCOCCOC,30,-386888.8978446073,0.23962201178073883,0.13329973816871643,0.2971700131893158,0
2969,416488244,5387528,COCCOCCOCCOC,30,-386920.6232751879,-0.09574402868747711,-0.06741717457771301,0.31220394372940063,0
2970,534023656,5387528,COCCOCCOCCOC,30,-386888.8951273796,-0.41594386100769043,0.1516568809747696,0.40920740365982056,0
2971,534023286,5387528,COCCOCCOCCOC,30,-386893.9700782997,0.08282151818275452,-0.07208451628684998,0.28608375787734985,0
2972,534023698,5387528,COCCOCCOCCOC,30,-386889.546632988,-0.2887931764125824,0.1527417004108429,0.38031435012817383,0
2973,534024481,5387528,COCCOCCOCCOC,30,-386874.76583201427,-0.247919499874115,0.10697846114635468,0.39998385310173035,0
2974,416487683,5387528,COCCOCCOCCOC,30,-386919.3522482897,-0.09976048022508621,-0.14852945506572723,0.28373950719833374,0
2975,534024387,5387528,COCCOCCOCCOC,30,-386870.42927801097,0.16718293726444244,-0.15103775262832642,0.15252473950386047,0
2976,534024195,5387528,COCCOCCOCCOC,30,-386874.67510898924,-0.24025702476501465,0.20686595141887665,0.7054355144500732,0
2977,534023146,5387528,COCCOCCOCCOC,30,-386891.0807532909,-0.04494301974773407,-0.07540774345397949,0.30501770973205566,0
2978,416488143,5387528,COCCOCCOCCOC,30,-386920.5046855164,-0.10228465497493744,-0.0498431995511055,0.3194325268268585,0
2979,534022560,5387528,COCCOCCOCCOC,30,-386890.12941031187,-0.24571813642978668,-0.24846985936164856,0.2958100438117981,0
2980,534944222,5387528,COCCOCCOCCOC,30,-386877.9838003792,0.17265993356704712,-0.2685732841491699,-0.3600098192691803,0
2981,416487307,5387528,COCCOCCOCCOC,30,-386916.9260858446,0.0976596474647522,-0.08810271322727203,0.41190093755722046,0
2982,416487985,5387528,COCCOCCOCCOC,30,-386918.39254517754,0.04284747689962387,0.014044362120330334,0.2871897518634796,0
2983,534943858,5387528,COCCOCCOCCOC,30,-386886.2744774618,-0.2577304542064667,-0.26083141565322876,0.11324391514062881,0
2984,416489348,5387528,COCCOCCOCCOC,30,-386917.36483809754,-0.047086186707019806,-0.08901289105415344,0.3622482120990753,0
2985,416489124,5387528,COCCOCCOCCOC,30,-386919.9382025572,-0.09563290327787399,-0.07688415795564651,0.30117592215538025,0
2986,534023709,5387528,COCCOCCOCCOC,30,-386871.609909074,-0.25450778007507324,0.10741239041090012,0.2648690640926361,0
2987,416487617,5387528,COCCOCCOCCOC,30,-386915.1617171266,-0.2845967710018158,-0.3744669556617737,-0.062035445123910904,0
2988,416488103,5387528,COCCOCCOCCOC,30,-386918.9524596047,-0.27882876992225647,0.11645602434873581,0.39520540833473206,0
2989,416489441,5387528,COCCOCCOCCOC,30,-386906.156430885,-0.07839760184288025,-0.08715547621250153,0.2629322409629822,0
2990,416487482,5387528,COCCOCCOCCOC,30,-386918.16264850495,-0.13340556621551514,-0.2778550684452057,0.26177337765693665,0
2991,416487407,5387528,COCCOCCOCCOC,30,-386919.32988490624,-0.15457266569137573,-0.0012171075213700533,0.3682120740413666,0
2992,416489489,5387528,COCCOCCOCCOC,30,-386917.69377515337,-0.08499643951654434,-0.0657714307308197,0.31668078899383545,0
2993,534022798,5387528,COCCOCCOCCOC,30,-386891.3075784202,-0.3121669292449951,0.1793275624513626,0.701297402381897,0
2994,416487578,5387528,COCCOCCOCCOC,30,-386919.2175959733,-0.23239874839782715,0.07629676163196564,0.49726250767707825,0
2995,534944014,5387528,COCCOCCOCCOC,30,-386890.7657573069,0.0010583543917164207,0.3439810574054718,-0.012155200354754925,0
2996,416489165,5387528,COCCOCCOCCOC,30,-386919.978594446,-0.09913076460361481,-0.06912112236022949,0.30051442980766296,0
2997,416489329,5387528,COCCOCCOCCOC,30,-386917.9190362504,-0.10723775625228882,-0.1036658063530922,0.38976016640663147,0
2998,416488905,5387528,COCCOCCOCCOC,30,-386919.57104394014,-0.09430995583534241,-0.07809596508741379,0.31357982754707336,0
2999,534944076,5387528,COCCOCCOCCOC,30,-386893.8076852,-0.008466835133731365,-0.4894624352455139,0.4001690745353699,0
3000,416489326,5387528,COCCOCCOCCOC,30,-386914.9453307248,-0.11216969043016434,-0.11395300924777985,0.42809903621673584,0
3001,534943833,5387528,COCCOCCOCCOC,30,-386887.9325327271,-0.22994336485862732,-0.0454774871468544,-0.22301644086837769,0
3002,534944055,5387528,COCCOCCOCCOC,30,-386880.53589435987,0.10062304139137268,-0.5928530693054199,0.02884015627205372,0
3003,416488330,5387528,COCCOCCOCCOC,30,-386918.6875353369,-0.08901289105415344,-0.08253046870231628,0.33938777446746826,0
3004,534023239,5387528,COCCOCCOCCOC,30,-386870.0818334787,0.2332507222890854,-0.26111191511154175,-0.007974700070917606,0
3005,534944035,5387528,COCCOCCOCCOC,30,-386882.86319295905,0.24010884761810303,0.07922311127185822,0.11385775357484818,0
3006,416487251,5387528,COCCOCCOCCOC,30,-386916.1320568632,0.21209420263767242,-0.17462317645549774,0.18601636588573456,0
3007,416488987,5387528,COCCOCCOCCOC,30,-386919.57585238956,-0.08283210545778275,-0.08184254169464111,0.3473730683326721,0
3008,534943933,5387528,COCCOCCOCCOC,30,-386893.74436191627,0.10921158641576767,-0.24983513355255127,-0.37015944719314575,0
3009,534022754,5387528,COCCOCCOCCOC,30,-386891.69371782214,-0.07592634111642838,-0.049705613404512405,0.35153770446777344,0
3010,416489140,5387528,COCCOCCOCCOC,30,-386919.3750529347,-0.09372256696224213,-0.07891090214252472,0.3047637343406677,0
3011,534023248,5387528,COCCOCCOCCOC,30,-386891.4970757844,0.17706798017024994,-0.13445334136486053,0.1472276747226715,0
3012,534022316,5387528,COCCOCCOCCOC,30,-386891.4898344192,0.1569380760192871,-0.10851836204528809,0.38890817761421204,0
3013,534023074,5387528,COCCOCCOCCOC,30,-386892.7409887958,-0.1198427602648735,-0.008572670631110668,0.2976303994655609,0
3014,416489417,5387528,COCCOCCOCCOC,30,-386920.62040443247,-0.09569639712572098,-0.0750637874007225,0.29649266600608826,0
3015,534944256,5387528,COCCOCCOCCOC,30,-386888.62111297064,-0.3177762031555176,-0.3649311661720276,0.10096171498298645,0
3016,416488948,5387528,COCCOCCOCCOC,30,-386920.40069758997,-0.09764377772808075,-0.0732804536819458,0.3016204237937927,0
3017,534944322,5387528,COCCOCCOCCOC,30,-386880.10481507686,-0.4174361228942871,-0.577316403388977,0.061469223350286484,0
3018,534023182,5387528,COCCOCCOCCOC,30,-386893.03332693764,-0.17795169353485107,-0.12108102440834045,0.26694342494010925,0
3019,534023594,5387528,COCCOCCOCCOC,30,-386886.79941356654,-0.0540342777967453,-0.03411076217889786,0.39055922627449036,0
3020,416488114,5387528,COCCOCCOCCOC,30,-386918.45344329346,-0.2085646092891693,0.09641078859567642,0.39488789439201355,0
3021,416488077,5387528,COCCOCCOCCOC,30,-386917.28936693,-0.4465937912464142,0.08216533809900284,0.38398683071136475,0
3022,416487790,5387528,COCCOCCOCCOC,30,-386916.1767718505,0.21507348120212555,-0.17392466962337494,0.17910000681877136,0
3023,534022594,5387528,COCCOCCOCCOC,30,-386892.1287898274,0.02319912798702717,-0.14339642226696014,0.240447536110878,0
3024,416487769,5387528,COCCOCCOCCOC,30,-386919.0543469934,-0.09023529291152954,-0.056743670254945755,0.3233642876148224,0
3025,416488053,5387528,COCCOCCOCCOC,30,-386920.4720692795,-0.1007341668009758,-0.054214201867580414,0.28273406624794006,0
3026,534943983,5387528,COCCOCCOCCOC,30,-386889.565396802,-0.5788722038269043,-0.22729746997356415,-0.16103391349315643,0
3027,534023614,5387528,COCCOCCOCCOC,30,-386894.5852137331,-0.0753072053194046,0.04105885699391365,0.3239940106868744,0
3028,416489336,5387528,COCCOCCOCCOC,30,-386920.6421445886,-0.09688705205917358,-0.08020738512277603,0.30843091011047363,0
3029,534024406,5387528,COCCOCCOCCOC,30,-386890.2115576869,0.04167270287871361,-0.08163087069988251,0.4597650170326233,0
3030,416489440,5387528,COCCOCCOCCOC,30,-386903.9086715816,-0.07756149768829346,-0.08803920447826385,0.26072031259536743,0
3031,416488254,5387528,COCCOCCOCCOC,30,-386918.628229104,-0.05791844427585602,-0.1284683346748352,0.17110945284366608,0
3032,416488121,5387528,COCCOCCOCCOC,30,-386918.55830504873,-0.1720619648694992,0.07189930230379105,0.38950616121292114,0
3033,416488310,5387528,COCCOCCOCCOC,30,-386918.89055989526,-0.05855874717235565,-0.11000005900859833,0.1547737419605255,0
3034,534944062,5387528,COCCOCCOCCOC,30,-386882.077210693,-0.2769554555416107,-0.19857902824878693,-0.09260600805282593,0
3035,534023216,5387528,COCCOCCOCCOC,30,-386887.36955262866,0.22107435762882233,-0.21713197231292725,0.2954290509223938,0
3036,416487390,5387528,COCCOCCOCCOC,30,-386919.4544864486,-0.2584660053253174,0.08644109219312668,0.5353420972824097,0
3037,416489312,5387528,COCCOCCOCCOC,30,-386919.27726258617,-0.09711989015340805,-0.07840289175510406,0.29254502058029175,0
3038,416487678,5387528,COCCOCCOCCOC,30,-386918.69603173865,-0.103739894926548,-0.18094684183597565,0.2708805203437805,0
3039,534022470,5387528,COCCOCCOCCOC,30,-386885.8721729226,-0.31831595301628113,0.10658156871795654,0.6905762553215027,0
3040,416489286,5387528,COCCOCCOCCOC,30,-386916.0982095827,-0.04780057445168495,-0.072513148188591,0.0905369222164154,0
3041,416489212,5387528,COCCOCCOCCOC,30,-386919.7519405999,-0.08907639980316162,-0.057124678045511246,0.246596559882164,0
3042,534944110,5387528,COCCOCCOCCOC,30,-386891.5596666398,0.0039794123731553555,-0.019822977483272552,0.07868865132331848,0
3043,534944034,5387528,COCCOCCOCCOC,30,-386889.8610387693,-0.4890284836292267,-0.8077413439750671,-0.103110171854496,0
3044,534944117,5387528,COCCOCCOCCOC,30,-386893.17603739124,0.2522164285182953,-0.044620219618082047,-0.3264705538749695,0
3045,416487433,5387528,COCCOCCOCCOC,30,-386914.87266038876,-0.2844644784927368,-0.37891730666160583,-0.060432031750679016,0
3046,534943975,5387528,COCCOCCOCCOC,30,-386892.0195102906,-0.3375462591648102,-0.012250452302396297,-0.01711888238787651,0
3047,534944224,5387528,COCCOCCOCCOC,30,-386893.1902321726,0.5191969275474548,0.37773725390434265,0.39384013414382935,0
3048,416487822,5387528,COCCOCCOCCOC,30,-386918.3744783415,0.14262382686138153,-0.17557041347026825,0.27287548780441284,0
3049,416488367,5387528,COCCOCCOCCOC,30,-386920.61141006055,-0.095844566822052,-0.07505320012569427,0.2977044880390167,0
3050,416487537,5387528,COCCOCCOCCOC,30,-386915.92460563907,-0.30518704652786255,0.10749704390764236,0.7213954925537109,0
3051,534022666,5387528,COCCOCCOCCOC,30,-386890.4757898262,-0.2171478569507599,-0.36669331789016724,0.2739126980304718,0
3052,534943831,5387528,COCCOCCOCCOC,30,-386885.2305892197,0.4894942045211792,-0.14454475045204163,0.1160326823592186,0
3053,534022960,5387528,COCCOCCOCCOC,30,-386892.5069484541,-0.23856894671916962,-0.37264129519462585,0.18861991167068481,0
3054,416488083,5387528,COCCOCCOCCOC,30,-386918.32148848963,-0.41570043563842773,0.10003036260604858,0.3999415338039398,0
3055,534024179,5387528,COCCOCCOCCOC,30,-386872.0651174799,-0.03701594099402428,0.029501628130674362,0.4811490476131439,0
3056,416487794,5387528,COCCOCCOCCOC,30,-386916.10739650833,0.2034263014793396,-0.17707327008247375,0.19687508046627045,0
3057,416488366,5387528,COCCOCCOCCOC,30,-386920.6182051191,-0.09611444920301437,-0.07534424960613251,0.2969213128089905,0
3058,416489172,5387528,COCCOCCOCCOC,30,-386920.5031001865,-0.09736860543489456,-0.07256606966257095,0.29803261160850525,0
3059,534944140,5387528,COCCOCCOCCOC,30,-386880.3575922322,0.3369482755661011,0.2684939205646515,0.5257534384727478,0
3060,416487377,5387528,COCCOCCOCCOC,30,-386920.39563139726,-0.31534725427627563,0.11873678117990494,0.5885244011878967,0
3061,416487527,5387528,COCCOCCOCCOC,30,-386912.7891657727,-0.286411851644516,0.0884413793683052,0.7259358167648315,0
3062,534024316,5387528,COCCOCCOCCOC,30,-386893.1199168865,-0.21615828573703766,-0.038423556834459305,0.30058321356773376,0
3063,534022500,5387528,COCCOCCOCCOC,30,-386889.3443693533,-0.32104650139808655,0.11456156522035599,0.6561691164970398,0
3064,534944295,5387528,COCCOCCOCCOC,30,-386889.7863058466,0.1930914670228958,0.5047239065170288,0.0167484562844038,0
3065,416487517,5387528,COCCOCCOCCOC,30,-386920.6211295485,-0.09552177041769028,-0.07526487112045288,0.29610109329223633,0
3066,534022682,5387528,COCCOCCOCCOC,30,-386889.6085196139,0.19275279343128204,-0.2540420889854431,0.14015787839889526,0
3067,416489192,5387528,COCCOCCOCCOC,30,-386919.5182191327,-0.10130567848682404,-0.08840963244438171,0.3379431366920471,0
3068,416487944,5387528,COCCOCCOCCOC,30,-386917.1471106998,0.06500941514968872,-0.053404562175273895,0.43135878443717957,0
3069,416489064,5387528,COCCOCCOCCOC,30,-386919.95132624643,-0.09683413058519363,-0.07959882915019989,0.274965763092041,0
3070,534022579,5387528,COCCOCCOCCOC,30,-386870.3575126572,-0.14973068237304688,-0.04149278253316879,0.28168103098869324,0
3071,416489122,5387528,COCCOCCOCCOC,30,-386919.6939816555,-0.09550590068101883,-0.07734982669353485,0.3009377717971802,0
3072,416488949,5387528,COCCOCCOCCOC,30,-386920.46002645086,-0.09750618785619736,-0.07338099926710129,0.30102774500846863,0
3073,534023378,5387528,COCCOCCOCCOC,30,-386890.3031585625,0.11335504055023193,-0.11153467744588852,0.33602219820022583,0
3074,416487468,5387528,COCCOCCOCCOC,30,-386919.77801902074,-0.18755626678466797,-0.34843143820762634,0.27515625953674316,0
3075,534024201,5387528,COCCOCCOCCOC,30,-386873.277856898,-0.2744048237800598,0.10771401226520538,0.7558184862136841,0
3076,534024154,5387528,COCCOCCOCCOC,30,-386891.03414802486,0.20497678220272064,-0.2029341608285904,0.2716372311115265,0
3077,416488929,5387528,COCCOCCOCCOC,30,-386920.1181882175,-0.09552177041769028,-0.07440759986639023,0.30176857113838196,0
3078,534024209,5387528,COCCOCCOCCOC,30,-386874.6441353588,-0.17748603224754333,-0.0034661104436963797,0.532574474811554,0
3079,534944182,5387528,COCCOCCOCCOC,30,-386891.3306692189,0.5280447602272034,0.2911585867404938,0.09985044598579407,0
3080,416487504,5387528,COCCOCCOCCOC,30,-386919.55082868354,-0.09900905191898346,-0.14062882959842682,0.28793057799339294,0
3081,534944053,5387528,COCCOCCOCCOC,30,-386878.9604671263,-0.24427877366542816,-0.15591146051883698,0.09190749377012253,0
3082,416488064,5387528,COCCOCCOCCOC,30,-386914.46543887287,-0.49314552545547485,0.02355896681547165,0.33921846747398376,0
3083,534944027,5387528,COCCOCCOCCOC,30,-386889.84962330264,-0.20062164962291718,-0.258116751909256,-0.0528118833899498,0
3084,534023415,5387528,COCCOCCOCCOC,30,-386871.98966273305,0.06551213562488556,-0.22414357960224152,0.32306796312332153,0
3085,416488356,5387528,COCCOCCOCCOC,30,-386920.2012037658,-0.0923149585723877,-0.07735512405633926,0.2797495126724243,0
3086,416489476,5387528,COCCOCCOCCOC,30,-386920.5603369264,-0.0976279005408287,-0.0764608085155487,0.294455349445343,0
3087,416487320,5387528,COCCOCCOCCOC,30,-386917.8293969355,0.02936404198408127,-0.008567378856241703,0.431713342666626,0
3088,416489347,5387528,COCCOCCOCCOC,30,-386916.73268681526,-0.042244214564561844,-0.0901188775897026,0.3693286180496216,0
3089,534944216,5387528,COCCOCCOCCOC,30,-386891.82893274596,-0.12368986755609512,0.42332059144973755,0.042604055255651474,0
3090,416487607,5387528,COCCOCCOCCOC,30,-386920.6157713092,-0.09533126652240753,-0.07646610587835312,0.29631805419921875,0
3091,416487637,5387528,COCCOCCOCCOC,30,-386919.48672855494,-0.2584766149520874,-0.39014115929603577,0.27557429671287537,0
3092,416487911,5387528,COCCOCCOCCOC,30,-386918.3585056249,0.14619049429893494,-0.17679809033870697,0.270425409078598,0
3093,416488363,5387528,COCCOCCOCCOC,30,-386920.5785251655,-0.09534185379743576,-0.07507436722517014,0.29318004846572876,0
3094,534944269,5387528,COCCOCCOCCOC,30,-386888.4515145173,0.37155115604400635,-0.21004100143909454,-0.1026921197772026,0
3095,534022858,5387528,COCCOCCOCCOC,30,-386893.55090039334,-0.18841882050037384,0.03655026853084564,0.5465024709701538,0
3096,534023512,5387528,COCCOCCOCCOC,30,-386890.3894739271,0.09472271054983139,0.043620072305202484,0.27951666712760925,0
3097,534944177,5387528,COCCOCCOCCOC,30,-386890.9397365011,-0.024955997243523598,-0.28136351704597473,0.07370908558368683,0
3098,416489073,5387528,COCCOCCOCCOC,30,-386920.5644584024,-0.09660129994153976,-0.07549241185188293,0.29474112391471863,0
3099,416489031,5387528,COCCOCCOCCOC,30,-386920.3642879347,-0.0995488092303276,-0.0677981749176979,0.29452943801879883,0
3100,534023529,5387528,COCCOCCOCCOC,30,-386873.94209803396,-0.027056828141212463,0.213274285197258,0.222704216837883,0
3101,416488936,5387528,COCCOCCOCCOC,30,-386920.5704543702,-0.09555881470441818,-0.07523312419652939,0.29691603779792786,0
3102,534944191,5387528,COCCOCCOCCOC,30,-386883.21568455,-0.18158714473247528,-0.25796857476234436,-0.17396698892116547,0
3103,534022590,5387528,COCCOCCOCCOC,30,-386891.2216286872,-0.15329204499721527,0.014234866015613079,0.29152899980545044,0
3104,416487604,5387528,COCCOCCOCCOC,30,-386920.58869388816,-0.09830524027347565,-0.06445907056331635,0.29866230487823486,0
3105,534944090,5387528,COCCOCCOCCOC,30,-386887.61072557943,0.3175645172595978,-0.03789437934756279,-0.21489354968070984,0
3106,416489369,5387528,COCCOCCOCCOC,30,-386918.0070044071,-0.1486247032880783,-0.0565161257982254,0.23864832520484924,0
3107,416487580,5387528,COCCOCCOCCOC,30,-386919.1890696812,-0.22052399814128876,0.06427915394306183,0.47585201263427734,0
3108,416487901,5387528,COCCOCCOCCOC,30,-386917.47682326136,0.12334062159061432,-0.17697273194789886,0.24871855974197388,0
3109,416488190,5387528,COCCOCCOCCOC,30,-386918.05145779636,-0.11364080756902695,-0.08398041874170303,0.3492569327354431,0
3110,416489364,5387528,COCCOCCOCCOC,30,-386912.35846195626,-0.18577294051647186,-0.04369945079088211,0.19208073616027832,0
3111,416489093,5387528,COCCOCCOCCOC,30,-386920.5472142456,-0.0967865064740181,-0.07316403836011887,0.2968154847621918,0
3112,534023170,5387528,COCCOCCOCCOC,30,-386887.9282770651,-0.09316693246364594,-0.08808682858943939,0.34531456232070923,0
3113,534023624,5387528,COCCOCCOCCOC,30,-386894.96650581324,0.004265167750418186,-0.1293785274028778,0.36676740646362305,0
3114,534023230,5387528,COCCOCCOCCOC,30,-386890.76536684914,0.07578346133232117,-0.05463754013180733,0.2479248046875,0
3115,416488325,5387528,COCCOCCOCCOC,30,-386920.5996278806,-0.0971728041768074,-0.07349742203950882,0.2944077253341675,0
3116,416489268,5387528,COCCOCCOCCOC,30,-386918.39695403964,-0.11523891985416412,-0.062067192047834396,0.3126167058944702,0
3117,534022410,5387528,COCCOCCOCCOC,30,-386889.5563128707,0.10446487367153168,-0.11171460151672363,0.32967737317085266,0
3118,416487577,5387528,COCCOCCOCCOC,30,-386919.25276688224,-0.23749472200870514,0.08116519451141357,0.506538987159729,0
3119,416487777,5387528,COCCOCCOCCOC,30,-386920.01015999547,-0.09564877301454544,-0.06215186044573784,0.31333640217781067,0
3120,534944155,5387528,COCCOCCOCCOC,30,-386880.0150251014,-0.42203468084335327,0.23358409106731415,-0.590979814529419,0
3121,416488694,5387528,COCCOCCOCCOC,30,-386919.1256445665,-0.055706482380628586,-0.11671002209186554,0.16599230468273163,0
3122,416487936,5387528,COCCOCCOCCOC,30,-386916.92708328716,0.10892053693532944,-0.10104638338088989,0.397353857755661,0
3123,416487457,5387528,COCCOCCOCCOC,30,-386919.6050962964,-0.24789303541183472,-0.3880138695240021,0.2981225252151489,0
3124,416487269,5387528,COCCOCCOCCOC,30,-386917.2724531533,0.13584508001804352,-0.17857612669467926,0.24896198511123657,0
3125,416487707,5387528,COCCOCCOCCOC,30,-386918.80874158046,-0.09100789576768875,-0.06745950877666473,0.3238193988800049,0
3126,416489201,5387528,COCCOCCOCCOC,30,-386906.6111678086,-0.03905327618122101,-0.041524533182382584,0.02339492365717888,0
3127,416488342,5387528,COCCOCCOCCOC,30,-386920.41460044327,-0.0937860757112503,-0.07740803807973862,0.30881720781326294,0
3128,534023232,5387528,COCCOCCOCCOC,30,-386892.3522855903,0.10794685035943985,-0.0682162269949913,0.3036418855190277,0
3129,534023321,5387528,COCCOCCOCCOC,30,-386877.546176441,-0.05525138974189758,0.039492491632699966,0.43354958295822144,0
3130,416487970,5387528,COCCOCCOCCOC,30,-386916.18397093914,0.09781839698553085,0.037672124803066254,0.1957426369190216,0
3131,534023524,5387528,COCCOCCOCCOC,30,-386892.64142672264,0.02374418079853058,0.23749472200870514,0.2841840088367462,0
3132,534944267,5387528,COCCOCCOCCOC,30,-386876.87396326277,0.008271039463579655,-0.29746636748313904,-0.5385648012161255,0
3133,416487824,5387528,COCCOCCOCCOC,30,-386918.458035217,0.1479896903038025,-0.17292451858520508,0.2816598415374756,0
3134,534944162,5387528,COCCOCCOCCOC,30,-386893.2102957326,-0.363751083612442,0.14103630185127258,-0.0405878908932209,0
3135,534944045,5387528,COCCOCCOCCOC,30,-386891.4247188554,0.49293914437294006,-0.1021682396531105,0.3549191355705261,0
3136,534024327,5387528,COCCOCCOCCOC,30,-386876.1810081543,-0.13853858411312103,-0.05068988353013992,0.22097909450531006,0
3137,416487599,5387528,COCCOCCOCCOC,30,-386920.26096075884,-0.07238084822893143,-0.08654692769050598,0.210062175989151,0
3138,534943882,5387528,COCCOCCOCCOC,30,-386886.61922738235,0.014568247832357883,-0.32907941937446594,-0.25178778171539307,0
3139,416489482,5387528,COCCOCCOCCOC,30,-386908.383812331,-0.07723870128393173,-0.06030503287911415,0.33036530017852783,0
3140,416487287,5387528,COCCOCCOCCOC,30,-386918.41535267705,0.14968834817409515,-0.16717764735221863,0.29529672861099243,0
3141,534023000,5387528,COCCOCCOCCOC,30,-386891.8571980656,-0.07772025465965271,-0.27843186259269714,0.283760666847229,0
3142,416488985,5387528,COCCOCCOCCOC,30,-386919.17116924434,-0.08007509261369705,-0.08354119956493378,0.35790368914604187,0
3143,534023340,5387528,COCCOCCOCCOC,30,-386888.8235296938,0.16178004443645477,-0.11982159316539764,0.17517352104187012,0
3144,416488979,5387528,COCCOCCOCCOC,30,-386917.5470752631,-0.07150241732597351,-0.08983311802148819,0.38716718554496765,0
3145,534943901,5387528,COCCOCCOCCOC,30,-386898.6835563636,-0.01746813952922821,-0.20359563827514648,0.061654433608055115,0
3146,416487923,5387528,COCCOCCOCCOC,30,-386918.0003752614,0.1461798995733261,-0.15292692184448242,0.32628536224365234,0
3147,534944288,5387528,COCCOCCOCCOC,30,-386868.43504608114,-0.4741533696651459,-0.2917618155479431,0.5262666940689087,0
3148,534944042,5387528,COCCOCCOCCOC,30,-386884.6159457236,-0.2668587863445282,-0.059929315000772476,-0.23450486361980438,0
3149,534023194,5387528,COCCOCCOCCOC,30,-386892.1785396746,-0.11251365393400192,0.05993460863828659,0.194271519780159,0
3150,416487248,5387528,COCCOCCOCCOC,30,-386916.27776824223,0.21929103136062622,-0.1719508320093155,0.1728610098361969,0
3151,416488075,5387528,COCCOCCOCCOC,30,-386916.85771870177,-0.4557485580444336,0.07468806952238083,0.3772239685058594,0
3152,416487893,5387528,COCCOCCOCCOC,30,-386916.6310759312,0.16492335498332977,-0.1776447743177414,0.23451544344425201,0
3153,416487770,5387528,COCCOCCOCCOC,30,-386919.17478313163,-0.09114018082618713,-0.05679129436612129,0.32262346148490906,0
3154,534022709,5387528,COCCOCCOCCOC,30,-386875.8248371753,-0.10663449764251709,-0.34102824330329895,0.2595243752002716,0
3155,534944091,5387528,COCCOCCOCCOC,30,-386881.431841986,0.4237545132637024,0.019817685708403587,0.18894271552562714,0
3156,534023382,5387528,COCCOCCOCCOC,30,-386891.4856428436,0.04671046882867813,-0.1846299171447754,0.30382707715034485,0
3157,416487263,5387528,COCCOCCOCCOC,30,-386916.65035037167,0.1661880910396576,-0.17948631942272186,0.23631992936134338,0
3158,416487462,5387528,COCCOCCOCCOC,30,-386919.9823593008,-0.21835437417030334,-0.3720009922981262,0.2885444462299347,0
3159,416488104,5387528,COCCOCCOCCOC,30,-386918.90690732654,-0.2720182240009308,0.1155775934457779,0.39516305923461914,0
3160,534023050,5387528,COCCOCCOCCOC,30,-386892.71702507243,-0.15400643646717072,-0.13790357112884521,0.28947049379348755,0
3161,416489412,5387528,COCCOCCOCCOC,30,-386919.54324221757,-0.10371872782707214,-0.07239143550395966,0.306806355714798,0
3162,416488112,5387528,COCCOCCOCCOC,30,-386918.50858059875,-0.22034937143325806,0.10169727355241776,0.3953218162059784,0
3163,416487705,5387528,COCCOCCOCCOC,30,-386918.6037136204,-0.08886472135782242,-0.06864485889673233,0.3239728510379791,0
3164,416489019,5387528,COCCOCCOCCOC,30,-386918.5006230118,-0.10699962824583054,-0.05355272814631462,0.28891488909721375,0
3165,534023713,5387528,COCCOCCOCCOC,30,-386870.50993390835,-0.2644774615764618,0.10205181688070297,0.3647195100784302,0
3166,534024144,5387528,COCCOCCOCCOC,30,-386890.570311535,0.04208546131849289,-0.05851641297340393,0.40411144495010376,0
3167,416488219,5387528,COCCOCCOCCOC,30,-386920.6348197251,-0.08939919620752335,-0.06768175959587097,0.28067028522491455,0
3168,416487977,5387528,COCCOCCOCCOC,30,-386917.51294392213,0.08886472135782242,0.041217610239982605,0.21440671384334564,0
3169,534944226,5387528,COCCOCCOCCOC,30,-386881.2620612645,-0.25775691866874695,-0.0006614714511670172,-0.16194409132003784,0
3170,534022462,5387528,COCCOCCOCCOC,30,-386894.4845386934,-0.106322281062603,-0.11054512113332748,0.22891676425933838,0
3171,416488044,5387528,COCCOCCOCCOC,30,-386918.74851657776,-0.08866363763809204,-0.009620441123843193,0.28486666083335876,0
