,geom_ids,species_id,species__smiles,species__componentcount
0,416487248,5387528,COCCOCCOCCOC,0
1,416487249,5387528,COCCOCCOCCOC,0
2,416487250,5387528,COCCOCCOCCOC,0
3,416487251,5387528,COCCOCCOCCOC,0
4,416487252,5387528,COCCOCCOCCOC,0
5,416487253,5387528,COCCOCCOCCOC,0
6,416487254,5387528,COCCOCCOCCOC,0
7,416487255,5387528,COCCOCCOCCOC,0
8,416487256,5387528,COCCOCCOCCOC,0
9,416487257,5387528,COCCOCCOCCOC,0
10,416487258,5387528,COCCOCCOCCOC,0
11,416487259,5387528,COCCOCCOCCOC,0
12,416487260,5387528,COCCOCCOCCOC,0
13,416487261,5387528,COCCOCCOCCOC,0
14,416487262,5387528,COCCOCCOCCOC,0
15,416487263,5387528,COCCOCCOCCOC,0
16,416487264,5387528,COCCOCCOCCOC,0
17,416487265,5387528,COCCOCCOCCOC,0
18,416487266,5387528,COCCOCCOCCOC,0
19,416487267,5387528,COCCOCCOCCOC,0
20,416487268,5387528,COCCOCCOCCOC,0
21,416487269,5387528,COCCOCCOCCOC,0
22,416487270,5387528,COCCOCCOCCOC,0
23,416487271,5387528,COCCOCCOCCOC,0
24,416487272,5387528,COCCOCCOCCOC,0
25,416487273,5387528,COCCOCCOCCOC,0
26,416487274,5387528,COCCOCCOCCOC,0
27,416487275,5387528,COCCOCCOCCOC,0
28,416487276,5387528,COCCOCCOCCOC,0
29,416487277,5387528,COCCOCCOCCOC,0
30,416487278,5387528,COCCOCCOCCOC,0
31,416487279,5387528,COCCOCCOCCOC,0
32,416487280,5387528,COCCOCCOCCOC,0
33,416487281,5387528,COCCOCCOCCOC,0
34,416487282,5387528,COCCOCCOCCOC,0
35,416487283,5387528,COCCOCCOCCOC,0
36,416487284,5387528,COCCOCCOCCOC,0
37,416487285,5387528,COCCOCCOCCOC,0
38,416487286,5387528,COCCOCCOCCOC,0
39,416487287,5387528,COCCOCCOCCOC,0
40,416487288,5387528,COCCOCCOCCOC,0
41,416487289,5387528,COCCOCCOCCOC,0
42,416487290,5387528,COCCOCCOCCOC,0
43,416487291,5387528,COCCOCCOCCOC,0
44,416487292,5387528,COCCOCCOCCOC,0
45,416487293,5387528,COCCOCCOCCOC,0
46,416487294,5387528,COCCOCCOCCOC,0
47,416487295,5387528,COCCOCCOCCOC,0
48,416487296,5387528,COCCOCCOCCOC,0
49,416487297,5387528,COCCOCCOCCOC,0
50,416487298,5387528,COCCOCCOCCOC,0
51,416487299,5387528,COCCOCCOCCOC,0
52,416487300,5387528,COCCOCCOCCOC,0
53,416487301,5387528,COCCOCCOCCOC,0
54,416487302,5387528,COCCOCCOCCOC,0
55,416487303,5387528,COCCOCCOCCOC,0
56,416487304,5387528,COCCOCCOCCOC,0
57,416487305,5387528,COCCOCCOCCOC,0
58,416487306,5387528,COCCOCCOCCOC,0
59,416487307,5387528,COCCOCCOCCOC,0
60,416487308,5387528,COCCOCCOCCOC,0
61,416487309,5387528,COCCOCCOCCOC,0
62,416487310,5387528,COCCOCCOCCOC,0
63,416487311,5387528,COCCOCCOCCOC,0
64,416487312,5387528,COCCOCCOCCOC,0
65,416487313,5387528,COCCOCCOCCOC,0
66,416487314,5387528,COCCOCCOCCOC,0
67,416487315,5387528,COCCOCCOCCOC,0
68,416487316,5387528,COCCOCCOCCOC,0
69,416487317,5387528,COCCOCCOCCOC,0
70,416487318,5387528,COCCOCCOCCOC,0
71,416487319,5387528,COCCOCCOCCOC,0
72,416487320,5387528,COCCOCCOCCOC,0
73,416487321,5387528,COCCOCCOCCOC,0
74,416487322,5387528,COCCOCCOCCOC,0
75,416487323,5387528,COCCOCCOCCOC,0
76,416487324,5387528,COCCOCCOCCOC,0
77,416487325,5387528,COCCOCCOCCOC,0
78,416487326,5387528,COCCOCCOCCOC,0
79,416487327,5387528,COCCOCCOCCOC,0
80,416487328,5387528,COCCOCCOCCOC,0
81,416487329,5387528,COCCOCCOCCOC,0
82,416487330,5387528,COCCOCCOCCOC,0
83,416487331,5387528,COCCOCCOCCOC,0
84,416487332,5387528,COCCOCCOCCOC,0
85,416487333,5387528,COCCOCCOCCOC,0
86,416487334,5387528,COCCOCCOCCOC,0
87,416487335,5387528,COCCOCCOCCOC,0
88,416487336,5387528,COCCOCCOCCOC,0
89,416487337,5387528,COCCOCCOCCOC,0
90,416487338,5387528,COCCOCCOCCOC,0
91,416487339,5387528,COCCOCCOCCOC,0
92,416487340,5387528,COCCOCCOCCOC,0
93,416487341,5387528,COCCOCCOCCOC,0
94,416487342,5387528,COCCOCCOCCOC,0
95,416487343,5387528,COCCOCCOCCOC,0
96,416487344,5387528,COCCOCCOCCOC,0
97,416487345,5387528,COCCOCCOCCOC,0
98,416487346,5387528,COCCOCCOCCOC,0
99,416487347,5387528,COCCOCCOCCOC,0
100,416487348,5387528,COCCOCCOCCOC,0
101,416487349,5387528,COCCOCCOCCOC,0
102,416487350,5387528,COCCOCCOCCOC,0
103,416487351,5387528,COCCOCCOCCOC,0
104,416487352,5387528,COCCOCCOCCOC,0
105,416487353,5387528,COCCOCCOCCOC,0
106,416487354,5387528,COCCOCCOCCOC,0
107,416487355,5387528,COCCOCCOCCOC,0
108,416487356,5387528,COCCOCCOCCOC,0
109,416487357,5387528,COCCOCCOCCOC,0
110,416487358,5387528,COCCOCCOCCOC,0
111,416487359,5387528,COCCOCCOCCOC,0
112,416487360,5387528,COCCOCCOCCOC,0
113,416487361,5387528,COCCOCCOCCOC,0
114,416487362,5387528,COCCOCCOCCOC,0
115,416487363,5387528,COCCOCCOCCOC,0
116,416487364,5387528,COCCOCCOCCOC,0
117,416487365,5387528,COCCOCCOCCOC,0
118,416487366,5387528,COCCOCCOCCOC,0
119,416487367,5387528,COCCOCCOCCOC,0
120,416487368,5387528,COCCOCCOCCOC,0
121,416487369,5387528,COCCOCCOCCOC,0
122,416487370,5387528,COCCOCCOCCOC,0
123,416487371,5387528,COCCOCCOCCOC,0
124,416487372,5387528,COCCOCCOCCOC,0
125,416487373,5387528,COCCOCCOCCOC,0
126,416487374,5387528,COCCOCCOCCOC,0
127,416487375,5387528,COCCOCCOCCOC,0
128,416487376,5387528,COCCOCCOCCOC,0
129,416487377,5387528,COCCOCCOCCOC,0
130,416487378,5387528,COCCOCCOCCOC,0
131,416487379,5387528,COCCOCCOCCOC,0
132,416487380,5387528,COCCOCCOCCOC,0
133,416487381,5387528,COCCOCCOCCOC,0
134,416487382,5387528,COCCOCCOCCOC,0
135,416487383,5387528,COCCOCCOCCOC,0
136,416487384,5387528,COCCOCCOCCOC,0
137,416487385,5387528,COCCOCCOCCOC,0
138,416487386,5387528,COCCOCCOCCOC,0
139,416487387,5387528,COCCOCCOCCOC,0
140,416487388,5387528,COCCOCCOCCOC,0
141,416487389,5387528,COCCOCCOCCOC,0
142,416487390,5387528,COCCOCCOCCOC,0
143,416487391,5387528,COCCOCCOCCOC,0
144,416487392,5387528,COCCOCCOCCOC,0
145,416487393,5387528,COCCOCCOCCOC,0
146,416487394,5387528,COCCOCCOCCOC,0
147,416487395,5387528,COCCOCCOCCOC,0
148,416487396,5387528,COCCOCCOCCOC,0
149,416487397,5387528,COCCOCCOCCOC,0
150,416487398,5387528,COCCOCCOCCOC,0
151,416487399,5387528,COCCOCCOCCOC,0
152,416487400,5387528,COCCOCCOCCOC,0
153,416487401,5387528,COCCOCCOCCOC,0
154,416487402,5387528,COCCOCCOCCOC,0
155,416487403,5387528,COCCOCCOCCOC,0
156,416487404,5387528,COCCOCCOCCOC,0
157,416487405,5387528,COCCOCCOCCOC,0
158,416487406,5387528,COCCOCCOCCOC,0
159,416487407,5387528,COCCOCCOCCOC,0
160,416487408,5387528,COCCOCCOCCOC,0
161,416487409,5387528,COCCOCCOCCOC,0
162,416487410,5387528,COCCOCCOCCOC,0
163,416487411,5387528,COCCOCCOCCOC,0
164,416487412,5387528,COCCOCCOCCOC,0
165,416487413,5387528,COCCOCCOCCOC,0
166,416487414,5387528,COCCOCCOCCOC,0
167,416487415,5387528,COCCOCCOCCOC,0
168,416487416,5387528,COCCOCCOCCOC,0
169,416487417,5387528,COCCOCCOCCOC,0
170,416487418,5387528,COCCOCCOCCOC,0
171,416487419,5387528,COCCOCCOCCOC,0
172,416487420,5387528,COCCOCCOCCOC,0
173,416487421,5387528,COCCOCCOCCOC,0
174,416487422,5387528,COCCOCCOCCOC,0
175,416487423,5387528,COCCOCCOCCOC,0
176,416487424,5387528,COCCOCCOCCOC,0
177,416487425,5387528,COCCOCCOCCOC,0
178,416487426,5387528,COCCOCCOCCOC,0
179,416487427,5387528,COCCOCCOCCOC,0
180,416487428,5387528,COCCOCCOCCOC,0
181,416487429,5387528,COCCOCCOCCOC,0
182,416487430,5387528,COCCOCCOCCOC,0
183,416487431,5387528,COCCOCCOCCOC,0
184,416487432,5387528,COCCOCCOCCOC,0
185,416487433,5387528,COCCOCCOCCOC,0
186,416487434,5387528,COCCOCCOCCOC,0
187,416487435,5387528,COCCOCCOCCOC,0
188,416487436,5387528,COCCOCCOCCOC,0
189,416487437,5387528,COCCOCCOCCOC,0
190,416487438,5387528,COCCOCCOCCOC,0
191,416487439,5387528,COCCOCCOCCOC,0
192,416487440,5387528,COCCOCCOCCOC,0
193,416487441,5387528,COCCOCCOCCOC,0
194,416487442,5387528,COCCOCCOCCOC,0
195,416487443,5387528,COCCOCCOCCOC,0
196,416487444,5387528,COCCOCCOCCOC,0
197,416487445,5387528,COCCOCCOCCOC,0
198,416487446,5387528,COCCOCCOCCOC,0
199,416487447,5387528,COCCOCCOCCOC,0
200,416487448,5387528,COCCOCCOCCOC,0
201,416487449,5387528,COCCOCCOCCOC,0
202,416487450,5387528,COCCOCCOCCOC,0
203,416487451,5387528,COCCOCCOCCOC,0
204,416487452,5387528,COCCOCCOCCOC,0
205,416487453,5387528,COCCOCCOCCOC,0
206,416487454,5387528,COCCOCCOCCOC,0
207,416487455,5387528,COCCOCCOCCOC,0
208,416487456,5387528,COCCOCCOCCOC,0
209,416487457,5387528,COCCOCCOCCOC,0
210,416487458,5387528,COCCOCCOCCOC,0
211,416487459,5387528,COCCOCCOCCOC,0
212,416487460,5387528,COCCOCCOCCOC,0
213,416487461,5387528,COCCOCCOCCOC,0
214,416487462,5387528,COCCOCCOCCOC,0
215,416487463,5387528,COCCOCCOCCOC,0
216,416487464,5387528,COCCOCCOCCOC,0
217,416487465,5387528,COCCOCCOCCOC,0
218,416487466,5387528,COCCOCCOCCOC,0
219,416487467,5387528,COCCOCCOCCOC,0
220,416487468,5387528,COCCOCCOCCOC,0
221,416487469,5387528,COCCOCCOCCOC,0
222,416487470,5387528,COCCOCCOCCOC,0
223,416487471,5387528,COCCOCCOCCOC,0
224,416487472,5387528,COCCOCCOCCOC,0
225,416487473,5387528,COCCOCCOCCOC,0
226,416487474,5387528,COCCOCCOCCOC,0
227,416487475,5387528,COCCOCCOCCOC,0
228,416487476,5387528,COCCOCCOCCOC,0
229,416487477,5387528,COCCOCCOCCOC,0
230,416487478,5387528,COCCOCCOCCOC,0
231,416487479,5387528,COCCOCCOCCOC,0
232,416487480,5387528,COCCOCCOCCOC,0
233,416487481,5387528,COCCOCCOCCOC,0
234,416487482,5387528,COCCOCCOCCOC,0
235,416487483,5387528,COCCOCCOCCOC,0
236,416487484,5387528,COCCOCCOCCOC,0
237,416487485,5387528,COCCOCCOCCOC,0
238,416487486,5387528,COCCOCCOCCOC,0
239,416487487,5387528,COCCOCCOCCOC,0
240,416487488,5387528,COCCOCCOCCOC,0
241,416487489,5387528,COCCOCCOCCOC,0
242,416487490,5387528,COCCOCCOCCOC,0
243,416487491,5387528,COCCOCCOCCOC,0
244,416487492,5387528,COCCOCCOCCOC,0
245,416487493,5387528,COCCOCCOCCOC,0
246,416487494,5387528,COCCOCCOCCOC,0
247,416487495,5387528,COCCOCCOCCOC,0
248,416487496,5387528,COCCOCCOCCOC,0
249,416487497,5387528,COCCOCCOCCOC,0
250,416487498,5387528,COCCOCCOCCOC,0
251,416487499,5387528,COCCOCCOCCOC,0
252,416487500,5387528,COCCOCCOCCOC,0
253,416487501,5387528,COCCOCCOCCOC,0
254,416487502,5387528,COCCOCCOCCOC,0
255,416487503,5387528,COCCOCCOCCOC,0
256,416487504,5387528,COCCOCCOCCOC,0
257,416487505,5387528,COCCOCCOCCOC,0
258,416487506,5387528,COCCOCCOCCOC,0
259,416487507,5387528,COCCOCCOCCOC,0
260,416487508,5387528,COCCOCCOCCOC,0
261,416487509,5387528,COCCOCCOCCOC,0
262,416487510,5387528,COCCOCCOCCOC,0
263,416487511,5387528,COCCOCCOCCOC,0
264,416487512,5387528,COCCOCCOCCOC,0
265,416487513,5387528,COCCOCCOCCOC,0
266,416487514,5387528,COCCOCCOCCOC,0
267,416487515,5387528,COCCOCCOCCOC,0
268,416487516,5387528,COCCOCCOCCOC,0
269,416487517,5387528,COCCOCCOCCOC,0
270,416487518,5387528,COCCOCCOCCOC,0
271,416487519,5387528,COCCOCCOCCOC,0
272,416487520,5387528,COCCOCCOCCOC,0
273,416487521,5387528,COCCOCCOCCOC,0
274,416487522,5387528,COCCOCCOCCOC,0
275,416487523,5387528,COCCOCCOCCOC,0
276,416487524,5387528,COCCOCCOCCOC,0
277,416487525,5387528,COCCOCCOCCOC,0
278,416487526,5387528,COCCOCCOCCOC,0
279,416487527,5387528,COCCOCCOCCOC,0
280,416487528,5387528,COCCOCCOCCOC,0
281,416487529,5387528,COCCOCCOCCOC,0
282,416487530,5387528,COCCOCCOCCOC,0
283,416487531,5387528,COCCOCCOCCOC,0
284,416487532,5387528,COCCOCCOCCOC,0
285,416487533,5387528,COCCOCCOCCOC,0
286,416487534,5387528,COCCOCCOCCOC,0
287,416487535,5387528,COCCOCCOCCOC,0
288,416487536,5387528,COCCOCCOCCOC,0
289,416487537,5387528,COCCOCCOCCOC,0
290,416487538,5387528,COCCOCCOCCOC,0
291,416487539,5387528,COCCOCCOCCOC,0
292,416487540,5387528,COCCOCCOCCOC,0
293,416487541,5387528,COCCOCCOCCOC,0
294,416487542,5387528,COCCOCCOCCOC,0
295,416487543,5387528,COCCOCCOCCOC,0
296,416487544,5387528,COCCOCCOCCOC,0
297,416487545,5387528,COCCOCCOCCOC,0
298,416487546,5387528,COCCOCCOCCOC,0
299,416487547,5387528,COCCOCCOCCOC,0
300,416487548,5387528,COCCOCCOCCOC,0
301,416487549,5387528,COCCOCCOCCOC,0
302,416487550,5387528,COCCOCCOCCOC,0
303,416487551,5387528,COCCOCCOCCOC,0
304,416487552,5387528,COCCOCCOCCOC,0
305,416487553,5387528,COCCOCCOCCOC,0
306,416487554,5387528,COCCOCCOCCOC,0
307,416487555,5387528,COCCOCCOCCOC,0
308,416487556,5387528,COCCOCCOCCOC,0
309,416487557,5387528,COCCOCCOCCOC,0
310,416487558,5387528,COCCOCCOCCOC,0
311,416487559,5387528,COCCOCCOCCOC,0
312,416487560,5387528,COCCOCCOCCOC,0
313,416487561,5387528,COCCOCCOCCOC,0
314,416487562,5387528,COCCOCCOCCOC,0
315,416487563,5387528,COCCOCCOCCOC,0
316,416487564,5387528,COCCOCCOCCOC,0
317,416487565,5387528,COCCOCCOCCOC,0
318,416487566,5387528,COCCOCCOCCOC,0
319,416487567,5387528,COCCOCCOCCOC,0
320,416487568,5387528,COCCOCCOCCOC,0
321,416487569,5387528,COCCOCCOCCOC,0
322,416487570,5387528,COCCOCCOCCOC,0
323,416487571,5387528,COCCOCCOCCOC,0
324,416487572,5387528,COCCOCCOCCOC,0
325,416487573,5387528,COCCOCCOCCOC,0
326,416487574,5387528,COCCOCCOCCOC,0
327,416487575,5387528,COCCOCCOCCOC,0
328,416487576,5387528,COCCOCCOCCOC,0
329,416487577,5387528,COCCOCCOCCOC,0
330,416487578,5387528,COCCOCCOCCOC,0
331,416487579,5387528,COCCOCCOCCOC,0
332,416487580,5387528,COCCOCCOCCOC,0
333,416487581,5387528,COCCOCCOCCOC,0
334,416487582,5387528,COCCOCCOCCOC,0
335,416487583,5387528,COCCOCCOCCOC,0
336,416487584,5387528,COCCOCCOCCOC,0
337,416487585,5387528,COCCOCCOCCOC,0
338,416487586,5387528,COCCOCCOCCOC,0
339,416487587,5387528,COCCOCCOCCOC,0
340,416487588,5387528,COCCOCCOCCOC,0
341,416487589,5387528,COCCOCCOCCOC,0
342,416487590,5387528,COCCOCCOCCOC,0
343,416487591,5387528,COCCOCCOCCOC,0
344,416487592,5387528,COCCOCCOCCOC,0
345,416487593,5387528,COCCOCCOCCOC,0
346,416487594,5387528,COCCOCCOCCOC,0
347,416487595,5387528,COCCOCCOCCOC,0
348,416487596,5387528,COCCOCCOCCOC,0
349,416487597,5387528,COCCOCCOCCOC,0
350,416487598,5387528,COCCOCCOCCOC,0
351,416487599,5387528,COCCOCCOCCOC,0
352,416487600,5387528,COCCOCCOCCOC,0
353,416487601,5387528,COCCOCCOCCOC,0
354,416487602,5387528,COCCOCCOCCOC,0
355,416487603,5387528,COCCOCCOCCOC,0
356,416487604,5387528,COCCOCCOCCOC,0
357,416487605,5387528,COCCOCCOCCOC,0
358,416487606,5387528,COCCOCCOCCOC,0
359,416487607,5387528,COCCOCCOCCOC,0
360,416487608,5387528,COCCOCCOCCOC,0
361,416487609,5387528,COCCOCCOCCOC,0
362,416487610,5387528,COCCOCCOCCOC,0
363,416487611,5387528,COCCOCCOCCOC,0
364,416487612,5387528,COCCOCCOCCOC,0
365,416487613,5387528,COCCOCCOCCOC,0
366,416487614,5387528,COCCOCCOCCOC,0
367,416487615,5387528,COCCOCCOCCOC,0
368,416487616,5387528,COCCOCCOCCOC,0
369,416487617,5387528,COCCOCCOCCOC,0
370,416487618,5387528,COCCOCCOCCOC,0
371,416487619,5387528,COCCOCCOCCOC,0
372,416487620,5387528,COCCOCCOCCOC,0
373,416487621,5387528,COCCOCCOCCOC,0
374,416487622,5387528,COCCOCCOCCOC,0
375,416487623,5387528,COCCOCCOCCOC,0
376,416487624,5387528,COCCOCCOCCOC,0
377,416487625,5387528,COCCOCCOCCOC,0
378,416487626,5387528,COCCOCCOCCOC,0
379,416487627,5387528,COCCOCCOCCOC,0
380,416487628,5387528,COCCOCCOCCOC,0
381,416487629,5387528,COCCOCCOCCOC,0
382,416487630,5387528,COCCOCCOCCOC,0
383,416487631,5387528,COCCOCCOCCOC,0
384,416487632,5387528,COCCOCCOCCOC,0
385,416487633,5387528,COCCOCCOCCOC,0
386,416487634,5387528,COCCOCCOCCOC,0
387,416487635,5387528,COCCOCCOCCOC,0
388,416487636,5387528,COCCOCCOCCOC,0
389,416487637,5387528,COCCOCCOCCOC,0
390,416487638,5387528,COCCOCCOCCOC,0
391,416487639,5387528,COCCOCCOCCOC,0
392,416487640,5387528,COCCOCCOCCOC,0
393,416487641,5387528,COCCOCCOCCOC,0
394,416487642,5387528,COCCOCCOCCOC,0
395,416487643,5387528,COCCOCCOCCOC,0
396,416487644,5387528,COCCOCCOCCOC,0
397,416487645,5387528,COCCOCCOCCOC,0
398,416487646,5387528,COCCOCCOCCOC,0
399,416487647,5387528,COCCOCCOCCOC,0
400,416487648,5387528,COCCOCCOCCOC,0
401,416487649,5387528,COCCOCCOCCOC,0
402,416487650,5387528,COCCOCCOCCOC,0
403,416487651,5387528,COCCOCCOCCOC,0
404,416487652,5387528,COCCOCCOCCOC,0
405,416487653,5387528,COCCOCCOCCOC,0
406,416487654,5387528,COCCOCCOCCOC,0
407,416487655,5387528,COCCOCCOCCOC,0
408,416487656,5387528,COCCOCCOCCOC,0
409,416487657,5387528,COCCOCCOCCOC,0
410,416487658,5387528,COCCOCCOCCOC,0
411,416487659,5387528,COCCOCCOCCOC,0
412,416487660,5387528,COCCOCCOCCOC,0
413,416487661,5387528,COCCOCCOCCOC,0
414,416487662,5387528,COCCOCCOCCOC,0
415,416487663,5387528,COCCOCCOCCOC,0
416,416487664,5387528,COCCOCCOCCOC,0
417,416487665,5387528,COCCOCCOCCOC,0
418,416487666,5387528,COCCOCCOCCOC,0
419,416487667,5387528,COCCOCCOCCOC,0
420,416487668,5387528,COCCOCCOCCOC,0
421,416487669,5387528,COCCOCCOCCOC,0
422,416487670,5387528,COCCOCCOCCOC,0
423,416487671,5387528,COCCOCCOCCOC,0
424,416487672,5387528,COCCOCCOCCOC,0
425,416487673,5387528,COCCOCCOCCOC,0
426,416487674,5387528,COCCOCCOCCOC,0
427,416487675,5387528,COCCOCCOCCOC,0
428,416487676,5387528,COCCOCCOCCOC,0
429,416487677,5387528,COCCOCCOCCOC,0
430,416487678,5387528,COCCOCCOCCOC,0
431,416487679,5387528,COCCOCCOCCOC,0
432,416487680,5387528,COCCOCCOCCOC,0
433,416487681,5387528,COCCOCCOCCOC,0
434,416487682,5387528,COCCOCCOCCOC,0
435,416487683,5387528,COCCOCCOCCOC,0
436,416487684,5387528,COCCOCCOCCOC,0
437,416487685,5387528,COCCOCCOCCOC,0
438,416487686,5387528,COCCOCCOCCOC,0
439,416487687,5387528,COCCOCCOCCOC,0
440,416487688,5387528,COCCOCCOCCOC,0
441,416487689,5387528,COCCOCCOCCOC,0
442,416487690,5387528,COCCOCCOCCOC,0
443,416487691,5387528,COCCOCCOCCOC,0
444,416487692,5387528,COCCOCCOCCOC,0
445,416487693,5387528,COCCOCCOCCOC,0
446,416487694,5387528,COCCOCCOCCOC,0
447,416487695,5387528,COCCOCCOCCOC,0
448,416487696,5387528,COCCOCCOCCOC,0
449,416487697,5387528,COCCOCCOCCOC,0
450,416487698,5387528,COCCOCCOCCOC,0
451,416487699,5387528,COCCOCCOCCOC,0
452,416487700,5387528,COCCOCCOCCOC,0
453,416487701,5387528,COCCOCCOCCOC,0
454,416487702,5387528,COCCOCCOCCOC,0
455,416487703,5387528,COCCOCCOCCOC,0
456,416487704,5387528,COCCOCCOCCOC,0
457,416487705,5387528,COCCOCCOCCOC,0
458,416487706,5387528,COCCOCCOCCOC,0
459,416487707,5387528,COCCOCCOCCOC,0
460,416487708,5387528,COCCOCCOCCOC,0
461,416487709,5387528,COCCOCCOCCOC,0
462,416487710,5387528,COCCOCCOCCOC,0
463,416487711,5387528,COCCOCCOCCOC,0
464,416487712,5387528,COCCOCCOCCOC,0
465,416487713,5387528,COCCOCCOCCOC,0
466,416487714,5387528,COCCOCCOCCOC,0
467,416487715,5387528,COCCOCCOCCOC,0
468,416487716,5387528,COCCOCCOCCOC,0
469,416487717,5387528,COCCOCCOCCOC,0
470,416487718,5387528,COCCOCCOCCOC,0
471,416487719,5387528,COCCOCCOCCOC,0
472,416487720,5387528,COCCOCCOCCOC,0
473,416487721,5387528,COCCOCCOCCOC,0
474,416487722,5387528,COCCOCCOCCOC,0
475,416487723,5387528,COCCOCCOCCOC,0
476,416487724,5387528,COCCOCCOCCOC,0
477,416487725,5387528,COCCOCCOCCOC,0
478,416487726,5387528,COCCOCCOCCOC,0
479,416487727,5387528,COCCOCCOCCOC,0
480,416487728,5387528,COCCOCCOCCOC,0
481,416487729,5387528,COCCOCCOCCOC,0
482,416487730,5387528,COCCOCCOCCOC,0
483,416487731,5387528,COCCOCCOCCOC,0
484,416487732,5387528,COCCOCCOCCOC,0
485,416487733,5387528,COCCOCCOCCOC,0
486,416487734,5387528,COCCOCCOCCOC,0
487,416487735,5387528,COCCOCCOCCOC,0
488,416487736,5387528,COCCOCCOCCOC,0
489,416487737,5387528,COCCOCCOCCOC,0
490,416487738,5387528,COCCOCCOCCOC,0
491,416487739,5387528,COCCOCCOCCOC,0
492,416487740,5387528,COCCOCCOCCOC,0
493,416487741,5387528,COCCOCCOCCOC,0
494,416487742,5387528,COCCOCCOCCOC,0
495,416487743,5387528,COCCOCCOCCOC,0
496,416487744,5387528,COCCOCCOCCOC,0
497,416487745,5387528,COCCOCCOCCOC,0
498,416487746,5387528,COCCOCCOCCOC,0
499,416487747,5387528,COCCOCCOCCOC,0
500,416487748,5387528,COCCOCCOCCOC,0
501,416487749,5387528,COCCOCCOCCOC,0
502,416487750,5387528,COCCOCCOCCOC,0
503,416487751,5387528,COCCOCCOCCOC,0
504,416487752,5387528,COCCOCCOCCOC,0
505,416487753,5387528,COCCOCCOCCOC,0
506,416487754,5387528,COCCOCCOCCOC,0
507,416487755,5387528,COCCOCCOCCOC,0
508,416487756,5387528,COCCOCCOCCOC,0
509,416487757,5387528,COCCOCCOCCOC,0
510,416487758,5387528,COCCOCCOCCOC,0
511,416487759,5387528,COCCOCCOCCOC,0
512,416487760,5387528,COCCOCCOCCOC,0
513,416487761,5387528,COCCOCCOCCOC,0
514,416487762,5387528,COCCOCCOCCOC,0
515,416487763,5387528,COCCOCCOCCOC,0
516,416487764,5387528,COCCOCCOCCOC,0
517,416487765,5387528,COCCOCCOCCOC,0
518,416487766,5387528,COCCOCCOCCOC,0
519,416487767,5387528,COCCOCCOCCOC,0
520,416487768,5387528,COCCOCCOCCOC,0
521,416487769,5387528,COCCOCCOCCOC,0
522,416487770,5387528,COCCOCCOCCOC,0
523,416487771,5387528,COCCOCCOCCOC,0
524,416487772,5387528,COCCOCCOCCOC,0
525,416487773,5387528,COCCOCCOCCOC,0
526,416487774,5387528,COCCOCCOCCOC,0
527,416487775,5387528,COCCOCCOCCOC,0
528,416487776,5387528,COCCOCCOCCOC,0
529,416487777,5387528,COCCOCCOCCOC,0
530,416487778,5387528,COCCOCCOCCOC,0
531,416487779,5387528,COCCOCCOCCOC,0
532,416487780,5387528,COCCOCCOCCOC,0
533,416487781,5387528,COCCOCCOCCOC,0
534,416487782,5387528,COCCOCCOCCOC,0
535,416487783,5387528,COCCOCCOCCOC,0
536,416487784,5387528,COCCOCCOCCOC,0
537,416487785,5387528,COCCOCCOCCOC,0
538,416487786,5387528,COCCOCCOCCOC,0
539,416487787,5387528,COCCOCCOCCOC,0
540,416487788,5387528,COCCOCCOCCOC,0
541,416487789,5387528,COCCOCCOCCOC,0
542,416487790,5387528,COCCOCCOCCOC,0
543,416487791,5387528,COCCOCCOCCOC,0
544,416487792,5387528,COCCOCCOCCOC,0
545,416487793,5387528,COCCOCCOCCOC,0
546,416487794,5387528,COCCOCCOCCOC,0
547,416487795,5387528,COCCOCCOCCOC,0
548,416487796,5387528,COCCOCCOCCOC,0
549,416487797,5387528,COCCOCCOCCOC,0
550,416487798,5387528,COCCOCCOCCOC,0
551,416487799,5387528,COCCOCCOCCOC,0
552,416487800,5387528,COCCOCCOCCOC,0
553,416487801,5387528,COCCOCCOCCOC,0
554,416487802,5387528,COCCOCCOCCOC,0
555,416487803,5387528,COCCOCCOCCOC,0
556,416487804,5387528,COCCOCCOCCOC,0
557,416487805,5387528,COCCOCCOCCOC,0
558,416487806,5387528,COCCOCCOCCOC,0
559,416487807,5387528,COCCOCCOCCOC,0
560,416487808,5387528,COCCOCCOCCOC,0
561,416487809,5387528,COCCOCCOCCOC,0
562,416487810,5387528,COCCOCCOCCOC,0
563,416487811,5387528,COCCOCCOCCOC,0
564,416487812,5387528,COCCOCCOCCOC,0
565,416487813,5387528,COCCOCCOCCOC,0
566,416487814,5387528,COCCOCCOCCOC,0
567,416487815,5387528,COCCOCCOCCOC,0
568,416487816,5387528,COCCOCCOCCOC,0
569,416487817,5387528,COCCOCCOCCOC,0
570,416487818,5387528,COCCOCCOCCOC,0
571,416487819,5387528,COCCOCCOCCOC,0
572,416487820,5387528,COCCOCCOCCOC,0
573,416487821,5387528,COCCOCCOCCOC,0
574,416487822,5387528,COCCOCCOCCOC,0
575,416487823,5387528,COCCOCCOCCOC,0
576,416487824,5387528,COCCOCCOCCOC,0
577,416487825,5387528,COCCOCCOCCOC,0
578,416487826,5387528,COCCOCCOCCOC,0
579,416487827,5387528,COCCOCCOCCOC,0
580,416487828,5387528,COCCOCCOCCOC,0
581,416487829,5387528,COCCOCCOCCOC,0
582,416487830,5387528,COCCOCCOCCOC,0
583,416487831,5387528,COCCOCCOCCOC,0
584,416487832,5387528,COCCOCCOCCOC,0
585,416487833,5387528,COCCOCCOCCOC,0
586,416487834,5387528,COCCOCCOCCOC,0
587,416487835,5387528,COCCOCCOCCOC,0
588,416487836,5387528,COCCOCCOCCOC,0
589,416487837,5387528,COCCOCCOCCOC,0
590,416487838,5387528,COCCOCCOCCOC,0
591,416487839,5387528,COCCOCCOCCOC,0
592,416487840,5387528,COCCOCCOCCOC,0
593,416487841,5387528,COCCOCCOCCOC,0
594,416487842,5387528,COCCOCCOCCOC,0
595,416487843,5387528,COCCOCCOCCOC,0
596,416487844,5387528,COCCOCCOCCOC,0
597,416487845,5387528,COCCOCCOCCOC,0
598,416487846,5387528,COCCOCCOCCOC,0
599,416487847,5387528,COCCOCCOCCOC,0
600,416487848,5387528,COCCOCCOCCOC,0
601,416487849,5387528,COCCOCCOCCOC,0
602,416487850,5387528,COCCOCCOCCOC,0
603,416487851,5387528,COCCOCCOCCOC,0
604,416487852,5387528,COCCOCCOCCOC,0
605,416487853,5387528,COCCOCCOCCOC,0
606,416487854,5387528,COCCOCCOCCOC,0
607,416487855,5387528,COCCOCCOCCOC,0
608,416487856,5387528,COCCOCCOCCOC,0
609,416487857,5387528,COCCOCCOCCOC,0
610,416487858,5387528,COCCOCCOCCOC,0
611,416487859,5387528,COCCOCCOCCOC,0
612,416487860,5387528,COCCOCCOCCOC,0
613,416487861,5387528,COCCOCCOCCOC,0
614,416487862,5387528,COCCOCCOCCOC,0
615,416487863,5387528,COCCOCCOCCOC,0
616,416487864,5387528,COCCOCCOCCOC,0
617,416487865,5387528,COCCOCCOCCOC,0
618,416487866,5387528,COCCOCCOCCOC,0
619,416487867,5387528,COCCOCCOCCOC,0
620,416487868,5387528,COCCOCCOCCOC,0
621,416487869,5387528,COCCOCCOCCOC,0
622,416487870,5387528,COCCOCCOCCOC,0
623,416487871,5387528,COCCOCCOCCOC,0
624,416487872,5387528,COCCOCCOCCOC,0
625,416487873,5387528,COCCOCCOCCOC,0
626,416487874,5387528,COCCOCCOCCOC,0
627,416487875,5387528,COCCOCCOCCOC,0
628,416487876,5387528,COCCOCCOCCOC,0
629,416487877,5387528,COCCOCCOCCOC,0
630,416487878,5387528,COCCOCCOCCOC,0
631,416487879,5387528,COCCOCCOCCOC,0
632,416487880,5387528,COCCOCCOCCOC,0
633,416487881,5387528,COCCOCCOCCOC,0
634,416487882,5387528,COCCOCCOCCOC,0
635,416487883,5387528,COCCOCCOCCOC,0
636,416487884,5387528,COCCOCCOCCOC,0
637,416487885,5387528,COCCOCCOCCOC,0
638,416487886,5387528,COCCOCCOCCOC,0
639,416487887,5387528,COCCOCCOCCOC,0
640,416487888,5387528,COCCOCCOCCOC,0
641,416487889,5387528,COCCOCCOCCOC,0
642,416487890,5387528,COCCOCCOCCOC,0
643,416487891,5387528,COCCOCCOCCOC,0
644,416487892,5387528,COCCOCCOCCOC,0
645,416487893,5387528,COCCOCCOCCOC,0
646,416487894,5387528,COCCOCCOCCOC,0
647,416487895,5387528,COCCOCCOCCOC,0
648,416487896,5387528,COCCOCCOCCOC,0
649,416487897,5387528,COCCOCCOCCOC,0
650,416487898,5387528,COCCOCCOCCOC,0
651,416487899,5387528,COCCOCCOCCOC,0
652,416487900,5387528,COCCOCCOCCOC,0
653,416487901,5387528,COCCOCCOCCOC,0
654,416487902,5387528,COCCOCCOCCOC,0
655,416487903,5387528,COCCOCCOCCOC,0
656,416487904,5387528,COCCOCCOCCOC,0
657,416487905,5387528,COCCOCCOCCOC,0
658,416487906,5387528,COCCOCCOCCOC,0
659,416487907,5387528,COCCOCCOCCOC,0
660,416487908,5387528,COCCOCCOCCOC,0
661,416487909,5387528,COCCOCCOCCOC,0
662,416487910,5387528,COCCOCCOCCOC,0
663,416487911,5387528,COCCOCCOCCOC,0
664,416487912,5387528,COCCOCCOCCOC,0
665,416487913,5387528,COCCOCCOCCOC,0
666,416487914,5387528,COCCOCCOCCOC,0
667,416487915,5387528,COCCOCCOCCOC,0
668,416487916,5387528,COCCOCCOCCOC,0
669,416487917,5387528,COCCOCCOCCOC,0
670,416487918,5387528,COCCOCCOCCOC,0
671,416487919,5387528,COCCOCCOCCOC,0
672,416487920,5387528,COCCOCCOCCOC,0
673,416487921,5387528,COCCOCCOCCOC,0
674,416487922,5387528,COCCOCCOCCOC,0
675,416487923,5387528,COCCOCCOCCOC,0
676,416487924,5387528,COCCOCCOCCOC,0
677,416487925,5387528,COCCOCCOCCOC,0
678,416487926,5387528,COCCOCCOCCOC,0
679,416487927,5387528,COCCOCCOCCOC,0
680,416487928,5387528,COCCOCCOCCOC,0
681,416487929,5387528,COCCOCCOCCOC,0
682,416487930,5387528,COCCOCCOCCOC,0
683,416487931,5387528,COCCOCCOCCOC,0
684,416487932,5387528,COCCOCCOCCOC,0
685,416487933,5387528,COCCOCCOCCOC,0
686,416487934,5387528,COCCOCCOCCOC,0
687,416487935,5387528,COCCOCCOCCOC,0
688,416487936,5387528,COCCOCCOCCOC,0
689,416487937,5387528,COCCOCCOCCOC,0
690,416487938,5387528,COCCOCCOCCOC,0
691,416487939,5387528,COCCOCCOCCOC,0
692,416487940,5387528,COCCOCCOCCOC,0
693,416487941,5387528,COCCOCCOCCOC,0
694,416487942,5387528,COCCOCCOCCOC,0
695,416487943,5387528,COCCOCCOCCOC,0
696,416487944,5387528,COCCOCCOCCOC,0
697,416487945,5387528,COCCOCCOCCOC,0
698,416487946,5387528,COCCOCCOCCOC,0
699,416487947,5387528,COCCOCCOCCOC,0
700,416487948,5387528,COCCOCCOCCOC,0
701,416487949,5387528,COCCOCCOCCOC,0
702,416487950,5387528,COCCOCCOCCOC,0
703,416487951,5387528,COCCOCCOCCOC,0
704,416487952,5387528,COCCOCCOCCOC,0
705,416487953,5387528,COCCOCCOCCOC,0
706,416487954,5387528,COCCOCCOCCOC,0
707,416487955,5387528,COCCOCCOCCOC,0
708,416487956,5387528,COCCOCCOCCOC,0
709,416487957,5387528,COCCOCCOCCOC,0
710,416487958,5387528,COCCOCCOCCOC,0
711,416487959,5387528,COCCOCCOCCOC,0
712,416487960,5387528,COCCOCCOCCOC,0
713,416487961,5387528,COCCOCCOCCOC,0
714,416487962,5387528,COCCOCCOCCOC,0
715,416487963,5387528,COCCOCCOCCOC,0
716,416487964,5387528,COCCOCCOCCOC,0
717,416487965,5387528,COCCOCCOCCOC,0
718,416487966,5387528,COCCOCCOCCOC,0
719,416487967,5387528,COCCOCCOCCOC,0
720,416487968,5387528,COCCOCCOCCOC,0
721,416487969,5387528,COCCOCCOCCOC,0
722,416487970,5387528,COCCOCCOCCOC,0
723,416487971,5387528,COCCOCCOCCOC,0
724,416487972,5387528,COCCOCCOCCOC,0
725,416487973,5387528,COCCOCCOCCOC,0
726,416487974,5387528,COCCOCCOCCOC,0
727,416487975,5387528,COCCOCCOCCOC,0
728,416487976,5387528,COCCOCCOCCOC,0
729,416487977,5387528,COCCOCCOCCOC,0
730,416487978,5387528,COCCOCCOCCOC,0
731,416487979,5387528,COCCOCCOCCOC,0
732,416487980,5387528,COCCOCCOCCOC,0
733,416487981,5387528,COCCOCCOCCOC,0
734,416487982,5387528,COCCOCCOCCOC,0
735,416487983,5387528,COCCOCCOCCOC,0
736,416487984,5387528,COCCOCCOCCOC,0
737,416487985,5387528,COCCOCCOCCOC,0
738,416487986,5387528,COCCOCCOCCOC,0
739,416487987,5387528,COCCOCCOCCOC,0
740,416487988,5387528,COCCOCCOCCOC,0
741,416487989,5387528,COCCOCCOCCOC,0
742,416487990,5387528,COCCOCCOCCOC,0
743,416487991,5387528,COCCOCCOCCOC,0
744,416487992,5387528,COCCOCCOCCOC,0
745,416487993,5387528,COCCOCCOCCOC,0
746,416487994,5387528,COCCOCCOCCOC,0
747,416487995,5387528,COCCOCCOCCOC,0
748,416487996,5387528,COCCOCCOCCOC,0
749,416487997,5387528,COCCOCCOCCOC,0
750,416487998,5387528,COCCOCCOCCOC,0
751,416487999,5387528,COCCOCCOCCOC,0
752,416488000,5387528,COCCOCCOCCOC,0
753,416488001,5387528,COCCOCCOCCOC,0
754,416488002,5387528,COCCOCCOCCOC,0
755,416488003,5387528,COCCOCCOCCOC,0
756,416488004,5387528,COCCOCCOCCOC,0
757,416488005,5387528,COCCOCCOCCOC,0
758,416488006,5387528,COCCOCCOCCOC,0
759,416488007,5387528,COCCOCCOCCOC,0
760,416488008,5387528,COCCOCCOCCOC,0
761,416488009,5387528,COCCOCCOCCOC,0
762,416488010,5387528,COCCOCCOCCOC,0
763,416488011,5387528,COCCOCCOCCOC,0
764,416488012,5387528,COCCOCCOCCOC,0
765,416488013,5387528,COCCOCCOCCOC,0
766,416488014,5387528,COCCOCCOCCOC,0
767,416488015,5387528,COCCOCCOCCOC,0
768,416488016,5387528,COCCOCCOCCOC,0
769,416488017,5387528,COCCOCCOCCOC,0
770,416488018,5387528,COCCOCCOCCOC,0
771,416488019,5387528,COCCOCCOCCOC,0
772,416488020,5387528,COCCOCCOCCOC,0
773,416488021,5387528,COCCOCCOCCOC,0
774,416488022,5387528,COCCOCCOCCOC,0
775,416488023,5387528,COCCOCCOCCOC,0
776,416488024,5387528,COCCOCCOCCOC,0
777,416488025,5387528,COCCOCCOCCOC,0
778,416488026,5387528,COCCOCCOCCOC,0
779,416488027,5387528,COCCOCCOCCOC,0
780,416488028,5387528,COCCOCCOCCOC,0
781,416488029,5387528,COCCOCCOCCOC,0
782,416488030,5387528,COCCOCCOCCOC,0
783,416488031,5387528,COCCOCCOCCOC,0
784,416488032,5387528,COCCOCCOCCOC,0
785,416488033,5387528,COCCOCCOCCOC,0
786,416488034,5387528,COCCOCCOCCOC,0
787,416488035,5387528,COCCOCCOCCOC,0
788,416488036,5387528,COCCOCCOCCOC,0
789,416488037,5387528,COCCOCCOCCOC,0
790,416488038,5387528,COCCOCCOCCOC,0
791,416488039,5387528,COCCOCCOCCOC,0
792,416488040,5387528,COCCOCCOCCOC,0
793,416488041,5387528,COCCOCCOCCOC,0
794,416488042,5387528,COCCOCCOCCOC,0
795,416488043,5387528,COCCOCCOCCOC,0
796,416488044,5387528,COCCOCCOCCOC,0
797,416488045,5387528,COCCOCCOCCOC,0
798,416488046,5387528,COCCOCCOCCOC,0
799,416488047,5387528,COCCOCCOCCOC,0
800,416488048,5387528,COCCOCCOCCOC,0
801,416488049,5387528,COCCOCCOCCOC,0
802,416488050,5387528,COCCOCCOCCOC,0
803,416488051,5387528,COCCOCCOCCOC,0
804,416488052,5387528,COCCOCCOCCOC,0
805,416488053,5387528,COCCOCCOCCOC,0
806,416488054,5387528,COCCOCCOCCOC,0
807,416488055,5387528,COCCOCCOCCOC,0
808,416488056,5387528,COCCOCCOCCOC,0
809,416488057,5387528,COCCOCCOCCOC,0
810,416488058,5387528,COCCOCCOCCOC,0
811,416488059,5387528,COCCOCCOCCOC,0
812,416488060,5387528,COCCOCCOCCOC,0
813,416488061,5387528,COCCOCCOCCOC,0
814,416488062,5387528,COCCOCCOCCOC,0
815,416488063,5387528,COCCOCCOCCOC,0
816,416488064,5387528,COCCOCCOCCOC,0
817,416488065,5387528,COCCOCCOCCOC,0
818,416488066,5387528,COCCOCCOCCOC,0
819,416488067,5387528,COCCOCCOCCOC,0
820,416488068,5387528,COCCOCCOCCOC,0
821,416488069,5387528,COCCOCCOCCOC,0
822,416488070,5387528,COCCOCCOCCOC,0
823,416488071,5387528,COCCOCCOCCOC,0
824,416488072,5387528,COCCOCCOCCOC,0
825,416488073,5387528,COCCOCCOCCOC,0
826,416488074,5387528,COCCOCCOCCOC,0
827,416488075,5387528,COCCOCCOCCOC,0
828,416488076,5387528,COCCOCCOCCOC,0
829,416488077,5387528,COCCOCCOCCOC,0
830,416488078,5387528,COCCOCCOCCOC,0
831,416488079,5387528,COCCOCCOCCOC,0
832,416488080,5387528,COCCOCCOCCOC,0
833,416488081,5387528,COCCOCCOCCOC,0
834,416488082,5387528,COCCOCCOCCOC,0
835,416488083,5387528,COCCOCCOCCOC,0
836,416488084,5387528,COCCOCCOCCOC,0
837,416488085,5387528,COCCOCCOCCOC,0
838,416488086,5387528,COCCOCCOCCOC,0
839,416488087,5387528,COCCOCCOCCOC,0
840,416488088,5387528,COCCOCCOCCOC,0
841,416488089,5387528,COCCOCCOCCOC,0
842,416488090,5387528,COCCOCCOCCOC,0
843,416488091,5387528,COCCOCCOCCOC,0
844,416488092,5387528,COCCOCCOCCOC,0
845,416488093,5387528,COCCOCCOCCOC,0
846,416488094,5387528,COCCOCCOCCOC,0
847,416488095,5387528,COCCOCCOCCOC,0
848,416488096,5387528,COCCOCCOCCOC,0
849,416488097,5387528,COCCOCCOCCOC,0
850,416488098,5387528,COCCOCCOCCOC,0
851,416488099,5387528,COCCOCCOCCOC,0
852,416488100,5387528,COCCOCCOCCOC,0
853,416488101,5387528,COCCOCCOCCOC,0
854,416488102,5387528,COCCOCCOCCOC,0
855,416488103,5387528,COCCOCCOCCOC,0
856,416488104,5387528,COCCOCCOCCOC,0
857,416488105,5387528,COCCOCCOCCOC,0
858,416488106,5387528,COCCOCCOCCOC,0
859,416488107,5387528,COCCOCCOCCOC,0
860,416488108,5387528,COCCOCCOCCOC,0
861,416488109,5387528,COCCOCCOCCOC,0
862,416488110,5387528,COCCOCCOCCOC,0
863,416488111,5387528,COCCOCCOCCOC,0
864,416488112,5387528,COCCOCCOCCOC,0
865,416488113,5387528,COCCOCCOCCOC,0
866,416488114,5387528,COCCOCCOCCOC,0
867,416488115,5387528,COCCOCCOCCOC,0
868,416488116,5387528,COCCOCCOCCOC,0
869,416488117,5387528,COCCOCCOCCOC,0
870,416488118,5387528,COCCOCCOCCOC,0
871,416488119,5387528,COCCOCCOCCOC,0
872,416488120,5387528,COCCOCCOCCOC,0
873,416488121,5387528,COCCOCCOCCOC,0
874,416488122,5387528,COCCOCCOCCOC,0
875,416488123,5387528,COCCOCCOCCOC,0
876,416488124,5387528,COCCOCCOCCOC,0
877,416488125,5387528,COCCOCCOCCOC,0
878,416488126,5387528,COCCOCCOCCOC,0
879,416488127,5387528,COCCOCCOCCOC,0
880,416488128,5387528,COCCOCCOCCOC,0
881,416488129,5387528,COCCOCCOCCOC,0
882,416488130,5387528,COCCOCCOCCOC,0
883,416488131,5387528,COCCOCCOCCOC,0
884,416488132,5387528,COCCOCCOCCOC,0
885,416488133,5387528,COCCOCCOCCOC,0
886,416488134,5387528,COCCOCCOCCOC,0
887,416488135,5387528,COCCOCCOCCOC,0
888,416488136,5387528,COCCOCCOCCOC,0
889,416488137,5387528,COCCOCCOCCOC,0
890,416488138,5387528,COCCOCCOCCOC,0
891,416488139,5387528,COCCOCCOCCOC,0
892,416488140,5387528,COCCOCCOCCOC,0
893,416488141,5387528,COCCOCCOCCOC,0
894,416488142,5387528,COCCOCCOCCOC,0
895,416488143,5387528,COCCOCCOCCOC,0
896,416488144,5387528,COCCOCCOCCOC,0
897,416488145,5387528,COCCOCCOCCOC,0
898,416488146,5387528,COCCOCCOCCOC,0
899,416488147,5387528,COCCOCCOCCOC,0
900,416488148,5387528,COCCOCCOCCOC,0
901,416488149,5387528,COCCOCCOCCOC,0
902,416488150,5387528,COCCOCCOCCOC,0
903,416488151,5387528,COCCOCCOCCOC,0
904,416488152,5387528,COCCOCCOCCOC,0
905,416488153,5387528,COCCOCCOCCOC,0
906,416488154,5387528,COCCOCCOCCOC,0
907,416488155,5387528,COCCOCCOCCOC,0
908,416488156,5387528,COCCOCCOCCOC,0
909,416488157,5387528,COCCOCCOCCOC,0
910,416488158,5387528,COCCOCCOCCOC,0
911,416488159,5387528,COCCOCCOCCOC,0
912,416488160,5387528,COCCOCCOCCOC,0
913,416488161,5387528,COCCOCCOCCOC,0
914,416488162,5387528,COCCOCCOCCOC,0
915,416488163,5387528,COCCOCCOCCOC,0
916,416488164,5387528,COCCOCCOCCOC,0
917,416488165,5387528,COCCOCCOCCOC,0
918,416488166,5387528,COCCOCCOCCOC,0
919,416488167,5387528,COCCOCCOCCOC,0
920,416488168,5387528,COCCOCCOCCOC,0
921,416488169,5387528,COCCOCCOCCOC,0
922,416488170,5387528,COCCOCCOCCOC,0
923,416488171,5387528,COCCOCCOCCOC,0
924,416488172,5387528,COCCOCCOCCOC,0
925,416488173,5387528,COCCOCCOCCOC,0
926,416488174,5387528,COCCOCCOCCOC,0
927,416488175,5387528,COCCOCCOCCOC,0
928,416488176,5387528,COCCOCCOCCOC,0
929,416488177,5387528,COCCOCCOCCOC,0
930,416488178,5387528,COCCOCCOCCOC,0
931,416488179,5387528,COCCOCCOCCOC,0
932,416488180,5387528,COCCOCCOCCOC,0
933,416488181,5387528,COCCOCCOCCOC,0
934,416488182,5387528,COCCOCCOCCOC,0
935,416488183,5387528,COCCOCCOCCOC,0
936,416488184,5387528,COCCOCCOCCOC,0
937,416488185,5387528,COCCOCCOCCOC,0
938,416488186,5387528,COCCOCCOCCOC,0
939,416488187,5387528,COCCOCCOCCOC,0
940,416488188,5387528,COCCOCCOCCOC,0
941,416488189,5387528,COCCOCCOCCOC,0
942,416488190,5387528,COCCOCCOCCOC,0
943,416488191,5387528,COCCOCCOCCOC,0
944,416488192,5387528,COCCOCCOCCOC,0
945,416488193,5387528,COCCOCCOCCOC,0
946,416488194,5387528,COCCOCCOCCOC,0
947,416488195,5387528,COCCOCCOCCOC,0
948,416488196,5387528,COCCOCCOCCOC,0
949,416488197,5387528,COCCOCCOCCOC,0
950,416488198,5387528,COCCOCCOCCOC,0
951,416488199,5387528,COCCOCCOCCOC,0
952,416488200,5387528,COCCOCCOCCOC,0
953,416488201,5387528,COCCOCCOCCOC,0
954,416488202,5387528,COCCOCCOCCOC,0
955,416488203,5387528,COCCOCCOCCOC,0
956,416488204,5387528,COCCOCCOCCOC,0
957,416488205,5387528,COCCOCCOCCOC,0
958,416488206,5387528,COCCOCCOCCOC,0
959,416488207,5387528,COCCOCCOCCOC,0
960,416488208,5387528,COCCOCCOCCOC,0
961,416488209,5387528,COCCOCCOCCOC,0
962,416488210,5387528,COCCOCCOCCOC,0
963,416488211,5387528,COCCOCCOCCOC,0
964,416488212,5387528,COCCOCCOCCOC,0
965,416488213,5387528,COCCOCCOCCOC,0
966,416488214,5387528,COCCOCCOCCOC,0
967,416488215,5387528,COCCOCCOCCOC,0
968,416488216,5387528,COCCOCCOCCOC,0
969,416488217,5387528,COCCOCCOCCOC,0
970,416488218,5387528,COCCOCCOCCOC,0
971,416488219,5387528,COCCOCCOCCOC,0
972,416488220,5387528,COCCOCCOCCOC,0
973,416488221,5387528,COCCOCCOCCOC,0
974,416488222,5387528,COCCOCCOCCOC,0
975,416488223,5387528,COCCOCCOCCOC,0
976,416488224,5387528,COCCOCCOCCOC,0
977,416488225,5387528,COCCOCCOCCOC,0
978,416488226,5387528,COCCOCCOCCOC,0
979,416488227,5387528,COCCOCCOCCOC,0
980,416488228,5387528,COCCOCCOCCOC,0
981,416488229,5387528,COCCOCCOCCOC,0
982,416488230,5387528,COCCOCCOCCOC,0
983,416488231,5387528,COCCOCCOCCOC,0
984,416488232,5387528,COCCOCCOCCOC,0
985,416488233,5387528,COCCOCCOCCOC,0
986,416488234,5387528,COCCOCCOCCOC,0
987,416488235,5387528,COCCOCCOCCOC,0
988,416488236,5387528,COCCOCCOCCOC,0
989,416488237,5387528,COCCOCCOCCOC,0
990,416488238,5387528,COCCOCCOCCOC,0
991,416488239,5387528,COCCOCCOCCOC,0
992,416488240,5387528,COCCOCCOCCOC,0
993,416488241,5387528,COCCOCCOCCOC,0
994,416488242,5387528,COCCOCCOCCOC,0
995,416488243,5387528,COCCOCCOCCOC,0
996,416488244,5387528,COCCOCCOCCOC,0
997,416488245,5387528,COCCOCCOCCOC,0
998,416488246,5387528,COCCOCCOCCOC,0
999,416488247,5387528,COCCOCCOCCOC,0
1000,416488248,5387528,COCCOCCOCCOC,0
1001,416488249,5387528,COCCOCCOCCOC,0
1002,416488250,5387528,COCCOCCOCCOC,0
1003,416488251,5387528,COCCOCCOCCOC,0
1004,416488252,5387528,COCCOCCOCCOC,0
1005,416488253,5387528,COCCOCCOCCOC,0
1006,416488254,5387528,COCCOCCOCCOC,0
1007,416488255,5387528,COCCOCCOCCOC,0
1008,416488256,5387528,COCCOCCOCCOC,0
1009,416488257,5387528,COCCOCCOCCOC,0
1010,416488258,5387528,COCCOCCOCCOC,0
1011,416488259,5387528,COCCOCCOCCOC,0
1012,416488260,5387528,COCCOCCOCCOC,0
1013,416488261,5387528,COCCOCCOCCOC,0
1014,416488262,5387528,COCCOCCOCCOC,0
1015,416488263,5387528,COCCOCCOCCOC,0
1016,416488264,5387528,COCCOCCOCCOC,0
1017,416488265,5387528,COCCOCCOCCOC,0
1018,416488266,5387528,COCCOCCOCCOC,0
1019,416488267,5387528,COCCOCCOCCOC,0
1020,416488268,5387528,COCCOCCOCCOC,0
1021,416488269,5387528,COCCOCCOCCOC,0
1022,416488270,5387528,COCCOCCOCCOC,0
1023,416488271,5387528,COCCOCCOCCOC,0
1024,416488272,5387528,COCCOCCOCCOC,0
1025,416488273,5387528,COCCOCCOCCOC,0
1026,416488274,5387528,COCCOCCOCCOC,0
1027,416488275,5387528,COCCOCCOCCOC,0
1028,416488276,5387528,COCCOCCOCCOC,0
1029,416488277,5387528,COCCOCCOCCOC,0
1030,416488278,5387528,COCCOCCOCCOC,0
1031,416488279,5387528,COCCOCCOCCOC,0
1032,416488280,5387528,COCCOCCOCCOC,0
1033,416488281,5387528,COCCOCCOCCOC,0
1034,416488282,5387528,COCCOCCOCCOC,0
1035,416488283,5387528,COCCOCCOCCOC,0
1036,416488284,5387528,COCCOCCOCCOC,0
1037,416488285,5387528,COCCOCCOCCOC,0
1038,416488286,5387528,COCCOCCOCCOC,0
1039,416488287,5387528,COCCOCCOCCOC,0
1040,416488288,5387528,COCCOCCOCCOC,0
1041,416488289,5387528,COCCOCCOCCOC,0
1042,416488290,5387528,COCCOCCOCCOC,0
1043,416488291,5387528,COCCOCCOCCOC,0
1044,416488292,5387528,COCCOCCOCCOC,0
1045,416488293,5387528,COCCOCCOCCOC,0
1046,416488294,5387528,COCCOCCOCCOC,0
1047,416488295,5387528,COCCOCCOCCOC,0
1048,416488296,5387528,COCCOCCOCCOC,0
1049,416488297,5387528,COCCOCCOCCOC,0
1050,416488298,5387528,COCCOCCOCCOC,0
1051,416488299,5387528,COCCOCCOCCOC,0
1052,416488300,5387528,COCCOCCOCCOC,0
1053,416488301,5387528,COCCOCCOCCOC,0
1054,416488302,5387528,COCCOCCOCCOC,0
1055,416488303,5387528,COCCOCCOCCOC,0
1056,416488304,5387528,COCCOCCOCCOC,0
1057,416488305,5387528,COCCOCCOCCOC,0
1058,416488306,5387528,COCCOCCOCCOC,0
1059,416488307,5387528,COCCOCCOCCOC,0
1060,416488308,5387528,COCCOCCOCCOC,0
1061,416488309,5387528,COCCOCCOCCOC,0
1062,416488310,5387528,COCCOCCOCCOC,0
1063,416488311,5387528,COCCOCCOCCOC,0
1064,416488312,5387528,COCCOCCOCCOC,0
1065,416488313,5387528,COCCOCCOCCOC,0
1066,416488314,5387528,COCCOCCOCCOC,0
1067,416488315,5387528,COCCOCCOCCOC,0
1068,416488316,5387528,COCCOCCOCCOC,0
1069,416488317,5387528,COCCOCCOCCOC,0
1070,416488318,5387528,COCCOCCOCCOC,0
1071,416488319,5387528,COCCOCCOCCOC,0
1072,416488320,5387528,COCCOCCOCCOC,0
1073,416488321,5387528,COCCOCCOCCOC,0
1074,416488322,5387528,COCCOCCOCCOC,0
1075,416488323,5387528,COCCOCCOCCOC,0
1076,416488324,5387528,COCCOCCOCCOC,0
1077,416488325,5387528,COCCOCCOCCOC,0
1078,416488326,5387528,COCCOCCOCCOC,0
1079,416488327,5387528,COCCOCCOCCOC,0
1080,416488328,5387528,COCCOCCOCCOC,0
1081,416488329,5387528,COCCOCCOCCOC,0
1082,416488330,5387528,COCCOCCOCCOC,0
1083,416488331,5387528,COCCOCCOCCOC,0
1084,416488332,5387528,COCCOCCOCCOC,0
1085,416488333,5387528,COCCOCCOCCOC,0
1086,416488334,5387528,COCCOCCOCCOC,0
1087,416488335,5387528,COCCOCCOCCOC,0
1088,416488336,5387528,COCCOCCOCCOC,0
1089,416488337,5387528,COCCOCCOCCOC,0
1090,416488338,5387528,COCCOCCOCCOC,0
1091,416488339,5387528,COCCOCCOCCOC,0
1092,416488340,5387528,COCCOCCOCCOC,0
1093,416488341,5387528,COCCOCCOCCOC,0
1094,416488342,5387528,COCCOCCOCCOC,0
1095,416488343,5387528,COCCOCCOCCOC,0
1096,416488344,5387528,COCCOCCOCCOC,0
1097,416488345,5387528,COCCOCCOCCOC,0
1098,416488346,5387528,COCCOCCOCCOC,0
1099,416488347,5387528,COCCOCCOCCOC,0
1100,416488348,5387528,COCCOCCOCCOC,0
1101,416488349,5387528,COCCOCCOCCOC,0
1102,416488350,5387528,COCCOCCOCCOC,0
1103,416488351,5387528,COCCOCCOCCOC,0
1104,416488352,5387528,COCCOCCOCCOC,0
1105,416488353,5387528,COCCOCCOCCOC,0
1106,416488354,5387528,COCCOCCOCCOC,0
1107,416488355,5387528,COCCOCCOCCOC,0
1108,416488356,5387528,COCCOCCOCCOC,0
1109,416488357,5387528,COCCOCCOCCOC,0
1110,416488358,5387528,COCCOCCOCCOC,0
1111,416488359,5387528,COCCOCCOCCOC,0
1112,416488360,5387528,COCCOCCOCCOC,0
1113,416488361,5387528,COCCOCCOCCOC,0
1114,416488362,5387528,COCCOCCOCCOC,0
1115,416488363,5387528,COCCOCCOCCOC,0
1116,416488364,5387528,COCCOCCOCCOC,0
1117,416488365,5387528,COCCOCCOCCOC,0
1118,416488366,5387528,COCCOCCOCCOC,0
1119,416488367,5387528,COCCOCCOCCOC,0
1120,416488693,5387528,COCCOCCOCCOC,0
1121,416488694,5387528,COCCOCCOCCOC,0
1122,416488695,5387528,COCCOCCOCCOC,0
1123,416488696,5387528,COCCOCCOCCOC,0
1124,416488697,5387528,COCCOCCOCCOC,0
1125,416488698,5387528,COCCOCCOCCOC,0
1126,416488699,5387528,COCCOCCOCCOC,0
1127,416488700,5387528,COCCOCCOCCOC,0
1128,416488701,5387528,COCCOCCOCCOC,0
1129,416488702,5387528,COCCOCCOCCOC,0
1130,416488703,5387528,COCCOCCOCCOC,0
1131,416488704,5387528,COCCOCCOCCOC,0
1132,416488705,5387528,COCCOCCOCCOC,0
1133,416488706,5387528,COCCOCCOCCOC,0
1134,416488707,5387528,COCCOCCOCCOC,0
1135,416488708,5387528,COCCOCCOCCOC,0
1136,416488709,5387528,COCCOCCOCCOC,0
1137,416488710,5387528,COCCOCCOCCOC,0
1138,416488711,5387528,COCCOCCOCCOC,0
1139,416488712,5387528,COCCOCCOCCOC,0
1140,416488858,5387528,COCCOCCOCCOC,0
1141,416488859,5387528,COCCOCCOCCOC,0
1142,416488860,5387528,COCCOCCOCCOC,0
1143,416488861,5387528,COCCOCCOCCOC,0
1144,416488862,5387528,COCCOCCOCCOC,0
1145,416488863,5387528,COCCOCCOCCOC,0
1146,416488864,5387528,COCCOCCOCCOC,0
1147,416488865,5387528,COCCOCCOCCOC,0
1148,416488866,5387528,COCCOCCOCCOC,0
1149,416488867,5387528,COCCOCCOCCOC,0
1150,416488868,5387528,COCCOCCOCCOC,0
1151,416488869,5387528,COCCOCCOCCOC,0
1152,416488870,5387528,COCCOCCOCCOC,0
1153,416488871,5387528,COCCOCCOCCOC,0
1154,416488872,5387528,COCCOCCOCCOC,0
1155,416488873,5387528,COCCOCCOCCOC,0
1156,416488874,5387528,COCCOCCOCCOC,0
1157,416488875,5387528,COCCOCCOCCOC,0
1158,416488876,5387528,COCCOCCOCCOC,0
1159,416488877,5387528,COCCOCCOCCOC,0
1160,416488878,5387528,COCCOCCOCCOC,0
1161,416488879,5387528,COCCOCCOCCOC,0
1162,416488880,5387528,COCCOCCOCCOC,0
1163,416488881,5387528,COCCOCCOCCOC,0
1164,416488882,5387528,COCCOCCOCCOC,0
1165,416488883,5387528,COCCOCCOCCOC,0
1166,416488884,5387528,COCCOCCOCCOC,0
1167,416488885,5387528,COCCOCCOCCOC,0
1168,416488886,5387528,COCCOCCOCCOC,0
1169,416488887,5387528,COCCOCCOCCOC,0
1170,416488888,5387528,COCCOCCOCCOC,0
1171,416488889,5387528,COCCOCCOCCOC,0
1172,416488890,5387528,COCCOCCOCCOC,0
1173,416488891,5387528,COCCOCCOCCOC,0
1174,416488892,5387528,COCCOCCOCCOC,0
1175,416488893,5387528,COCCOCCOCCOC,0
1176,416488894,5387528,COCCOCCOCCOC,0
1177,416488895,5387528,COCCOCCOCCOC,0
1178,416488896,5387528,COCCOCCOCCOC,0
1179,416488897,5387528,COCCOCCOCCOC,0
1180,416488898,5387528,COCCOCCOCCOC,0
1181,416488899,5387528,COCCOCCOCCOC,0
1182,416488900,5387528,COCCOCCOCCOC,0
1183,416488901,5387528,COCCOCCOCCOC,0
1184,416488902,5387528,COCCOCCOCCOC,0
1185,416488903,5387528,COCCOCCOCCOC,0
1186,416488904,5387528,COCCOCCOCCOC,0
1187,416488905,5387528,COCCOCCOCCOC,0
1188,416488906,5387528,COCCOCCOCCOC,0
1189,416488907,5387528,COCCOCCOCCOC,0
1190,416488908,5387528,COCCOCCOCCOC,0
1191,416488909,5387528,COCCOCCOCCOC,0
1192,416488910,5387528,COCCOCCOCCOC,0
1193,416488911,5387528,COCCOCCOCCOC,0
1194,416488912,5387528,COCCOCCOCCOC,0
1195,416488913,5387528,COCCOCCOCCOC,0
1196,416488914,5387528,COCCOCCOCCOC,0
1197,416488915,5387528,COCCOCCOCCOC,0
1198,416488916,5387528,COCCOCCOCCOC,0
1199,416488917,5387528,COCCOCCOCCOC,0
1200,416488918,5387528,COCCOCCOCCOC,0
1201,416488919,5387528,COCCOCCOCCOC,0
1202,416488920,5387528,COCCOCCOCCOC,0
1203,416488921,5387528,COCCOCCOCCOC,0
1204,416488922,5387528,COCCOCCOCCOC,0
1205,416488923,5387528,COCCOCCOCCOC,0
1206,416488924,5387528,COCCOCCOCCOC,0
1207,416488925,5387528,COCCOCCOCCOC,0
1208,416488926,5387528,COCCOCCOCCOC,0
1209,416488927,5387528,COCCOCCOCCOC,0
1210,416488928,5387528,COCCOCCOCCOC,0
1211,416488929,5387528,COCCOCCOCCOC,0
1212,416488930,5387528,COCCOCCOCCOC,0
1213,416488931,5387528,COCCOCCOCCOC,0
1214,416488932,5387528,COCCOCCOCCOC,0
1215,416488933,5387528,COCCOCCOCCOC,0
1216,416488934,5387528,COCCOCCOCCOC,0
1217,416488935,5387528,COCCOCCOCCOC,0
1218,416488936,5387528,COCCOCCOCCOC,0
1219,416488937,5387528,COCCOCCOCCOC,0
1220,416488938,5387528,COCCOCCOCCOC,0
1221,416488939,5387528,COCCOCCOCCOC,0
1222,416488940,5387528,COCCOCCOCCOC,0
1223,416488941,5387528,COCCOCCOCCOC,0
1224,416488942,5387528,COCCOCCOCCOC,0
1225,416488943,5387528,COCCOCCOCCOC,0
1226,416488944,5387528,COCCOCCOCCOC,0
1227,416488945,5387528,COCCOCCOCCOC,0
1228,416488946,5387528,COCCOCCOCCOC,0
1229,416488947,5387528,COCCOCCOCCOC,0
1230,416488948,5387528,COCCOCCOCCOC,0
1231,416488949,5387528,COCCOCCOCCOC,0
1232,416488950,5387528,COCCOCCOCCOC,0
1233,416488951,5387528,COCCOCCOCCOC,0
1234,416488952,5387528,COCCOCCOCCOC,0
1235,416488953,5387528,COCCOCCOCCOC,0
1236,416488954,5387528,COCCOCCOCCOC,0
1237,416488955,5387528,COCCOCCOCCOC,0
1238,416488956,5387528,COCCOCCOCCOC,0
1239,416488957,5387528,COCCOCCOCCOC,0
1240,416488958,5387528,COCCOCCOCCOC,0
1241,416488959,5387528,COCCOCCOCCOC,0
1242,416488960,5387528,COCCOCCOCCOC,0
1243,416488961,5387528,COCCOCCOCCOC,0
1244,416488962,5387528,COCCOCCOCCOC,0
1245,416488963,5387528,COCCOCCOCCOC,0
1246,416488964,5387528,COCCOCCOCCOC,0
1247,416488965,5387528,COCCOCCOCCOC,0
1248,416488966,5387528,COCCOCCOCCOC,0
1249,416488967,5387528,COCCOCCOCCOC,0
1250,416488968,5387528,COCCOCCOCCOC,0
1251,416488969,5387528,COCCOCCOCCOC,0
1252,416488970,5387528,COCCOCCOCCOC,0
1253,416488971,5387528,COCCOCCOCCOC,0
1254,416488972,5387528,COCCOCCOCCOC,0
1255,416488973,5387528,COCCOCCOCCOC,0
1256,416488974,5387528,COCCOCCOCCOC,0
1257,416488975,5387528,COCCOCCOCCOC,0
1258,416488976,5387528,COCCOCCOCCOC,0
1259,416488977,5387528,COCCOCCOCCOC,0
1260,416488978,5387528,COCCOCCOCCOC,0
1261,416488979,5387528,COCCOCCOCCOC,0
1262,416488980,5387528,COCCOCCOCCOC,0
1263,416488981,5387528,COCCOCCOCCOC,0
1264,416488982,5387528,COCCOCCOCCOC,0
1265,416488983,5387528,COCCOCCOCCOC,0
1266,416488984,5387528,COCCOCCOCCOC,0
1267,416488985,5387528,COCCOCCOCCOC,0
1268,416488986,5387528,COCCOCCOCCOC,0
1269,416488987,5387528,COCCOCCOCCOC,0
1270,416488988,5387528,COCCOCCOCCOC,0
1271,416488989,5387528,COCCOCCOCCOC,0
1272,416488990,5387528,COCCOCCOCCOC,0
1273,416488991,5387528,COCCOCCOCCOC,0
1274,416488992,5387528,COCCOCCOCCOC,0
1275,416488993,5387528,COCCOCCOCCOC,0
1276,416488994,5387528,COCCOCCOCCOC,0
1277,416488995,5387528,COCCOCCOCCOC,0
1278,416488996,5387528,COCCOCCOCCOC,0
1279,416488997,5387528,COCCOCCOCCOC,0
1280,416488998,5387528,COCCOCCOCCOC,0
1281,416488999,5387528,COCCOCCOCCOC,0
1282,416489000,5387528,COCCOCCOCCOC,0
1283,416489001,5387528,COCCOCCOCCOC,0
1284,416489002,5387528,COCCOCCOCCOC,0
1285,416489003,5387528,COCCOCCOCCOC,0
1286,416489004,5387528,COCCOCCOCCOC,0
1287,416489005,5387528,COCCOCCOCCOC,0
1288,416489006,5387528,COCCOCCOCCOC,0
1289,416489007,5387528,COCCOCCOCCOC,0
1290,416489008,5387528,COCCOCCOCCOC,0
1291,416489009,5387528,COCCOCCOCCOC,0
1292,416489010,5387528,COCCOCCOCCOC,0
1293,416489011,5387528,COCCOCCOCCOC,0
1294,416489012,5387528,COCCOCCOCCOC,0
1295,416489013,5387528,COCCOCCOCCOC,0
1296,416489014,5387528,COCCOCCOCCOC,0
1297,416489015,5387528,COCCOCCOCCOC,0
1298,416489016,5387528,COCCOCCOCCOC,0
1299,416489017,5387528,COCCOCCOCCOC,0
1300,416489018,5387528,COCCOCCOCCOC,0
1301,416489019,5387528,COCCOCCOCCOC,0
1302,416489020,5387528,COCCOCCOCCOC,0
1303,416489021,5387528,COCCOCCOCCOC,0
1304,416489022,5387528,COCCOCCOCCOC,0
1305,416489023,5387528,COCCOCCOCCOC,0
1306,416489024,5387528,COCCOCCOCCOC,0
1307,416489025,5387528,COCCOCCOCCOC,0
1308,416489026,5387528,COCCOCCOCCOC,0
1309,416489027,5387528,COCCOCCOCCOC,0
1310,416489028,5387528,COCCOCCOCCOC,0
1311,416489029,5387528,COCCOCCOCCOC,0
1312,416489030,5387528,COCCOCCOCCOC,0
1313,416489031,5387528,COCCOCCOCCOC,0
1314,416489032,5387528,COCCOCCOCCOC,0
1315,416489033,5387528,COCCOCCOCCOC,0
1316,416489034,5387528,COCCOCCOCCOC,0
1317,416489035,5387528,COCCOCCOCCOC,0
1318,416489036,5387528,COCCOCCOCCOC,0
1319,416489037,5387528,COCCOCCOCCOC,0
1320,416489038,5387528,COCCOCCOCCOC,0
1321,416489039,5387528,COCCOCCOCCOC,0
1322,416489040,5387528,COCCOCCOCCOC,0
1323,416489041,5387528,COCCOCCOCCOC,0
1324,416489042,5387528,COCCOCCOCCOC,0
1325,416489043,5387528,COCCOCCOCCOC,0
1326,416489044,5387528,COCCOCCOCCOC,0
1327,416489045,5387528,COCCOCCOCCOC,0
1328,416489046,5387528,COCCOCCOCCOC,0
1329,416489047,5387528,COCCOCCOCCOC,0
1330,416489048,5387528,COCCOCCOCCOC,0
1331,416489049,5387528,COCCOCCOCCOC,0
1332,416489050,5387528,COCCOCCOCCOC,0
1333,416489051,5387528,COCCOCCOCCOC,0
1334,416489052,5387528,COCCOCCOCCOC,0
1335,416489053,5387528,COCCOCCOCCOC,0
1336,416489054,5387528,COCCOCCOCCOC,0
1337,416489055,5387528,COCCOCCOCCOC,0
1338,416489056,5387528,COCCOCCOCCOC,0
1339,416489057,5387528,COCCOCCOCCOC,0
1340,416489058,5387528,COCCOCCOCCOC,0
1341,416489059,5387528,COCCOCCOCCOC,0
1342,416489060,5387528,COCCOCCOCCOC,0
1343,416489061,5387528,COCCOCCOCCOC,0
1344,416489062,5387528,COCCOCCOCCOC,0
1345,416489063,5387528,COCCOCCOCCOC,0
1346,416489064,5387528,COCCOCCOCCOC,0
1347,416489065,5387528,COCCOCCOCCOC,0
1348,416489066,5387528,COCCOCCOCCOC,0
1349,416489067,5387528,COCCOCCOCCOC,0
1350,416489068,5387528,COCCOCCOCCOC,0
1351,416489069,5387528,COCCOCCOCCOC,0
1352,416489070,5387528,COCCOCCOCCOC,0
1353,416489071,5387528,COCCOCCOCCOC,0
1354,416489072,5387528,COCCOCCOCCOC,0
1355,416489073,5387528,COCCOCCOCCOC,0
1356,416489074,5387528,COCCOCCOCCOC,0
1357,416489075,5387528,COCCOCCOCCOC,0
1358,416489076,5387528,COCCOCCOCCOC,0
1359,416489077,5387528,COCCOCCOCCOC,0
1360,416489078,5387528,COCCOCCOCCOC,0
1361,416489079,5387528,COCCOCCOCCOC,0
1362,416489080,5387528,COCCOCCOCCOC,0
1363,416489081,5387528,COCCOCCOCCOC,0
1364,416489082,5387528,COCCOCCOCCOC,0
1365,416489083,5387528,COCCOCCOCCOC,0
1366,416489084,5387528,COCCOCCOCCOC,0
1367,416489085,5387528,COCCOCCOCCOC,0
1368,416489086,5387528,COCCOCCOCCOC,0
1369,416489087,5387528,COCCOCCOCCOC,0
1370,416489088,5387528,COCCOCCOCCOC,0
1371,416489089,5387528,COCCOCCOCCOC,0
1372,416489090,5387528,COCCOCCOCCOC,0
1373,416489091,5387528,COCCOCCOCCOC,0
1374,416489092,5387528,COCCOCCOCCOC,0
1375,416489093,5387528,COCCOCCOCCOC,0
1376,416489094,5387528,COCCOCCOCCOC,0
1377,416489095,5387528,COCCOCCOCCOC,0
1378,416489096,5387528,COCCOCCOCCOC,0
1379,416489097,5387528,COCCOCCOCCOC,0
1380,416489098,5387528,COCCOCCOCCOC,0
1381,416489099,5387528,COCCOCCOCCOC,0
1382,416489100,5387528,COCCOCCOCCOC,0
1383,416489101,5387528,COCCOCCOCCOC,0
1384,416489102,5387528,COCCOCCOCCOC,0
1385,416489103,5387528,COCCOCCOCCOC,0
1386,416489104,5387528,COCCOCCOCCOC,0
1387,416489105,5387528,COCCOCCOCCOC,0
1388,416489106,5387528,COCCOCCOCCOC,0
1389,416489107,5387528,COCCOCCOCCOC,0
1390,416489108,5387528,COCCOCCOCCOC,0
1391,416489109,5387528,COCCOCCOCCOC,0
1392,416489110,5387528,COCCOCCOCCOC,0
1393,416489111,5387528,COCCOCCOCCOC,0
1394,416489112,5387528,COCCOCCOCCOC,0
1395,416489113,5387528,COCCOCCOCCOC,0
1396,416489114,5387528,COCCOCCOCCOC,0
1397,416489115,5387528,COCCOCCOCCOC,0
1398,416489116,5387528,COCCOCCOCCOC,0
1399,416489117,5387528,COCCOCCOCCOC,0
1400,416489118,5387528,COCCOCCOCCOC,0
1401,416489119,5387528,COCCOCCOCCOC,0
1402,416489120,5387528,COCCOCCOCCOC,0
1403,416489121,5387528,COCCOCCOCCOC,0
1404,416489122,5387528,COCCOCCOCCOC,0
1405,416489123,5387528,COCCOCCOCCOC,0
1406,416489124,5387528,COCCOCCOCCOC,0
1407,416489125,5387528,COCCOCCOCCOC,0
1408,416489126,5387528,COCCOCCOCCOC,0
1409,416489127,5387528,COCCOCCOCCOC,0
1410,416489128,5387528,COCCOCCOCCOC,0
1411,416489129,5387528,COCCOCCOCCOC,0
1412,416489130,5387528,COCCOCCOCCOC,0
1413,416489131,5387528,COCCOCCOCCOC,0
1414,416489132,5387528,COCCOCCOCCOC,0
1415,416489133,5387528,COCCOCCOCCOC,0
1416,416489134,5387528,COCCOCCOCCOC,0
1417,416489135,5387528,COCCOCCOCCOC,0
1418,416489136,5387528,COCCOCCOCCOC,0
1419,416489137,5387528,COCCOCCOCCOC,0
1420,416489138,5387528,COCCOCCOCCOC,0
1421,416489139,5387528,COCCOCCOCCOC,0
1422,416489140,5387528,COCCOCCOCCOC,0
1423,416489141,5387528,COCCOCCOCCOC,0
1424,416489142,5387528,COCCOCCOCCOC,0
1425,416489143,5387528,COCCOCCOCCOC,0
1426,416489144,5387528,COCCOCCOCCOC,0
1427,416489145,5387528,COCCOCCOCCOC,0
1428,416489146,5387528,COCCOCCOCCOC,0
1429,416489147,5387528,COCCOCCOCCOC,0
1430,416489148,5387528,COCCOCCOCCOC,0
1431,416489149,5387528,COCCOCCOCCOC,0
1432,416489150,5387528,COCCOCCOCCOC,0
1433,416489151,5387528,COCCOCCOCCOC,0
1434,416489152,5387528,COCCOCCOCCOC,0
1435,416489153,5387528,COCCOCCOCCOC,0
1436,416489154,5387528,COCCOCCOCCOC,0
1437,416489155,5387528,COCCOCCOCCOC,0
1438,416489156,5387528,COCCOCCOCCOC,0
1439,416489157,5387528,COCCOCCOCCOC,0
1440,416489158,5387528,COCCOCCOCCOC,0
1441,416489159,5387528,COCCOCCOCCOC,0
1442,416489160,5387528,COCCOCCOCCOC,0
1443,416489161,5387528,COCCOCCOCCOC,0
1444,416489162,5387528,COCCOCCOCCOC,0
1445,416489163,5387528,COCCOCCOCCOC,0
1446,416489164,5387528,COCCOCCOCCOC,0
1447,416489165,5387528,COCCOCCOCCOC,0
1448,416489166,5387528,COCCOCCOCCOC,0
1449,416489167,5387528,COCCOCCOCCOC,0
1450,416489168,5387528,COCCOCCOCCOC,0
1451,416489169,5387528,COCCOCCOCCOC,0
1452,416489170,5387528,COCCOCCOCCOC,0
1453,416489171,5387528,COCCOCCOCCOC,0
1454,416489172,5387528,COCCOCCOCCOC,0
1455,416489173,5387528,COCCOCCOCCOC,0
1456,416489174,5387528,COCCOCCOCCOC,0
1457,416489175,5387528,COCCOCCOCCOC,0
1458,416489176,5387528,COCCOCCOCCOC,0
1459,416489177,5387528,COCCOCCOCCOC,0
1460,416489184,5387528,COCCOCCOCCOC,0
1461,416489185,5387528,COCCOCCOCCOC,0
1462,416489186,5387528,COCCOCCOCCOC,0
1463,416489187,5387528,COCCOCCOCCOC,0
1464,416489188,5387528,COCCOCCOCCOC,0
1465,416489189,5387528,COCCOCCOCCOC,0
1466,416489190,5387528,COCCOCCOCCOC,0
1467,416489191,5387528,COCCOCCOCCOC,0
1468,416489192,5387528,COCCOCCOCCOC,0
1469,416489193,5387528,COCCOCCOCCOC,0
1470,416489194,5387528,COCCOCCOCCOC,0
1471,416489195,5387528,COCCOCCOCCOC,0
1472,416489196,5387528,COCCOCCOCCOC,0
1473,416489197,5387528,COCCOCCOCCOC,0
1474,416489199,5387528,COCCOCCOCCOC,0
1475,416489200,5387528,COCCOCCOCCOC,0
1476,416489201,5387528,COCCOCCOCCOC,0
1477,416489202,5387528,COCCOCCOCCOC,0
1478,416489203,5387528,COCCOCCOCCOC,0
1479,416489204,5387528,COCCOCCOCCOC,0
1480,416489205,5387528,COCCOCCOCCOC,0
1481,416489206,5387528,COCCOCCOCCOC,0
1482,416489207,5387528,COCCOCCOCCOC,0
1483,416489208,5387528,COCCOCCOCCOC,0
1484,416489209,5387528,COCCOCCOCCOC,0
1485,416489210,5387528,COCCOCCOCCOC,0
1486,416489211,5387528,COCCOCCOCCOC,0
1487,416489212,5387528,COCCOCCOCCOC,0
1488,416489213,5387528,COCCOCCOCCOC,0
1489,416489214,5387528,COCCOCCOCCOC,0
1490,416489215,5387528,COCCOCCOCCOC,0
1491,416489216,5387528,COCCOCCOCCOC,0
1492,416489217,5387528,COCCOCCOCCOC,0
1493,416489222,5387528,COCCOCCOCCOC,0
1494,416489223,5387528,COCCOCCOCCOC,0
1495,416489224,5387528,COCCOCCOCCOC,0
1496,416489225,5387528,COCCOCCOCCOC,0
1497,416489226,5387528,COCCOCCOCCOC,0
1498,416489227,5387528,COCCOCCOCCOC,0
1499,416489228,5387528,COCCOCCOCCOC,0
1500,416489229,5387528,COCCOCCOCCOC,0
1501,416489230,5387528,COCCOCCOCCOC,0
1502,416489231,5387528,COCCOCCOCCOC,0
1503,416489232,5387528,COCCOCCOCCOC,0
1504,416489233,5387528,COCCOCCOCCOC,0
1505,416489234,5387528,COCCOCCOCCOC,0
1506,416489235,5387528,COCCOCCOCCOC,0
1507,416489236,5387528,COCCOCCOCCOC,0
1508,416489237,5387528,COCCOCCOCCOC,0
1509,416489238,5387528,COCCOCCOCCOC,0
1510,416489239,5387528,COCCOCCOCCOC,0
1511,416489240,5387528,COCCOCCOCCOC,0
1512,416489241,5387528,COCCOCCOCCOC,0
1513,416489242,5387528,COCCOCCOCCOC,0
1514,416489243,5387528,COCCOCCOCCOC,0
1515,416489244,5387528,COCCOCCOCCOC,0
1516,416489245,5387528,COCCOCCOCCOC,0
1517,416489246,5387528,COCCOCCOCCOC,0
1518,416489247,5387528,COCCOCCOCCOC,0
1519,416489248,5387528,COCCOCCOCCOC,0
1520,416489249,5387528,COCCOCCOCCOC,0
1521,416489250,5387528,COCCOCCOCCOC,0
1522,416489251,5387528,COCCOCCOCCOC,0
1523,416489252,5387528,COCCOCCOCCOC,0
1524,416489253,5387528,COCCOCCOCCOC,0
1525,416489254,5387528,COCCOCCOCCOC,0
1526,416489255,5387528,COCCOCCOCCOC,0
1527,416489256,5387528,COCCOCCOCCOC,0
1528,416489257,5387528,COCCOCCOCCOC,0
1529,416489258,5387528,COCCOCCOCCOC,0
1530,416489259,5387528,COCCOCCOCCOC,0
1531,416489260,5387528,COCCOCCOCCOC,0
1532,416489261,5387528,COCCOCCOCCOC,0
1533,416489262,5387528,COCCOCCOCCOC,0
1534,416489263,5387528,COCCOCCOCCOC,0
1535,416489264,5387528,COCCOCCOCCOC,0
1536,416489265,5387528,COCCOCCOCCOC,0
1537,416489266,5387528,COCCOCCOCCOC,0
1538,416489267,5387528,COCCOCCOCCOC,0
1539,416489268,5387528,COCCOCCOCCOC,0
1540,416489269,5387528,COCCOCCOCCOC,0
1541,416489270,5387528,COCCOCCOCCOC,0
1542,416489271,5387528,COCCOCCOCCOC,0
1543,416489272,5387528,COCCOCCOCCOC,0
1544,416489273,5387528,COCCOCCOCCOC,0
1545,416489274,5387528,COCCOCCOCCOC,0
1546,416489275,5387528,COCCOCCOCCOC,0
1547,416489276,5387528,COCCOCCOCCOC,0
1548,416489277,5387528,COCCOCCOCCOC,0
1549,416489284,5387528,COCCOCCOCCOC,0
1550,416489285,5387528,COCCOCCOCCOC,0
1551,416489286,5387528,COCCOCCOCCOC,0
1552,416489287,5387528,COCCOCCOCCOC,0
1553,416489288,5387528,COCCOCCOCCOC,0
1554,416489289,5387528,COCCOCCOCCOC,0
1555,416489290,5387528,COCCOCCOCCOC,0
1556,416489291,5387528,COCCOCCOCCOC,0
1557,416489292,5387528,COCCOCCOCCOC,0
1558,416489293,5387528,COCCOCCOCCOC,0
1559,416489294,5387528,COCCOCCOCCOC,0
1560,416489295,5387528,COCCOCCOCCOC,0
1561,416489296,5387528,COCCOCCOCCOC,0
1562,416489297,5387528,COCCOCCOCCOC,0
1563,416489302,5387528,COCCOCCOCCOC,0
1564,416489303,5387528,COCCOCCOCCOC,0
1565,416489304,5387528,COCCOCCOCCOC,0
1566,416489305,5387528,COCCOCCOCCOC,0
1567,416489306,5387528,COCCOCCOCCOC,0
1568,416489307,5387528,COCCOCCOCCOC,0
1569,416489308,5387528,COCCOCCOCCOC,0
1570,416489309,5387528,COCCOCCOCCOC,0
1571,416489310,5387528,COCCOCCOCCOC,0
1572,416489311,5387528,COCCOCCOCCOC,0
1573,416489312,5387528,COCCOCCOCCOC,0
1574,416489313,5387528,COCCOCCOCCOC,0
1575,416489314,5387528,COCCOCCOCCOC,0
1576,416489315,5387528,COCCOCCOCCOC,0
1577,416489316,5387528,COCCOCCOCCOC,0
1578,416489317,5387528,COCCOCCOCCOC,0
1579,416489320,5387528,COCCOCCOCCOC,0
1580,416489321,5387528,COCCOCCOCCOC,0
1581,416489322,5387528,COCCOCCOCCOC,0
1582,416489323,5387528,COCCOCCOCCOC,0
1583,416489324,5387528,COCCOCCOCCOC,0
1584,416489325,5387528,COCCOCCOCCOC,0
1585,416489326,5387528,COCCOCCOCCOC,0
1586,416489327,5387528,COCCOCCOCCOC,0
1587,416489328,5387528,COCCOCCOCCOC,0
1588,416489329,5387528,COCCOCCOCCOC,0
1589,416489330,5387528,COCCOCCOCCOC,0
1590,416489331,5387528,COCCOCCOCCOC,0
1591,416489332,5387528,COCCOCCOCCOC,0
1592,416489333,5387528,COCCOCCOCCOC,0
1593,416489334,5387528,COCCOCCOCCOC,0
1594,416489335,5387528,COCCOCCOCCOC,0
1595,416489336,5387528,COCCOCCOCCOC,0
1596,416489337,5387528,COCCOCCOCCOC,0
1597,416489344,5387528,COCCOCCOCCOC,0
1598,416489345,5387528,COCCOCCOCCOC,0
1599,416489346,5387528,COCCOCCOCCOC,0
1600,416489347,5387528,COCCOCCOCCOC,0
1601,416489348,5387528,COCCOCCOCCOC,0
1602,416489349,5387528,COCCOCCOCCOC,0
1603,416489350,5387528,COCCOCCOCCOC,0
1604,416489351,5387528,COCCOCCOCCOC,0
1605,416489352,5387528,COCCOCCOCCOC,0
1606,416489353,5387528,COCCOCCOCCOC,0
1607,416489354,5387528,COCCOCCOCCOC,0
1608,416489355,5387528,COCCOCCOCCOC,0
1609,416489356,5387528,COCCOCCOCCOC,0
1610,416489357,5387528,COCCOCCOCCOC,0
1611,416489359,5387528,COCCOCCOCCOC,0
1612,416489360,5387528,COCCOCCOCCOC,0
1613,416489361,5387528,COCCOCCOCCOC,0
1614,416489362,5387528,COCCOCCOCCOC,0
1615,416489363,5387528,COCCOCCOCCOC,0
1616,416489364,5387528,COCCOCCOCCOC,0
1617,416489365,5387528,COCCOCCOCCOC,0
1618,416489366,5387528,COCCOCCOCCOC,0
1619,416489367,5387528,COCCOCCOCCOC,0
1620,416489368,5387528,COCCOCCOCCOC,0
1621,416489369,5387528,COCCOCCOCCOC,0
1622,416489370,5387528,COCCOCCOCCOC,0
1623,416489371,5387528,COCCOCCOCCOC,0
1624,416489372,5387528,COCCOCCOCCOC,0
1625,416489373,5387528,COCCOCCOCCOC,0
1626,416489374,5387528,COCCOCCOCCOC,0
1627,416489375,5387528,COCCOCCOCCOC,0
1628,416489376,5387528,COCCOCCOCCOC,0
1629,416489377,5387528,COCCOCCOCCOC,0
1630,416489388,5387528,COCCOCCOCCOC,0
1631,416489389,5387528,COCCOCCOCCOC,0
1632,416489390,5387528,COCCOCCOCCOC,0
1633,416489391,5387528,COCCOCCOCCOC,0
1634,416489392,5387528,COCCOCCOCCOC,0
1635,416489393,5387528,COCCOCCOCCOC,0
1636,416489394,5387528,COCCOCCOCCOC,0
1637,416489395,5387528,COCCOCCOCCOC,0
1638,416489396,5387528,COCCOCCOCCOC,0
1639,416489397,5387528,COCCOCCOCCOC,0
1640,416489398,5387528,COCCOCCOCCOC,0
1641,416489399,5387528,COCCOCCOCCOC,0
1642,416489400,5387528,COCCOCCOCCOC,0
1643,416489401,5387528,COCCOCCOCCOC,0
1644,416489402,5387528,COCCOCCOCCOC,0
1645,416489403,5387528,COCCOCCOCCOC,0
1646,416489404,5387528,COCCOCCOCCOC,0
1647,416489405,5387528,COCCOCCOCCOC,0
1648,416489406,5387528,COCCOCCOCCOC,0
1649,416489407,5387528,COCCOCCOCCOC,0
1650,416489408,5387528,COCCOCCOCCOC,0
1651,416489409,5387528,COCCOCCOCCOC,0
1652,416489410,5387528,COCCOCCOCCOC,0
1653,416489411,5387528,COCCOCCOCCOC,0
1654,416489412,5387528,COCCOCCOCCOC,0
1655,416489413,5387528,COCCOCCOCCOC,0
1656,416489414,5387528,COCCOCCOCCOC,0
1657,416489415,5387528,COCCOCCOCCOC,0
1658,416489416,5387528,COCCOCCOCCOC,0
1659,416489417,5387528,COCCOCCOCCOC,0
1660,416489428,5387528,COCCOCCOCCOC,0
1661,416489429,5387528,COCCOCCOCCOC,0
1662,416489430,5387528,COCCOCCOCCOC,0
1663,416489431,5387528,COCCOCCOCCOC,0
1664,416489432,5387528,COCCOCCOCCOC,0
1665,416489433,5387528,COCCOCCOCCOC,0
1666,416489434,5387528,COCCOCCOCCOC,0
1667,416489435,5387528,COCCOCCOCCOC,0
1668,416489436,5387528,COCCOCCOCCOC,0
1669,416489437,5387528,COCCOCCOCCOC,0
1670,416489438,5387528,COCCOCCOCCOC,0
1671,416489439,5387528,COCCOCCOCCOC,0
1672,416489440,5387528,COCCOCCOCCOC,0
1673,416489441,5387528,COCCOCCOCCOC,0
1674,416489442,5387528,COCCOCCOCCOC,0
1675,416489443,5387528,COCCOCCOCCOC,0
1676,416489444,5387528,COCCOCCOCCOC,0
1677,416489445,5387528,COCCOCCOCCOC,0
1678,416489446,5387528,COCCOCCOCCOC,0
1679,416489447,5387528,COCCOCCOCCOC,0
1680,416489448,5387528,COCCOCCOCCOC,0
1681,416489449,5387528,COCCOCCOCCOC,0
1682,416489450,5387528,COCCOCCOCCOC,0
1683,416489451,5387528,COCCOCCOCCOC,0
1684,416489452,5387528,COCCOCCOCCOC,0
1685,416489453,5387528,COCCOCCOCCOC,0
1686,416489454,5387528,COCCOCCOCCOC,0
1687,416489455,5387528,COCCOCCOCCOC,0
1688,416489456,5387528,COCCOCCOCCOC,0
1689,416489457,5387528,COCCOCCOCCOC,0
1690,416489468,5387528,COCCOCCOCCOC,0
1691,416489469,5387528,COCCOCCOCCOC,0
1692,416489470,5387528,COCCOCCOCCOC,0
1693,416489471,5387528,COCCOCCOCCOC,0
1694,416489472,5387528,COCCOCCOCCOC,0
1695,416489473,5387528,COCCOCCOCCOC,0
1696,416489474,5387528,COCCOCCOCCOC,0
1697,416489475,5387528,COCCOCCOCCOC,0
1698,416489476,5387528,COCCOCCOCCOC,0
1699,416489477,5387528,COCCOCCOCCOC,0
1700,416489480,5387528,COCCOCCOCCOC,0
1701,416489481,5387528,COCCOCCOCCOC,0
1702,416489482,5387528,COCCOCCOCCOC,0
1703,416489483,5387528,COCCOCCOCCOC,0
1704,416489484,5387528,COCCOCCOCCOC,0
1705,416489485,5387528,COCCOCCOCCOC,0
1706,416489486,5387528,COCCOCCOCCOC,0
1707,416489487,5387528,COCCOCCOCCOC,0
1708,416489488,5387528,COCCOCCOCCOC,0
1709,416489489,5387528,COCCOCCOCCOC,0
1710,416489490,5387528,COCCOCCOCCOC,0
1711,416489491,5387528,COCCOCCOCCOC,0
1712,416489492,5387528,COCCOCCOCCOC,0
1713,416489493,5387528,COCCOCCOCCOC,0
1714,416489494,5387528,COCCOCCOCCOC,0
1715,416489495,5387528,COCCOCCOCCOC,0
1716,416489496,5387528,COCCOCCOCCOC,0
1717,416489497,5387528,COCCOCCOCCOC,0
1718,534022316,5387528,COCCOCCOCCOC,0
1719,534022318,5387528,COCCOCCOCCOC,0
1720,534022320,5387528,COCCOCCOCCOC,0
1721,534022321,5387528,COCCOCCOCCOC,0
1722,534022322,5387528,COCCOCCOCCOC,0
1723,534022324,5387528,COCCOCCOCCOC,0
1724,534022325,5387528,COCCOCCOCCOC,0
1725,534022326,5387528,COCCOCCOCCOC,0
1726,534022328,5387528,COCCOCCOCCOC,0
1727,534022334,5387528,COCCOCCOCCOC,0
1728,534022335,5387528,COCCOCCOCCOC,0
1729,534022336,5387528,COCCOCCOCCOC,0
1730,534022337,5387528,COCCOCCOCCOC,0
1731,534022338,5387528,COCCOCCOCCOC,0
1732,534022340,5387528,COCCOCCOCCOC,0
1733,534022342,5387528,COCCOCCOCCOC,0
1734,534022344,5387528,COCCOCCOCCOC,0
1735,534022346,5387528,COCCOCCOCCOC,0
1736,534022347,5387528,COCCOCCOCCOC,0
1737,534022350,5387528,COCCOCCOCCOC,0
1738,534022354,5387528,COCCOCCOCCOC,0
1739,534022355,5387528,COCCOCCOCCOC,0
1740,534022356,5387528,COCCOCCOCCOC,0
1741,534022358,5387528,COCCOCCOCCOC,0
1742,534022360,5387528,COCCOCCOCCOC,0
1743,534022362,5387528,COCCOCCOCCOC,0
1744,534022363,5387528,COCCOCCOCCOC,0
1745,534022365,5387528,COCCOCCOCCOC,0
1746,534022368,5387528,COCCOCCOCCOC,0
1747,534022369,5387528,COCCOCCOCCOC,0
1748,534022370,5387528,COCCOCCOCCOC,0
1749,534022374,5387528,COCCOCCOCCOC,0
1750,534022376,5387528,COCCOCCOCCOC,0
1751,534022377,5387528,COCCOCCOCCOC,0
1752,534022378,5387528,COCCOCCOCCOC,0
1753,534022380,5387528,COCCOCCOCCOC,0
1754,534022381,5387528,COCCOCCOCCOC,0
1755,534022382,5387528,COCCOCCOCCOC,0
1756,534022383,5387528,COCCOCCOCCOC,0
1757,534022384,5387528,COCCOCCOCCOC,0
1758,534022385,5387528,COCCOCCOCCOC,0
1759,534022387,5387528,COCCOCCOCCOC,0
1760,534022388,5387528,COCCOCCOCCOC,0
1761,534022389,5387528,COCCOCCOCCOC,0
1762,534022390,5387528,COCCOCCOCCOC,0
1763,534022393,5387528,COCCOCCOCCOC,0
1764,534022394,5387528,COCCOCCOCCOC,0
1765,534022396,5387528,COCCOCCOCCOC,0
1766,534022398,5387528,COCCOCCOCCOC,0
1767,534022400,5387528,COCCOCCOCCOC,0
1768,534022401,5387528,COCCOCCOCCOC,0
1769,534022402,5387528,COCCOCCOCCOC,0
1770,534022404,5387528,COCCOCCOCCOC,0
1771,534022408,5387528,COCCOCCOCCOC,0
1772,534022410,5387528,COCCOCCOCCOC,0
1773,534022411,5387528,COCCOCCOCCOC,0
1774,534022414,5387528,COCCOCCOCCOC,0
1775,534022415,5387528,COCCOCCOCCOC,0
1776,534022416,5387528,COCCOCCOCCOC,0
1777,534022418,5387528,COCCOCCOCCOC,0
1778,534022420,5387528,COCCOCCOCCOC,0
1779,534022424,5387528,COCCOCCOCCOC,0
1780,534022427,5387528,COCCOCCOCCOC,0
1781,534022430,5387528,COCCOCCOCCOC,0
1782,534022432,5387528,COCCOCCOCCOC,0
1783,534022433,5387528,COCCOCCOCCOC,0
1784,534022434,5387528,COCCOCCOCCOC,0
1785,534022435,5387528,COCCOCCOCCOC,0
1786,534022436,5387528,COCCOCCOCCOC,0
1787,534022438,5387528,COCCOCCOCCOC,0
1788,534022440,5387528,COCCOCCOCCOC,0
1789,534022442,5387528,COCCOCCOCCOC,0
1790,534022443,5387528,COCCOCCOCCOC,0
1791,534022444,5387528,COCCOCCOCCOC,0
1792,534022446,5387528,COCCOCCOCCOC,0
1793,534022448,5387528,COCCOCCOCCOC,0
1794,534022450,5387528,COCCOCCOCCOC,0
1795,534022451,5387528,COCCOCCOCCOC,0
1796,534022454,5387528,COCCOCCOCCOC,0
1797,534022455,5387528,COCCOCCOCCOC,0
1798,534022456,5387528,COCCOCCOCCOC,0
1799,534022458,5387528,COCCOCCOCCOC,0
1800,534022459,5387528,COCCOCCOCCOC,0
1801,534022460,5387528,COCCOCCOCCOC,0
1802,534022462,5387528,COCCOCCOCCOC,0
1803,534022464,5387528,COCCOCCOCCOC,0
1804,534022466,5387528,COCCOCCOCCOC,0
1805,534022467,5387528,COCCOCCOCCOC,0
1806,534022468,5387528,COCCOCCOCCOC,0
1807,534022469,5387528,COCCOCCOCCOC,0
1808,534022470,5387528,COCCOCCOCCOC,0
1809,534022472,5387528,COCCOCCOCCOC,0
1810,534022473,5387528,COCCOCCOCCOC,0
1811,534022474,5387528,COCCOCCOCCOC,0
1812,534022480,5387528,COCCOCCOCCOC,0
1813,534022481,5387528,COCCOCCOCCOC,0
1814,534022482,5387528,COCCOCCOCCOC,0
1815,534022484,5387528,COCCOCCOCCOC,0
1816,534022485,5387528,COCCOCCOCCOC,0
1817,534022487,5387528,COCCOCCOCCOC,0
1818,534022490,5387528,COCCOCCOCCOC,0
1819,534022492,5387528,COCCOCCOCCOC,0
1820,534022494,5387528,COCCOCCOCCOC,0
1821,534022496,5387528,COCCOCCOCCOC,0
1822,534022497,5387528,COCCOCCOCCOC,0
1823,534022498,5387528,COCCOCCOCCOC,0
1824,534022500,5387528,COCCOCCOCCOC,0
1825,534022503,5387528,COCCOCCOCCOC,0
1826,534022504,5387528,COCCOCCOCCOC,0
1827,534022506,5387528,COCCOCCOCCOC,0
1828,534022507,5387528,COCCOCCOCCOC,0
1829,534022508,5387528,COCCOCCOCCOC,0
1830,534022510,5387528,COCCOCCOCCOC,0
1831,534022511,5387528,COCCOCCOCCOC,0
1832,534022512,5387528,COCCOCCOCCOC,0
1833,534022514,5387528,COCCOCCOCCOC,0
1834,534022515,5387528,COCCOCCOCCOC,0
1835,534022518,5387528,COCCOCCOCCOC,0
1836,534022522,5387528,COCCOCCOCCOC,0
1837,534022525,5387528,COCCOCCOCCOC,0
1838,534022526,5387528,COCCOCCOCCOC,0
1839,534022528,5387528,COCCOCCOCCOC,0
1840,534022530,5387528,COCCOCCOCCOC,0
1841,534022532,5387528,COCCOCCOCCOC,0
1842,534022533,5387528,COCCOCCOCCOC,0
1843,534022534,5387528,COCCOCCOCCOC,0
1844,534022535,5387528,COCCOCCOCCOC,0
1845,534022536,5387528,COCCOCCOCCOC,0
1846,534022538,5387528,COCCOCCOCCOC,0
1847,534022540,5387528,COCCOCCOCCOC,0
1848,534022541,5387528,COCCOCCOCCOC,0
1849,534022542,5387528,COCCOCCOCCOC,0
1850,534022544,5387528,COCCOCCOCCOC,0
1851,534022545,5387528,COCCOCCOCCOC,0
1852,534022546,5387528,COCCOCCOCCOC,0
1853,534022547,5387528,COCCOCCOCCOC,0
1854,534022548,5387528,COCCOCCOCCOC,0
1855,534022550,5387528,COCCOCCOCCOC,0
1856,534022553,5387528,COCCOCCOCCOC,0
1857,534022556,5387528,COCCOCCOCCOC,0
1858,534022557,5387528,COCCOCCOCCOC,0
1859,534022558,5387528,COCCOCCOCCOC,0
1860,534022560,5387528,COCCOCCOCCOC,0
1861,534022561,5387528,COCCOCCOCCOC,0
1862,534022562,5387528,COCCOCCOCCOC,0
1863,534022563,5387528,COCCOCCOCCOC,0
1864,534022566,5387528,COCCOCCOCCOC,0
1865,534022567,5387528,COCCOCCOCCOC,0
1866,534022571,5387528,COCCOCCOCCOC,0
1867,534022572,5387528,COCCOCCOCCOC,0
1868,534022573,5387528,COCCOCCOCCOC,0
1869,534022574,5387528,COCCOCCOCCOC,0
1870,534022576,5387528,COCCOCCOCCOC,0
1871,534022577,5387528,COCCOCCOCCOC,0
1872,534022578,5387528,COCCOCCOCCOC,0
1873,534022579,5387528,COCCOCCOCCOC,0
1874,534022580,5387528,COCCOCCOCCOC,0
1875,534022584,5387528,COCCOCCOCCOC,0
1876,534022586,5387528,COCCOCCOCCOC,0
1877,534022590,5387528,COCCOCCOCCOC,0
1878,534022591,5387528,COCCOCCOCCOC,0
1879,534022592,5387528,COCCOCCOCCOC,0
1880,534022593,5387528,COCCOCCOCCOC,0
1881,534022594,5387528,COCCOCCOCCOC,0
1882,534022596,5387528,COCCOCCOCCOC,0
1883,534022598,5387528,COCCOCCOCCOC,0
1884,534022601,5387528,COCCOCCOCCOC,0
1885,534022604,5387528,COCCOCCOCCOC,0
1886,534022608,5387528,COCCOCCOCCOC,0
1887,534022609,5387528,COCCOCCOCCOC,0
1888,534022610,5387528,COCCOCCOCCOC,0
1889,534022612,5387528,COCCOCCOCCOC,0
1890,534022614,5387528,COCCOCCOCCOC,0
1891,534022617,5387528,COCCOCCOCCOC,0
1892,534022619,5387528,COCCOCCOCCOC,0
1893,534022622,5387528,COCCOCCOCCOC,0
1894,534022626,5387528,COCCOCCOCCOC,0
1895,534022628,5387528,COCCOCCOCCOC,0
1896,534022630,5387528,COCCOCCOCCOC,0
1897,534022635,5387528,COCCOCCOCCOC,0
1898,534022636,5387528,COCCOCCOCCOC,0
1899,534022637,5387528,COCCOCCOCCOC,0
1900,534022640,5387528,COCCOCCOCCOC,0
1901,534022642,5387528,COCCOCCOCCOC,0
1902,534022644,5387528,COCCOCCOCCOC,0
1903,534022646,5387528,COCCOCCOCCOC,0
1904,534022648,5387528,COCCOCCOCCOC,0
1905,534022649,5387528,COCCOCCOCCOC,0
1906,534022650,5387528,COCCOCCOCCOC,0
1907,534022651,5387528,COCCOCCOCCOC,0
1908,534022652,5387528,COCCOCCOCCOC,0
1909,534022654,5387528,COCCOCCOCCOC,0
1910,534022655,5387528,COCCOCCOCCOC,0
1911,534022656,5387528,COCCOCCOCCOC,0
1912,534022660,5387528,COCCOCCOCCOC,0
1913,534022661,5387528,COCCOCCOCCOC,0
1914,534022662,5387528,COCCOCCOCCOC,0
1915,534022666,5387528,COCCOCCOCCOC,0
1916,534022668,5387528,COCCOCCOCCOC,0
1917,534022669,5387528,COCCOCCOCCOC,0
1918,534022670,5387528,COCCOCCOCCOC,0
1919,534022671,5387528,COCCOCCOCCOC,0
1920,534022672,5387528,COCCOCCOCCOC,0
1921,534022674,5387528,COCCOCCOCCOC,0
1922,534022675,5387528,COCCOCCOCCOC,0
1923,534022676,5387528,COCCOCCOCCOC,0
1924,534022678,5387528,COCCOCCOCCOC,0
1925,534022682,5387528,COCCOCCOCCOC,0
1926,534022684,5387528,COCCOCCOCCOC,0
1927,534022685,5387528,COCCOCCOCCOC,0
1928,534022686,5387528,COCCOCCOCCOC,0
1929,534022687,5387528,COCCOCCOCCOC,0
1930,534022690,5387528,COCCOCCOCCOC,0
1931,534022691,5387528,COCCOCCOCCOC,0
1932,534022692,5387528,COCCOCCOCCOC,0
1933,534022694,5387528,COCCOCCOCCOC,0
1934,534022695,5387528,COCCOCCOCCOC,0
1935,534022696,5387528,COCCOCCOCCOC,0
1936,534022698,5387528,COCCOCCOCCOC,0
1937,534022699,5387528,COCCOCCOCCOC,0
1938,534022700,5387528,COCCOCCOCCOC,0
1939,534022704,5387528,COCCOCCOCCOC,0
1940,534022705,5387528,COCCOCCOCCOC,0
1941,534022706,5387528,COCCOCCOCCOC,0
1942,534022708,5387528,COCCOCCOCCOC,0
1943,534022709,5387528,COCCOCCOCCOC,0
1944,534022710,5387528,COCCOCCOCCOC,0
1945,534022712,5387528,COCCOCCOCCOC,0
1946,534022713,5387528,COCCOCCOCCOC,0
1947,534022714,5387528,COCCOCCOCCOC,0
1948,534022715,5387528,COCCOCCOCCOC,0
1949,534022716,5387528,COCCOCCOCCOC,0
1950,534022718,5387528,COCCOCCOCCOC,0
1951,534022720,5387528,COCCOCCOCCOC,0
1952,534022721,5387528,COCCOCCOCCOC,0
1953,534022722,5387528,COCCOCCOCCOC,0
1954,534022726,5387528,COCCOCCOCCOC,0
1955,534022728,5387528,COCCOCCOCCOC,0
1956,534022729,5387528,COCCOCCOCCOC,0
1957,534022730,5387528,COCCOCCOCCOC,0
1958,534022733,5387528,COCCOCCOCCOC,0
1959,534022737,5387528,COCCOCCOCCOC,0
1960,534022738,5387528,COCCOCCOCCOC,0
1961,534022740,5387528,COCCOCCOCCOC,0
1962,534022744,5387528,COCCOCCOCCOC,0
1963,534022746,5387528,COCCOCCOCCOC,0
1964,534022748,5387528,COCCOCCOCCOC,0
1965,534022751,5387528,COCCOCCOCCOC,0
1966,534022752,5387528,COCCOCCOCCOC,0
1967,534022754,5387528,COCCOCCOCCOC,0
1968,534022755,5387528,COCCOCCOCCOC,0
1969,534022758,5387528,COCCOCCOCCOC,0
1970,534022762,5387528,COCCOCCOCCOC,0
1971,534022764,5387528,COCCOCCOCCOC,0
1972,534022768,5387528,COCCOCCOCCOC,0
1973,534022769,5387528,COCCOCCOCCOC,0
1974,534022770,5387528,COCCOCCOCCOC,0
1975,534022774,5387528,COCCOCCOCCOC,0
1976,534022776,5387528,COCCOCCOCCOC,0
1977,534022780,5387528,COCCOCCOCCOC,0
1978,534022781,5387528,COCCOCCOCCOC,0
1979,534022782,5387528,COCCOCCOCCOC,0
1980,534022784,5387528,COCCOCCOCCOC,0
1981,534022785,5387528,COCCOCCOCCOC,0
1982,534022786,5387528,COCCOCCOCCOC,0
1983,534022787,5387528,COCCOCCOCCOC,0
1984,534022790,5387528,COCCOCCOCCOC,0
1985,534022792,5387528,COCCOCCOCCOC,0
1986,534022794,5387528,COCCOCCOCCOC,0
1987,534022795,5387528,COCCOCCOCCOC,0
1988,534022796,5387528,COCCOCCOCCOC,0
1989,534022798,5387528,COCCOCCOCCOC,0
1990,534022799,5387528,COCCOCCOCCOC,0
1991,534022802,5387528,COCCOCCOCCOC,0
1992,534022804,5387528,COCCOCCOCCOC,0
1993,534022805,5387528,COCCOCCOCCOC,0
1994,534022806,5387528,COCCOCCOCCOC,0
1995,534022807,5387528,COCCOCCOCCOC,0
1996,534022808,5387528,COCCOCCOCCOC,0
1997,534022812,5387528,COCCOCCOCCOC,0
1998,534022814,5387528,COCCOCCOCCOC,0
1999,534022816,5387528,COCCOCCOCCOC,0
2000,534022817,5387528,COCCOCCOCCOC,0
2001,534022818,5387528,COCCOCCOCCOC,0
2002,534022820,5387528,COCCOCCOCCOC,0
2003,534022821,5387528,COCCOCCOCCOC,0
2004,534022822,5387528,COCCOCCOCCOC,0
2005,534022825,5387528,COCCOCCOCCOC,0
2006,534022826,5387528,COCCOCCOCCOC,0
2007,534022827,5387528,COCCOCCOCCOC,0
2008,534022828,5387528,COCCOCCOCCOC,0
2009,534022830,5387528,COCCOCCOCCOC,0
2010,534022832,5387528,COCCOCCOCCOC,0
2011,534022834,5387528,COCCOCCOCCOC,0
2012,534022836,5387528,COCCOCCOCCOC,0
2013,534022838,5387528,COCCOCCOCCOC,0
2014,534022842,5387528,COCCOCCOCCOC,0
2015,534022844,5387528,COCCOCCOCCOC,0
2016,534022846,5387528,COCCOCCOCCOC,0
2017,534022848,5387528,COCCOCCOCCOC,0
2018,534022850,5387528,COCCOCCOCCOC,0
2019,534022851,5387528,COCCOCCOCCOC,0
2020,534022852,5387528,COCCOCCOCCOC,0
2021,534022856,5387528,COCCOCCOCCOC,0
2022,534022858,5387528,COCCOCCOCCOC,0
2023,534022860,5387528,COCCOCCOCCOC,0
2024,534022862,5387528,COCCOCCOCCOC,0
2025,534022864,5387528,COCCOCCOCCOC,0
2026,534022865,5387528,COCCOCCOCCOC,0
2027,534022866,5387528,COCCOCCOCCOC,0
2028,534022870,5387528,COCCOCCOCCOC,0
2029,534022873,5387528,COCCOCCOCCOC,0
2030,534022874,5387528,COCCOCCOCCOC,0
2031,534022876,5387528,COCCOCCOCCOC,0
2032,534022877,5387528,COCCOCCOCCOC,0
2033,534022880,5387528,COCCOCCOCCOC,0
2034,534022882,5387528,COCCOCCOCCOC,0
2035,534022887,5387528,COCCOCCOCCOC,0
2036,534022888,5387528,COCCOCCOCCOC,0
2037,534022890,5387528,COCCOCCOCCOC,0
2038,534022891,5387528,COCCOCCOCCOC,0
2039,534022892,5387528,COCCOCCOCCOC,0
2040,534022896,5387528,COCCOCCOCCOC,0
2041,534022898,5387528,COCCOCCOCCOC,0
2042,534022899,5387528,COCCOCCOCCOC,0
2043,534022900,5387528,COCCOCCOCCOC,0
2044,534022901,5387528,COCCOCCOCCOC,0
2045,534022902,5387528,COCCOCCOCCOC,0
2046,534022904,5387528,COCCOCCOCCOC,0
2047,534022906,5387528,COCCOCCOCCOC,0
2048,534022907,5387528,COCCOCCOCCOC,0
2049,534022910,5387528,COCCOCCOCCOC,0
2050,534022911,5387528,COCCOCCOCCOC,0
2051,534022912,5387528,COCCOCCOCCOC,0
2052,534022913,5387528,COCCOCCOCCOC,0
2053,534022914,5387528,COCCOCCOCCOC,0
2054,534022916,5387528,COCCOCCOCCOC,0
2055,534022917,5387528,COCCOCCOCCOC,0
2056,534022918,5387528,COCCOCCOCCOC,0
2057,534022919,5387528,COCCOCCOCCOC,0
2058,534022920,5387528,COCCOCCOCCOC,0
2059,534022924,5387528,COCCOCCOCCOC,0
2060,534022926,5387528,COCCOCCOCCOC,0
2061,534022928,5387528,COCCOCCOCCOC,0
2062,534022930,5387528,COCCOCCOCCOC,0
2063,534022932,5387528,COCCOCCOCCOC,0
2064,534022934,5387528,COCCOCCOCCOC,0
2065,534022935,5387528,COCCOCCOCCOC,0
2066,534022938,5387528,COCCOCCOCCOC,0
2067,534022942,5387528,COCCOCCOCCOC,0
2068,534022944,5387528,COCCOCCOCCOC,0
2069,534022948,5387528,COCCOCCOCCOC,0
2070,534022949,5387528,COCCOCCOCCOC,0
2071,534022950,5387528,COCCOCCOCCOC,0
2072,534022952,5387528,COCCOCCOCCOC,0
2073,534022954,5387528,COCCOCCOCCOC,0
2074,534022956,5387528,COCCOCCOCCOC,0
2075,534022958,5387528,COCCOCCOCCOC,0
2076,534022960,5387528,COCCOCCOCCOC,0
2077,534022962,5387528,COCCOCCOCCOC,0
2078,534022963,5387528,COCCOCCOCCOC,0
2079,534022964,5387528,COCCOCCOCCOC,0
2080,534022966,5387528,COCCOCCOCCOC,0
2081,534022968,5387528,COCCOCCOCCOC,0
2082,534022969,5387528,COCCOCCOCCOC,0
2083,534022970,5387528,COCCOCCOCCOC,0
2084,534022971,5387528,COCCOCCOCCOC,0
2085,534022974,5387528,COCCOCCOCCOC,0
2086,534022976,5387528,COCCOCCOCCOC,0
2087,534022978,5387528,COCCOCCOCCOC,0
2088,534022980,5387528,COCCOCCOCCOC,0
2089,534022982,5387528,COCCOCCOCCOC,0
2090,534022983,5387528,COCCOCCOCCOC,0
2091,534022984,5387528,COCCOCCOCCOC,0
2092,534022985,5387528,COCCOCCOCCOC,0
2093,534022986,5387528,COCCOCCOCCOC,0
2094,534022988,5387528,COCCOCCOCCOC,0
2095,534022990,5387528,COCCOCCOCCOC,0
2096,534022992,5387528,COCCOCCOCCOC,0
2097,534022996,5387528,COCCOCCOCCOC,0
2098,534022998,5387528,COCCOCCOCCOC,0
2099,534022999,5387528,COCCOCCOCCOC,0
2100,534023000,5387528,COCCOCCOCCOC,0
2101,534023001,5387528,COCCOCCOCCOC,0
2102,534023002,5387528,COCCOCCOCCOC,0
2103,534023003,5387528,COCCOCCOCCOC,0
2104,534023004,5387528,COCCOCCOCCOC,0
2105,534023008,5387528,COCCOCCOCCOC,0
2106,534023010,5387528,COCCOCCOCCOC,0
2107,534023012,5387528,COCCOCCOCCOC,0
2108,534023014,5387528,COCCOCCOCCOC,0
2109,534023018,5387528,COCCOCCOCCOC,0
2110,534023020,5387528,COCCOCCOCCOC,0
2111,534023024,5387528,COCCOCCOCCOC,0
2112,534023025,5387528,COCCOCCOCCOC,0
2113,534023026,5387528,COCCOCCOCCOC,0
2114,534023030,5387528,COCCOCCOCCOC,0
2115,534023031,5387528,COCCOCCOCCOC,0
2116,534023032,5387528,COCCOCCOCCOC,0
2117,534023033,5387528,COCCOCCOCCOC,0
2118,534023038,5387528,COCCOCCOCCOC,0
2119,534023041,5387528,COCCOCCOCCOC,0
2120,534023042,5387528,COCCOCCOCCOC,0
2121,534023044,5387528,COCCOCCOCCOC,0
2122,534023045,5387528,COCCOCCOCCOC,0
2123,534023048,5387528,COCCOCCOCCOC,0
2124,534023050,5387528,COCCOCCOCCOC,0
2125,534023051,5387528,COCCOCCOCCOC,0
2126,534023052,5387528,COCCOCCOCCOC,0
2127,534023053,5387528,COCCOCCOCCOC,0
2128,534023055,5387528,COCCOCCOCCOC,0
2129,534023059,5387528,COCCOCCOCCOC,0
2130,534023060,5387528,COCCOCCOCCOC,0
2131,534023062,5387528,COCCOCCOCCOC,0
2132,534023064,5387528,COCCOCCOCCOC,0
2133,534023068,5387528,COCCOCCOCCOC,0
2134,534023070,5387528,COCCOCCOCCOC,0
2135,534023072,5387528,COCCOCCOCCOC,0
2136,534023074,5387528,COCCOCCOCCOC,0
2137,534023075,5387528,COCCOCCOCCOC,0
2138,534023080,5387528,COCCOCCOCCOC,0
2139,534023081,5387528,COCCOCCOCCOC,0
2140,534023082,5387528,COCCOCCOCCOC,0
2141,534023084,5387528,COCCOCCOCCOC,0
2142,534023086,5387528,COCCOCCOCCOC,0
2143,534023087,5387528,COCCOCCOCCOC,0
2144,534023088,5387528,COCCOCCOCCOC,0
2145,534023090,5387528,COCCOCCOCCOC,0
2146,534023092,5387528,COCCOCCOCCOC,0
2147,534023096,5387528,COCCOCCOCCOC,0
2148,534023098,5387528,COCCOCCOCCOC,0
2149,534023100,5387528,COCCOCCOCCOC,0
2150,534023104,5387528,COCCOCCOCCOC,0
2151,534023110,5387528,COCCOCCOCCOC,0
2152,534023111,5387528,COCCOCCOCCOC,0
2153,534023113,5387528,COCCOCCOCCOC,0
2154,534023114,5387528,COCCOCCOCCOC,0
2155,534023116,5387528,COCCOCCOCCOC,0
2156,534023118,5387528,COCCOCCOCCOC,0
2157,534023120,5387528,COCCOCCOCCOC,0
2158,534023122,5387528,COCCOCCOCCOC,0
2159,534023126,5387528,COCCOCCOCCOC,0
2160,534023128,5387528,COCCOCCOCCOC,0
2161,534023129,5387528,COCCOCCOCCOC,0
2162,534023142,5387528,COCCOCCOCCOC,0
2163,534023144,5387528,COCCOCCOCCOC,0
2164,534023146,5387528,COCCOCCOCCOC,0
2165,534023148,5387528,COCCOCCOCCOC,0
2166,534023150,5387528,COCCOCCOCCOC,0
2167,534023152,5387528,COCCOCCOCCOC,0
2168,534023156,5387528,COCCOCCOCCOC,0
2169,534023158,5387528,COCCOCCOCCOC,0
2170,534023160,5387528,COCCOCCOCCOC,0
2171,534023162,5387528,COCCOCCOCCOC,0
2172,534023163,5387528,COCCOCCOCCOC,0
2173,534023164,5387528,COCCOCCOCCOC,0
2174,534023165,5387528,COCCOCCOCCOC,0
2175,534023166,5387528,COCCOCCOCCOC,0
2176,534023168,5387528,COCCOCCOCCOC,0
2177,534023170,5387528,COCCOCCOCCOC,0
2178,534023172,5387528,COCCOCCOCCOC,0
2179,534023174,5387528,COCCOCCOCCOC,0
2180,534023177,5387528,COCCOCCOCCOC,0
2181,534023180,5387528,COCCOCCOCCOC,0
2182,534023181,5387528,COCCOCCOCCOC,0
2183,534023182,5387528,COCCOCCOCCOC,0
2184,534023188,5387528,COCCOCCOCCOC,0
2185,534023189,5387528,COCCOCCOCCOC,0
2186,534023190,5387528,COCCOCCOCCOC,0
2187,534023191,5387528,COCCOCCOCCOC,0
2188,534023192,5387528,COCCOCCOCCOC,0
2189,534023194,5387528,COCCOCCOCCOC,0
2190,534023195,5387528,COCCOCCOCCOC,0
2191,534023196,5387528,COCCOCCOCCOC,0
2192,534023198,5387528,COCCOCCOCCOC,0
2193,534023200,5387528,COCCOCCOCCOC,0
2194,534023203,5387528,COCCOCCOCCOC,0
2195,534023206,5387528,COCCOCCOCCOC,0
2196,534023208,5387528,COCCOCCOCCOC,0
2197,534023214,5387528,COCCOCCOCCOC,0
2198,534023215,5387528,COCCOCCOCCOC,0
2199,534023216,5387528,COCCOCCOCCOC,0
2200,534023217,5387528,COCCOCCOCCOC,0
2201,534023218,5387528,COCCOCCOCCOC,0
2202,534023222,5387528,COCCOCCOCCOC,0
2203,534023224,5387528,COCCOCCOCCOC,0
2204,534023226,5387528,COCCOCCOCCOC,0
2205,534023228,5387528,COCCOCCOCCOC,0
2206,534023229,5387528,COCCOCCOCCOC,0
2207,534023230,5387528,COCCOCCOCCOC,0
2208,534023232,5387528,COCCOCCOCCOC,0
2209,534023234,5387528,COCCOCCOCCOC,0
2210,534023236,5387528,COCCOCCOCCOC,0
2211,534023239,5387528,COCCOCCOCCOC,0
2212,534023241,5387528,COCCOCCOCCOC,0
2213,534023242,5387528,COCCOCCOCCOC,0
2214,534023244,5387528,COCCOCCOCCOC,0
2215,534023245,5387528,COCCOCCOCCOC,0
2216,534023246,5387528,COCCOCCOCCOC,0
2217,534023247,5387528,COCCOCCOCCOC,0
2218,534023248,5387528,COCCOCCOCCOC,0
2219,534023250,5387528,COCCOCCOCCOC,0
2220,534023252,5387528,COCCOCCOCCOC,0
2221,534023254,5387528,COCCOCCOCCOC,0
2222,534023255,5387528,COCCOCCOCCOC,0
2223,534023256,5387528,COCCOCCOCCOC,0
2224,534023260,5387528,COCCOCCOCCOC,0
2225,534023262,5387528,COCCOCCOCCOC,0
2226,534023270,5387528,COCCOCCOCCOC,0
2227,534023272,5387528,COCCOCCOCCOC,0
2228,534023274,5387528,COCCOCCOCCOC,0
2229,534023276,5387528,COCCOCCOCCOC,0
2230,534023280,5387528,COCCOCCOCCOC,0
2231,534023284,5387528,COCCOCCOCCOC,0
2232,534023286,5387528,COCCOCCOCCOC,0
2233,534023287,5387528,COCCOCCOCCOC,0
2234,534023288,5387528,COCCOCCOCCOC,0
2235,534023290,5387528,COCCOCCOCCOC,0
2236,534023292,5387528,COCCOCCOCCOC,0
2237,534023294,5387528,COCCOCCOCCOC,0
2238,534023296,5387528,COCCOCCOCCOC,0
2239,534023300,5387528,COCCOCCOCCOC,0
2240,534023304,5387528,COCCOCCOCCOC,0
2241,534023306,5387528,COCCOCCOCCOC,0
2242,534023308,5387528,COCCOCCOCCOC,0
2243,534023310,5387528,COCCOCCOCCOC,0
2244,534023311,5387528,COCCOCCOCCOC,0
2245,534023314,5387528,COCCOCCOCCOC,0
2246,534023315,5387528,COCCOCCOCCOC,0
2247,534023316,5387528,COCCOCCOCCOC,0
2248,534023319,5387528,COCCOCCOCCOC,0
2249,534023321,5387528,COCCOCCOCCOC,0
2250,534023322,5387528,COCCOCCOCCOC,0
2251,534023323,5387528,COCCOCCOCCOC,0
2252,534023324,5387528,COCCOCCOCCOC,0
2253,534023325,5387528,COCCOCCOCCOC,0
2254,534023326,5387528,COCCOCCOCCOC,0
2255,534023328,5387528,COCCOCCOCCOC,0
2256,534023330,5387528,COCCOCCOCCOC,0
2257,534023331,5387528,COCCOCCOCCOC,0
2258,534023332,5387528,COCCOCCOCCOC,0
2259,534023333,5387528,COCCOCCOCCOC,0
2260,534023334,5387528,COCCOCCOCCOC,0
2261,534023336,5387528,COCCOCCOCCOC,0
2262,534023337,5387528,COCCOCCOCCOC,0
2263,534023338,5387528,COCCOCCOCCOC,0
2264,534023340,5387528,COCCOCCOCCOC,0
2265,534023341,5387528,COCCOCCOCCOC,0
2266,534023342,5387528,COCCOCCOCCOC,0
2267,534023345,5387528,COCCOCCOCCOC,0
2268,534023346,5387528,COCCOCCOCCOC,0
2269,534023347,5387528,COCCOCCOCCOC,0
2270,534023350,5387528,COCCOCCOCCOC,0
2271,534023351,5387528,COCCOCCOCCOC,0
2272,534023352,5387528,COCCOCCOCCOC,0
2273,534023356,5387528,COCCOCCOCCOC,0
2274,534023360,5387528,COCCOCCOCCOC,0
2275,534023361,5387528,COCCOCCOCCOC,0
2276,534023362,5387528,COCCOCCOCCOC,0
2277,534023365,5387528,COCCOCCOCCOC,0
2278,534023368,5387528,COCCOCCOCCOC,0
2279,534023374,5387528,COCCOCCOCCOC,0
2280,534023376,5387528,COCCOCCOCCOC,0
2281,534023378,5387528,COCCOCCOCCOC,0
2282,534023379,5387528,COCCOCCOCCOC,0
2283,534023380,5387528,COCCOCCOCCOC,0
2284,534023382,5387528,COCCOCCOCCOC,0
2285,534023384,5387528,COCCOCCOCCOC,0
2286,534023388,5387528,COCCOCCOCCOC,0
2287,534023390,5387528,COCCOCCOCCOC,0
2288,534023392,5387528,COCCOCCOCCOC,0
2289,534023393,5387528,COCCOCCOCCOC,0
2290,534023395,5387528,COCCOCCOCCOC,0
2291,534023396,5387528,COCCOCCOCCOC,0
2292,534023398,5387528,COCCOCCOCCOC,0
2293,534023400,5387528,COCCOCCOCCOC,0
2294,534023401,5387528,COCCOCCOCCOC,0
2295,534023404,5387528,COCCOCCOCCOC,0
2296,534023408,5387528,COCCOCCOCCOC,0
2297,534023410,5387528,COCCOCCOCCOC,0
2298,534023412,5387528,COCCOCCOCCOC,0
2299,534023414,5387528,COCCOCCOCCOC,0
2300,534023415,5387528,COCCOCCOCCOC,0
2301,534023416,5387528,COCCOCCOCCOC,0
2302,534023417,5387528,COCCOCCOCCOC,0
2303,534023418,5387528,COCCOCCOCCOC,0
2304,534023419,5387528,COCCOCCOCCOC,0
2305,534023420,5387528,COCCOCCOCCOC,0
2306,534023422,5387528,COCCOCCOCCOC,0
2307,534023424,5387528,COCCOCCOCCOC,0
2308,534023426,5387528,COCCOCCOCCOC,0
2309,534023428,5387528,COCCOCCOCCOC,0
2310,534023429,5387528,COCCOCCOCCOC,0
2311,534023431,5387528,COCCOCCOCCOC,0
2312,534023432,5387528,COCCOCCOCCOC,0
2313,534023433,5387528,COCCOCCOCCOC,0
2314,534023434,5387528,COCCOCCOCCOC,0
2315,534023437,5387528,COCCOCCOCCOC,0
2316,534023438,5387528,COCCOCCOCCOC,0
2317,534023439,5387528,COCCOCCOCCOC,0
2318,534023440,5387528,COCCOCCOCCOC,0
2319,534023441,5387528,COCCOCCOCCOC,0
2320,534023444,5387528,COCCOCCOCCOC,0
2321,534023446,5387528,COCCOCCOCCOC,0
2322,534023450,5387528,COCCOCCOCCOC,0
2323,534023451,5387528,COCCOCCOCCOC,0
2324,534023452,5387528,COCCOCCOCCOC,0
2325,534023456,5387528,COCCOCCOCCOC,0
2326,534023457,5387528,COCCOCCOCCOC,0
2327,534023459,5387528,COCCOCCOCCOC,0
2328,534023460,5387528,COCCOCCOCCOC,0
2329,534023462,5387528,COCCOCCOCCOC,0
2330,534023464,5387528,COCCOCCOCCOC,0
2331,534023466,5387528,COCCOCCOCCOC,0
2332,534023467,5387528,COCCOCCOCCOC,0
2333,534023468,5387528,COCCOCCOCCOC,0
2334,534023470,5387528,COCCOCCOCCOC,0
2335,534023472,5387528,COCCOCCOCCOC,0
2336,534023475,5387528,COCCOCCOCCOC,0
2337,534023478,5387528,COCCOCCOCCOC,0
2338,534023480,5387528,COCCOCCOCCOC,0
2339,534023482,5387528,COCCOCCOCCOC,0
2340,534023484,5387528,COCCOCCOCCOC,0
2341,534023486,5387528,COCCOCCOCCOC,0
2342,534023487,5387528,COCCOCCOCCOC,0
2343,534023488,5387528,COCCOCCOCCOC,0
2344,534023490,5387528,COCCOCCOCCOC,0
2345,534023492,5387528,COCCOCCOCCOC,0
2346,534023493,5387528,COCCOCCOCCOC,0
2347,534023494,5387528,COCCOCCOCCOC,0
2348,534023495,5387528,COCCOCCOCCOC,0
2349,534023497,5387528,COCCOCCOCCOC,0
2350,534023498,5387528,COCCOCCOCCOC,0
2351,534023500,5387528,COCCOCCOCCOC,0
2352,534023501,5387528,COCCOCCOCCOC,0
2353,534023502,5387528,COCCOCCOCCOC,0
2354,534023503,5387528,COCCOCCOCCOC,0
2355,534023504,5387528,COCCOCCOCCOC,0
2356,534023505,5387528,COCCOCCOCCOC,0
2357,534023506,5387528,COCCOCCOCCOC,0
2358,534023507,5387528,COCCOCCOCCOC,0
2359,534023508,5387528,COCCOCCOCCOC,0
2360,534023509,5387528,COCCOCCOCCOC,0
2361,534023512,5387528,COCCOCCOCCOC,0
2362,534023515,5387528,COCCOCCOCCOC,0
2363,534023516,5387528,COCCOCCOCCOC,0
2364,534023517,5387528,COCCOCCOCCOC,0
2365,534023518,5387528,COCCOCCOCCOC,0
2366,534023520,5387528,COCCOCCOCCOC,0
2367,534023521,5387528,COCCOCCOCCOC,0
2368,534023524,5387528,COCCOCCOCCOC,0
2369,534023525,5387528,COCCOCCOCCOC,0
2370,534023526,5387528,COCCOCCOCCOC,0
2371,534023527,5387528,COCCOCCOCCOC,0
2372,534023528,5387528,COCCOCCOCCOC,0
2373,534023529,5387528,COCCOCCOCCOC,0
2374,534023531,5387528,COCCOCCOCCOC,0
2375,534023532,5387528,COCCOCCOCCOC,0
2376,534023534,5387528,COCCOCCOCCOC,0
2377,534023536,5387528,COCCOCCOCCOC,0
2378,534023538,5387528,COCCOCCOCCOC,0
2379,534023540,5387528,COCCOCCOCCOC,0
2380,534023541,5387528,COCCOCCOCCOC,0
2381,534023543,5387528,COCCOCCOCCOC,0
2382,534023544,5387528,COCCOCCOCCOC,0
2383,534023546,5387528,COCCOCCOCCOC,0
2384,534023548,5387528,COCCOCCOCCOC,0
2385,534023550,5387528,COCCOCCOCCOC,0
2386,534023552,5387528,COCCOCCOCCOC,0
2387,534023554,5387528,COCCOCCOCCOC,0
2388,534023556,5387528,COCCOCCOCCOC,0
2389,534023558,5387528,COCCOCCOCCOC,0
2390,534023559,5387528,COCCOCCOCCOC,0
2391,534023562,5387528,COCCOCCOCCOC,0
2392,534023564,5387528,COCCOCCOCCOC,0
2393,534023565,5387528,COCCOCCOCCOC,0
2394,534023566,5387528,COCCOCCOCCOC,0
2395,534023568,5387528,COCCOCCOCCOC,0
2396,534023574,5387528,COCCOCCOCCOC,0
2397,534023576,5387528,COCCOCCOCCOC,0
2398,534023580,5387528,COCCOCCOCCOC,0
2399,534023582,5387528,COCCOCCOCCOC,0
2400,534023584,5387528,COCCOCCOCCOC,0
2401,534023586,5387528,COCCOCCOCCOC,0
2402,534023587,5387528,COCCOCCOCCOC,0
2403,534023591,5387528,COCCOCCOCCOC,0
2404,534023592,5387528,COCCOCCOCCOC,0
2405,534023593,5387528,COCCOCCOCCOC,0
2406,534023594,5387528,COCCOCCOCCOC,0
2407,534023596,5387528,COCCOCCOCCOC,0
2408,534023598,5387528,COCCOCCOCCOC,0
2409,534023599,5387528,COCCOCCOCCOC,0
2410,534023600,5387528,COCCOCCOCCOC,0
2411,534023602,5387528,COCCOCCOCCOC,0
2412,534023603,5387528,COCCOCCOCCOC,0
2413,534023604,5387528,COCCOCCOCCOC,0
2414,534023606,5387528,COCCOCCOCCOC,0
2415,534023610,5387528,COCCOCCOCCOC,0
2416,534023612,5387528,COCCOCCOCCOC,0
2417,534023614,5387528,COCCOCCOCCOC,0
2418,534023617,5387528,COCCOCCOCCOC,0
2419,534023624,5387528,COCCOCCOCCOC,0
2420,534023627,5387528,COCCOCCOCCOC,0
2421,534023629,5387528,COCCOCCOCCOC,0
2422,534023631,5387528,COCCOCCOCCOC,0
2423,534023632,5387528,COCCOCCOCCOC,0
2424,534023634,5387528,COCCOCCOCCOC,0
2425,534023635,5387528,COCCOCCOCCOC,0
2426,534023637,5387528,COCCOCCOCCOC,0
2427,534023638,5387528,COCCOCCOCCOC,0
2428,534023640,5387528,COCCOCCOCCOC,0
2429,534023641,5387528,COCCOCCOCCOC,0
2430,534023643,5387528,COCCOCCOCCOC,0
2431,534023644,5387528,COCCOCCOCCOC,0
2432,534023645,5387528,COCCOCCOCCOC,0
2433,534023646,5387528,COCCOCCOCCOC,0
2434,534023647,5387528,COCCOCCOCCOC,0
2435,534023648,5387528,COCCOCCOCCOC,0
2436,534023649,5387528,COCCOCCOCCOC,0
2437,534023652,5387528,COCCOCCOCCOC,0
2438,534023655,5387528,COCCOCCOCCOC,0
2439,534023656,5387528,COCCOCCOCCOC,0
2440,534023658,5387528,COCCOCCOCCOC,0
2441,534023660,5387528,COCCOCCOCCOC,0
2442,534023661,5387528,COCCOCCOCCOC,0
2443,534023662,5387528,COCCOCCOCCOC,0
2444,534023666,5387528,COCCOCCOCCOC,0
2445,534023667,5387528,COCCOCCOCCOC,0
2446,534023668,5387528,COCCOCCOCCOC,0
2447,534023670,5387528,COCCOCCOCCOC,0
2448,534023671,5387528,COCCOCCOCCOC,0
2449,534023672,5387528,COCCOCCOCCOC,0
2450,534023674,5387528,COCCOCCOCCOC,0
2451,534023678,5387528,COCCOCCOCCOC,0
2452,534023680,5387528,COCCOCCOCCOC,0
2453,534023682,5387528,COCCOCCOCCOC,0
2454,534023684,5387528,COCCOCCOCCOC,0
2455,534023686,5387528,COCCOCCOCCOC,0
2456,534023688,5387528,COCCOCCOCCOC,0
2457,534023689,5387528,COCCOCCOCCOC,0
2458,534023690,5387528,COCCOCCOCCOC,0
2459,534023692,5387528,COCCOCCOCCOC,0
2460,534023693,5387528,COCCOCCOCCOC,0
2461,534023694,5387528,COCCOCCOCCOC,0
2462,534023696,5387528,COCCOCCOCCOC,0
2463,534023698,5387528,COCCOCCOCCOC,0
2464,534023699,5387528,COCCOCCOCCOC,0
2465,534023700,5387528,COCCOCCOCCOC,0
2466,534023702,5387528,COCCOCCOCCOC,0
2467,534023704,5387528,COCCOCCOCCOC,0
2468,534023706,5387528,COCCOCCOCCOC,0
2469,534023708,5387528,COCCOCCOCCOC,0
2470,534023709,5387528,COCCOCCOCCOC,0
2471,534023710,5387528,COCCOCCOCCOC,0
2472,534023711,5387528,COCCOCCOCCOC,0
2473,534023713,5387528,COCCOCCOCCOC,0
2474,534023714,5387528,COCCOCCOCCOC,0
2475,534023718,5387528,COCCOCCOCCOC,0
2476,534023720,5387528,COCCOCCOCCOC,0
2477,534023721,5387528,COCCOCCOCCOC,0
2478,534023722,5387528,COCCOCCOCCOC,0
2479,534023723,5387528,COCCOCCOCCOC,0
2480,534023724,5387528,COCCOCCOCCOC,0
2481,534023725,5387528,COCCOCCOCCOC,0
2482,534023726,5387528,COCCOCCOCCOC,0
2483,534023728,5387528,COCCOCCOCCOC,0
2484,534023730,5387528,COCCOCCOCCOC,0
2485,534023734,5387528,COCCOCCOCCOC,0
2486,534023736,5387528,COCCOCCOCCOC,0
2487,534023741,5387528,COCCOCCOCCOC,0
2488,534023742,5387528,COCCOCCOCCOC,0
2489,534023744,5387528,COCCOCCOCCOC,0
2490,534023746,5387528,COCCOCCOCCOC,0
2491,534023749,5387528,COCCOCCOCCOC,0
2492,534023750,5387528,COCCOCCOCCOC,0
2493,534023752,5387528,COCCOCCOCCOC,0
2494,534023754,5387528,COCCOCCOCCOC,0
2495,534023758,5387528,COCCOCCOCCOC,0
2496,534023760,5387528,COCCOCCOCCOC,0
2497,534023762,5387528,COCCOCCOCCOC,0
2498,534023763,5387528,COCCOCCOCCOC,0
2499,534023764,5387528,COCCOCCOCCOC,0
2500,534023766,5387528,COCCOCCOCCOC,0
2501,534023767,5387528,COCCOCCOCCOC,0
2502,534023768,5387528,COCCOCCOCCOC,0
2503,534024142,5387528,COCCOCCOCCOC,0
2504,534024144,5387528,COCCOCCOCCOC,0
2505,534024145,5387528,COCCOCCOCCOC,0
2506,534024148,5387528,COCCOCCOCCOC,0
2507,534024149,5387528,COCCOCCOCCOC,0
2508,534024152,5387528,COCCOCCOCCOC,0
2509,534024154,5387528,COCCOCCOCCOC,0
2510,534024156,5387528,COCCOCCOCCOC,0
2511,534024158,5387528,COCCOCCOCCOC,0
2512,534024159,5387528,COCCOCCOCCOC,0
2513,534024160,5387528,COCCOCCOCCOC,0
2514,534024164,5387528,COCCOCCOCCOC,0
2515,534024166,5387528,COCCOCCOCCOC,0
2516,534024168,5387528,COCCOCCOCCOC,0
2517,534024169,5387528,COCCOCCOCCOC,0
2518,534024170,5387528,COCCOCCOCCOC,0
2519,534024171,5387528,COCCOCCOCCOC,0
2520,534024173,5387528,COCCOCCOCCOC,0
2521,534024176,5387528,COCCOCCOCCOC,0
2522,534024177,5387528,COCCOCCOCCOC,0
2523,534024178,5387528,COCCOCCOCCOC,0
2524,534024179,5387528,COCCOCCOCCOC,0
2525,534024181,5387528,COCCOCCOCCOC,0
2526,534024182,5387528,COCCOCCOCCOC,0
2527,534024184,5387528,COCCOCCOCCOC,0
2528,534024185,5387528,COCCOCCOCCOC,0
2529,534024186,5387528,COCCOCCOCCOC,0
2530,534024189,5387528,COCCOCCOCCOC,0
2531,534024190,5387528,COCCOCCOCCOC,0
2532,534024191,5387528,COCCOCCOCCOC,0
2533,534024194,5387528,COCCOCCOCCOC,0
2534,534024195,5387528,COCCOCCOCCOC,0
2535,534024196,5387528,COCCOCCOCCOC,0
2536,534024198,5387528,COCCOCCOCCOC,0
2537,534024199,5387528,COCCOCCOCCOC,0
2538,534024200,5387528,COCCOCCOCCOC,0
2539,534024201,5387528,COCCOCCOCCOC,0
2540,534024202,5387528,COCCOCCOCCOC,0
2541,534024204,5387528,COCCOCCOCCOC,0
2542,534024206,5387528,COCCOCCOCCOC,0
2543,534024209,5387528,COCCOCCOCCOC,0
2544,534024210,5387528,COCCOCCOCCOC,0
2545,534024212,5387528,COCCOCCOCCOC,0
2546,534024214,5387528,COCCOCCOCCOC,0
2547,534024216,5387528,COCCOCCOCCOC,0
2548,534024218,5387528,COCCOCCOCCOC,0
2549,534024219,5387528,COCCOCCOCCOC,0
2550,534024220,5387528,COCCOCCOCCOC,0
2551,534024222,5387528,COCCOCCOCCOC,0
2552,534024224,5387528,COCCOCCOCCOC,0
2553,534024227,5387528,COCCOCCOCCOC,0
2554,534024228,5387528,COCCOCCOCCOC,0
2555,534024230,5387528,COCCOCCOCCOC,0
2556,534024231,5387528,COCCOCCOCCOC,0
2557,534024232,5387528,COCCOCCOCCOC,0
2558,534024233,5387528,COCCOCCOCCOC,0
2559,534024234,5387528,COCCOCCOCCOC,0
2560,534024236,5387528,COCCOCCOCCOC,0
2561,534024238,5387528,COCCOCCOCCOC,0
2562,534024239,5387528,COCCOCCOCCOC,0
2563,534024240,5387528,COCCOCCOCCOC,0
2564,534024241,5387528,COCCOCCOCCOC,0
2565,534024245,5387528,COCCOCCOCCOC,0
2566,534024248,5387528,COCCOCCOCCOC,0
2567,534024249,5387528,COCCOCCOCCOC,0
2568,534024251,5387528,COCCOCCOCCOC,0
2569,534024253,5387528,COCCOCCOCCOC,0
2570,534024254,5387528,COCCOCCOCCOC,0
2571,534024256,5387528,COCCOCCOCCOC,0
2572,534024258,5387528,COCCOCCOCCOC,0
2573,534024260,5387528,COCCOCCOCCOC,0
2574,534024261,5387528,COCCOCCOCCOC,0
2575,534024262,5387528,COCCOCCOCCOC,0
2576,534024264,5387528,COCCOCCOCCOC,0
2577,534024266,5387528,COCCOCCOCCOC,0
2578,534024268,5387528,COCCOCCOCCOC,0
2579,534024269,5387528,COCCOCCOCCOC,0
2580,534024270,5387528,COCCOCCOCCOC,0
2581,534024271,5387528,COCCOCCOCCOC,0
2582,534024272,5387528,COCCOCCOCCOC,0
2583,534024274,5387528,COCCOCCOCCOC,0
2584,534024282,5387528,COCCOCCOCCOC,0
2585,534024283,5387528,COCCOCCOCCOC,0
2586,534024284,5387528,COCCOCCOCCOC,0
2587,534024285,5387528,COCCOCCOCCOC,0
2588,534024288,5387528,COCCOCCOCCOC,0
2589,534024289,5387528,COCCOCCOCCOC,0
2590,534024290,5387528,COCCOCCOCCOC,0
2591,534024291,5387528,COCCOCCOCCOC,0
2592,534024292,5387528,COCCOCCOCCOC,0
2593,534024293,5387528,COCCOCCOCCOC,0
2594,534024294,5387528,COCCOCCOCCOC,0
2595,534024298,5387528,COCCOCCOCCOC,0
2596,534024299,5387528,COCCOCCOCCOC,0
2597,534024300,5387528,COCCOCCOCCOC,0
2598,534024302,5387528,COCCOCCOCCOC,0
2599,534024304,5387528,COCCOCCOCCOC,0
2600,534024306,5387528,COCCOCCOCCOC,0
2601,534024308,5387528,COCCOCCOCCOC,0
2602,534024310,5387528,COCCOCCOCCOC,0
2603,534024315,5387528,COCCOCCOCCOC,0
2604,534024316,5387528,COCCOCCOCCOC,0
2605,534024318,5387528,COCCOCCOCCOC,0
2606,534024320,5387528,COCCOCCOCCOC,0
2607,534024324,5387528,COCCOCCOCCOC,0
2608,534024326,5387528,COCCOCCOCCOC,0
2609,534024327,5387528,COCCOCCOCCOC,0
2610,534024332,5387528,COCCOCCOCCOC,0
2611,534024334,5387528,COCCOCCOCCOC,0
2612,534024338,5387528,COCCOCCOCCOC,0
2613,534024340,5387528,COCCOCCOCCOC,0
2614,534024342,5387528,COCCOCCOCCOC,0
2615,534024344,5387528,COCCOCCOCCOC,0
2616,534024346,5387528,COCCOCCOCCOC,0
2617,534024348,5387528,COCCOCCOCCOC,0
2618,534024350,5387528,COCCOCCOCCOC,0
2619,534024351,5387528,COCCOCCOCCOC,0
2620,534024354,5387528,COCCOCCOCCOC,0
2621,534024355,5387528,COCCOCCOCCOC,0
2622,534024358,5387528,COCCOCCOCCOC,0
2623,534024359,5387528,COCCOCCOCCOC,0
2624,534024360,5387528,COCCOCCOCCOC,0
2625,534024362,5387528,COCCOCCOCCOC,0
2626,534024364,5387528,COCCOCCOCCOC,0
2627,534024366,5387528,COCCOCCOCCOC,0
2628,534024368,5387528,COCCOCCOCCOC,0
2629,534024370,5387528,COCCOCCOCCOC,0
2630,534024372,5387528,COCCOCCOCCOC,0
2631,534024374,5387528,COCCOCCOCCOC,0
2632,534024376,5387528,COCCOCCOCCOC,0
2633,534024378,5387528,COCCOCCOCCOC,0
2634,534024382,5387528,COCCOCCOCCOC,0
2635,534024384,5387528,COCCOCCOCCOC,0
2636,534024386,5387528,COCCOCCOCCOC,0
2637,534024387,5387528,COCCOCCOCCOC,0
2638,534024390,5387528,COCCOCCOCCOC,0
2639,534024392,5387528,COCCOCCOCCOC,0
2640,534024394,5387528,COCCOCCOCCOC,0
2641,534024396,5387528,COCCOCCOCCOC,0
2642,534024398,5387528,COCCOCCOCCOC,0
2643,534024400,5387528,COCCOCCOCCOC,0
2644,534024402,5387528,COCCOCCOCCOC,0
2645,534024404,5387528,COCCOCCOCCOC,0
2646,534024406,5387528,COCCOCCOCCOC,0
2647,534024408,5387528,COCCOCCOCCOC,0
2648,534024410,5387528,COCCOCCOCCOC,0
2649,534024411,5387528,COCCOCCOCCOC,0
2650,534024412,5387528,COCCOCCOCCOC,0
2651,534024414,5387528,COCCOCCOCCOC,0
2652,534024416,5387528,COCCOCCOCCOC,0
2653,534024420,5387528,COCCOCCOCCOC,0
2654,534024421,5387528,COCCOCCOCCOC,0
2655,534024422,5387528,COCCOCCOCCOC,0
2656,534024424,5387528,COCCOCCOCCOC,0
2657,534024426,5387528,COCCOCCOCCOC,0
2658,534024428,5387528,COCCOCCOCCOC,0
2659,534024430,5387528,COCCOCCOCCOC,0
2660,534024432,5387528,COCCOCCOCCOC,0
2661,534024434,5387528,COCCOCCOCCOC,0
2662,534024438,5387528,COCCOCCOCCOC,0
2663,534024440,5387528,COCCOCCOCCOC,0
2664,534024444,5387528,COCCOCCOCCOC,0
2665,534024446,5387528,COCCOCCOCCOC,0
2666,534024448,5387528,COCCOCCOCCOC,0
2667,534024449,5387528,COCCOCCOCCOC,0
2668,534024450,5387528,COCCOCCOCCOC,0
2669,534024451,5387528,COCCOCCOCCOC,0
2670,534024452,5387528,COCCOCCOCCOC,0
2671,534024456,5387528,COCCOCCOCCOC,0
2672,534024458,5387528,COCCOCCOCCOC,0
2673,534024462,5387528,COCCOCCOCCOC,0
2674,534024466,5387528,COCCOCCOCCOC,0
2675,534024468,5387528,COCCOCCOCCOC,0
2676,534024469,5387528,COCCOCCOCCOC,0
2677,534024470,5387528,COCCOCCOCCOC,0
2678,534024471,5387528,COCCOCCOCCOC,0
2679,534024474,5387528,COCCOCCOCCOC,0
2680,534024475,5387528,COCCOCCOCCOC,0
2681,534024476,5387528,COCCOCCOCCOC,0
2682,534024480,5387528,COCCOCCOCCOC,0
2683,534024481,5387528,COCCOCCOCCOC,0
2684,534024482,5387528,COCCOCCOCCOC,0
2685,534024483,5387528,COCCOCCOCCOC,0
2686,534024485,5387528,COCCOCCOCCOC,0
2687,534943825,5387528,COCCOCCOCCOC,0
2688,534943826,5387528,COCCOCCOCCOC,0
2689,534943827,5387528,COCCOCCOCCOC,0
2690,534943828,5387528,COCCOCCOCCOC,0
2691,534943829,5387528,COCCOCCOCCOC,0
2692,534943830,5387528,COCCOCCOCCOC,0
2693,534943831,5387528,COCCOCCOCCOC,0
2694,534943832,5387528,COCCOCCOCCOC,0
2695,534943833,5387528,COCCOCCOCCOC,0
2696,534943834,5387528,COCCOCCOCCOC,0
2697,534943835,5387528,COCCOCCOCCOC,0
2698,534943836,5387528,COCCOCCOCCOC,0
2699,534943837,5387528,COCCOCCOCCOC,0
2700,534943838,5387528,COCCOCCOCCOC,0
2701,534943839,5387528,COCCOCCOCCOC,0
2702,534943840,5387528,COCCOCCOCCOC,0
2703,534943841,5387528,COCCOCCOCCOC,0
2704,534943843,5387528,COCCOCCOCCOC,0
2705,534943844,5387528,COCCOCCOCCOC,0
2706,534943845,5387528,COCCOCCOCCOC,0
2707,534943846,5387528,COCCOCCOCCOC,0
2708,534943847,5387528,COCCOCCOCCOC,0
2709,534943848,5387528,COCCOCCOCCOC,0
2710,534943849,5387528,COCCOCCOCCOC,0
2711,534943850,5387528,COCCOCCOCCOC,0
2712,534943851,5387528,COCCOCCOCCOC,0
2713,534943852,5387528,COCCOCCOCCOC,0
2714,534943853,5387528,COCCOCCOCCOC,0
2715,534943854,5387528,COCCOCCOCCOC,0
2716,534943855,5387528,COCCOCCOCCOC,0
2717,534943856,5387528,COCCOCCOCCOC,0
2718,534943857,5387528,COCCOCCOCCOC,0
2719,534943858,5387528,COCCOCCOCCOC,0
2720,534943859,5387528,COCCOCCOCCOC,0
2721,534943860,5387528,COCCOCCOCCOC,0
2722,534943861,5387528,COCCOCCOCCOC,0
2723,534943862,5387528,COCCOCCOCCOC,0
2724,534943863,5387528,COCCOCCOCCOC,0
2725,534943864,5387528,COCCOCCOCCOC,0
2726,534943866,5387528,COCCOCCOCCOC,0
2727,534943867,5387528,COCCOCCOCCOC,0
2728,534943868,5387528,COCCOCCOCCOC,0
2729,534943869,5387528,COCCOCCOCCOC,0
2730,534943870,5387528,COCCOCCOCCOC,0
2731,534943872,5387528,COCCOCCOCCOC,0
2732,534943873,5387528,COCCOCCOCCOC,0
2733,534943874,5387528,COCCOCCOCCOC,0
2734,534943875,5387528,COCCOCCOCCOC,0
2735,534943876,5387528,COCCOCCOCCOC,0
2736,534943877,5387528,COCCOCCOCCOC,0
2737,534943878,5387528,COCCOCCOCCOC,0
2738,534943879,5387528,COCCOCCOCCOC,0
2739,534943880,5387528,COCCOCCOCCOC,0
2740,534943881,5387528,COCCOCCOCCOC,0
2741,534943882,5387528,COCCOCCOCCOC,0
2742,534943883,5387528,COCCOCCOCCOC,0
2743,534943884,5387528,COCCOCCOCCOC,0
2744,534943885,5387528,COCCOCCOCCOC,0
2745,534943886,5387528,COCCOCCOCCOC,0
2746,534943887,5387528,COCCOCCOCCOC,0
2747,534943888,5387528,COCCOCCOCCOC,0
2748,534943889,5387528,COCCOCCOCCOC,0
2749,534943890,5387528,COCCOCCOCCOC,0
2750,534943891,5387528,COCCOCCOCCOC,0
2751,534943892,5387528,COCCOCCOCCOC,0
2752,534943893,5387528,COCCOCCOCCOC,0
2753,534943894,5387528,COCCOCCOCCOC,0
2754,534943895,5387528,COCCOCCOCCOC,0
2755,534943896,5387528,COCCOCCOCCOC,0
2756,534943897,5387528,COCCOCCOCCOC,0
2757,534943898,5387528,COCCOCCOCCOC,0
2758,534943899,5387528,COCCOCCOCCOC,0
2759,534943900,5387528,COCCOCCOCCOC,0
2760,534943901,5387528,COCCOCCOCCOC,0
2761,534943902,5387528,COCCOCCOCCOC,0
2762,534943903,5387528,COCCOCCOCCOC,0
2763,534943905,5387528,COCCOCCOCCOC,0
2764,534943906,5387528,COCCOCCOCCOC,0
2765,534943907,5387528,COCCOCCOCCOC,0
2766,534943908,5387528,COCCOCCOCCOC,0
2767,534943909,5387528,COCCOCCOCCOC,0
2768,534943910,5387528,COCCOCCOCCOC,0
2769,534943911,5387528,COCCOCCOCCOC,0
2770,534943912,5387528,COCCOCCOCCOC,0
2771,534943913,5387528,COCCOCCOCCOC,0
2772,534943914,5387528,COCCOCCOCCOC,0
2773,534943916,5387528,COCCOCCOCCOC,0
2774,534943917,5387528,COCCOCCOCCOC,0
2775,534943918,5387528,COCCOCCOCCOC,0
2776,534943919,5387528,COCCOCCOCCOC,0
2777,534943920,5387528,COCCOCCOCCOC,0
2778,534943921,5387528,COCCOCCOCCOC,0
2779,534943922,5387528,COCCOCCOCCOC,0
2780,534943923,5387528,COCCOCCOCCOC,0
2781,534943924,5387528,COCCOCCOCCOC,0
2782,534943925,5387528,COCCOCCOCCOC,0
2783,534943926,5387528,COCCOCCOCCOC,0
2784,534943927,5387528,COCCOCCOCCOC,0
2785,534943928,5387528,COCCOCCOCCOC,0
2786,534943929,5387528,COCCOCCOCCOC,0
2787,534943930,5387528,COCCOCCOCCOC,0
2788,534943931,5387528,COCCOCCOCCOC,0
2789,534943932,5387528,COCCOCCOCCOC,0
2790,534943933,5387528,COCCOCCOCCOC,0
2791,534943934,5387528,COCCOCCOCCOC,0
2792,534943935,5387528,COCCOCCOCCOC,0
2793,534943936,5387528,COCCOCCOCCOC,0
2794,534943937,5387528,COCCOCCOCCOC,0
2795,534943938,5387528,COCCOCCOCCOC,0
2796,534943939,5387528,COCCOCCOCCOC,0
2797,534943940,5387528,COCCOCCOCCOC,0
2798,534943941,5387528,COCCOCCOCCOC,0
2799,534943942,5387528,COCCOCCOCCOC,0
2800,534943943,5387528,COCCOCCOCCOC,0
2801,534943944,5387528,COCCOCCOCCOC,0
2802,534943945,5387528,COCCOCCOCCOC,0
2803,534943946,5387528,COCCOCCOCCOC,0
2804,534943947,5387528,COCCOCCOCCOC,0
2805,534943948,5387528,COCCOCCOCCOC,0
2806,534943949,5387528,COCCOCCOCCOC,0
2807,534943950,5387528,COCCOCCOCCOC,0
2808,534943951,5387528,COCCOCCOCCOC,0
2809,534943952,5387528,COCCOCCOCCOC,0
2810,534943953,5387528,COCCOCCOCCOC,0
2811,534943955,5387528,COCCOCCOCCOC,0
2812,534943956,5387528,COCCOCCOCCOC,0
2813,534943957,5387528,COCCOCCOCCOC,0
2814,534943958,5387528,COCCOCCOCCOC,0
2815,534943959,5387528,COCCOCCOCCOC,0
2816,534943960,5387528,COCCOCCOCCOC,0
2817,534943961,5387528,COCCOCCOCCOC,0
2818,534943962,5387528,COCCOCCOCCOC,0
2819,534943963,5387528,COCCOCCOCCOC,0
2820,534943964,5387528,COCCOCCOCCOC,0
2821,534943965,5387528,COCCOCCOCCOC,0
2822,534943966,5387528,COCCOCCOCCOC,0
2823,534943967,5387528,COCCOCCOCCOC,0
2824,534943968,5387528,COCCOCCOCCOC,0
2825,534943969,5387528,COCCOCCOCCOC,0
2826,534943970,5387528,COCCOCCOCCOC,0
2827,534943971,5387528,COCCOCCOCCOC,0
2828,534943972,5387528,COCCOCCOCCOC,0
2829,534943973,5387528,COCCOCCOCCOC,0
2830,534943974,5387528,COCCOCCOCCOC,0
2831,534943975,5387528,COCCOCCOCCOC,0
2832,534943976,5387528,COCCOCCOCCOC,0
2833,534943977,5387528,COCCOCCOCCOC,0
2834,534943978,5387528,COCCOCCOCCOC,0
2835,534943979,5387528,COCCOCCOCCOC,0
2836,534943980,5387528,COCCOCCOCCOC,0
2837,534943981,5387528,COCCOCCOCCOC,0
2838,534943982,5387528,COCCOCCOCCOC,0
2839,534943983,5387528,COCCOCCOCCOC,0
2840,534943984,5387528,COCCOCCOCCOC,0
2841,534943985,5387528,COCCOCCOCCOC,0
2842,534943986,5387528,COCCOCCOCCOC,0
2843,534943987,5387528,COCCOCCOCCOC,0
2844,534943988,5387528,COCCOCCOCCOC,0
2845,534943989,5387528,COCCOCCOCCOC,0
2846,534943991,5387528,COCCOCCOCCOC,0
2847,534943992,5387528,COCCOCCOCCOC,0
2848,534943993,5387528,COCCOCCOCCOC,0
2849,534943994,5387528,COCCOCCOCCOC,0
2850,534943995,5387528,COCCOCCOCCOC,0
2851,534943996,5387528,COCCOCCOCCOC,0
2852,534943997,5387528,COCCOCCOCCOC,0
2853,534943998,5387528,COCCOCCOCCOC,0
2854,534943999,5387528,COCCOCCOCCOC,0
2855,534944000,5387528,COCCOCCOCCOC,0
2856,534944001,5387528,COCCOCCOCCOC,0
2857,534944002,5387528,COCCOCCOCCOC,0
2858,534944003,5387528,COCCOCCOCCOC,0
2859,534944004,5387528,COCCOCCOCCOC,0
2860,534944005,5387528,COCCOCCOCCOC,0
2861,534944006,5387528,COCCOCCOCCOC,0
2862,534944007,5387528,COCCOCCOCCOC,0
2863,534944008,5387528,COCCOCCOCCOC,0
2864,534944009,5387528,COCCOCCOCCOC,0
2865,534944010,5387528,COCCOCCOCCOC,0
2866,534944011,5387528,COCCOCCOCCOC,0
2867,534944012,5387528,COCCOCCOCCOC,0
2868,534944013,5387528,COCCOCCOCCOC,0
2869,534944014,5387528,COCCOCCOCCOC,0
2870,534944015,5387528,COCCOCCOCCOC,0
2871,534944016,5387528,COCCOCCOCCOC,0
2872,534944017,5387528,COCCOCCOCCOC,0
2873,534944018,5387528,COCCOCCOCCOC,0
2874,534944019,5387528,COCCOCCOCCOC,0
2875,534944020,5387528,COCCOCCOCCOC,0
2876,534944021,5387528,COCCOCCOCCOC,0
2877,534944022,5387528,COCCOCCOCCOC,0
2878,534944023,5387528,COCCOCCOCCOC,0
2879,534944024,5387528,COCCOCCOCCOC,0
2880,534944025,5387528,COCCOCCOCCOC,0
2881,534944026,5387528,COCCOCCOCCOC,0
2882,534944027,5387528,COCCOCCOCCOC,0
2883,534944028,5387528,COCCOCCOCCOC,0
2884,534944029,5387528,COCCOCCOCCOC,0
2885,534944030,5387528,COCCOCCOCCOC,0
2886,534944031,5387528,COCCOCCOCCOC,0
2887,534944032,5387528,COCCOCCOCCOC,0
2888,534944033,5387528,COCCOCCOCCOC,0
2889,534944034,5387528,COCCOCCOCCOC,0
2890,534944035,5387528,COCCOCCOCCOC,0
2891,534944036,5387528,COCCOCCOCCOC,0
2892,534944037,5387528,COCCOCCOCCOC,0
2893,534944038,5387528,COCCOCCOCCOC,0
2894,534944039,5387528,COCCOCCOCCOC,0
2895,534944040,5387528,COCCOCCOCCOC,0
2896,534944041,5387528,COCCOCCOCCOC,0
2897,534944042,5387528,COCCOCCOCCOC,0
2898,534944043,5387528,COCCOCCOCCOC,0
2899,534944044,5387528,COCCOCCOCCOC,0
2900,534944045,5387528,COCCOCCOCCOC,0
2901,534944046,5387528,COCCOCCOCCOC,0
2902,534944047,5387528,COCCOCCOCCOC,0
2903,534944049,5387528,COCCOCCOCCOC,0
2904,534944050,5387528,COCCOCCOCCOC,0
2905,534944051,5387528,COCCOCCOCCOC,0
2906,534944052,5387528,COCCOCCOCCOC,0
2907,534944053,5387528,COCCOCCOCCOC,0
2908,534944054,5387528,COCCOCCOCCOC,0
2909,534944055,5387528,COCCOCCOCCOC,0
2910,534944056,5387528,COCCOCCOCCOC,0
2911,534944057,5387528,COCCOCCOCCOC,0
2912,534944058,5387528,COCCOCCOCCOC,0
2913,534944059,5387528,COCCOCCOCCOC,0
2914,534944060,5387528,COCCOCCOCCOC,0
2915,534944061,5387528,COCCOCCOCCOC,0
2916,534944062,5387528,COCCOCCOCCOC,0
2917,534944063,5387528,COCCOCCOCCOC,0
2918,534944064,5387528,COCCOCCOCCOC,0
2919,534944065,5387528,COCCOCCOCCOC,0
2920,534944066,5387528,COCCOCCOCCOC,0
2921,534944067,5387528,COCCOCCOCCOC,0
2922,534944068,5387528,COCCOCCOCCOC,0
2923,534944069,5387528,COCCOCCOCCOC,0
2924,534944070,5387528,COCCOCCOCCOC,0
2925,534944071,5387528,COCCOCCOCCOC,0
2926,534944072,5387528,COCCOCCOCCOC,0
2927,534944074,5387528,COCCOCCOCCOC,0
2928,534944075,5387528,COCCOCCOCCOC,0
2929,534944076,5387528,COCCOCCOCCOC,0
2930,534944078,5387528,COCCOCCOCCOC,0
2931,534944079,5387528,COCCOCCOCCOC,0
2932,534944080,5387528,COCCOCCOCCOC,0
2933,534944081,5387528,COCCOCCOCCOC,0
2934,534944082,5387528,COCCOCCOCCOC,0
2935,534944083,5387528,COCCOCCOCCOC,0
2936,534944084,5387528,COCCOCCOCCOC,0
2937,534944085,5387528,COCCOCCOCCOC,0
2938,534944086,5387528,COCCOCCOCCOC,0
2939,534944087,5387528,COCCOCCOCCOC,0
2940,534944088,5387528,COCCOCCOCCOC,0
2941,534944089,5387528,COCCOCCOCCOC,0
2942,534944090,5387528,COCCOCCOCCOC,0
2943,534944091,5387528,COCCOCCOCCOC,0
2944,534944092,5387528,COCCOCCOCCOC,0
2945,534944093,5387528,COCCOCCOCCOC,0
2946,534944095,5387528,COCCOCCOCCOC,0
2947,534944096,5387528,COCCOCCOCCOC,0
2948,534944097,5387528,COCCOCCOCCOC,0
2949,534944098,5387528,COCCOCCOCCOC,0
2950,534944099,5387528,COCCOCCOCCOC,0
2951,534944100,5387528,COCCOCCOCCOC,0
2952,534944101,5387528,COCCOCCOCCOC,0
2953,534944102,5387528,COCCOCCOCCOC,0
2954,534944103,5387528,COCCOCCOCCOC,0
2955,534944104,5387528,COCCOCCOCCOC,0
2956,534944105,5387528,COCCOCCOCCOC,0
2957,534944106,5387528,COCCOCCOCCOC,0
2958,534944107,5387528,COCCOCCOCCOC,0
2959,534944108,5387528,COCCOCCOCCOC,0
2960,534944109,5387528,COCCOCCOCCOC,0
2961,534944110,5387528,COCCOCCOCCOC,0
2962,534944111,5387528,COCCOCCOCCOC,0
2963,534944112,5387528,COCCOCCOCCOC,0
2964,534944113,5387528,COCCOCCOCCOC,0
2965,534944114,5387528,COCCOCCOCCOC,0
2966,534944115,5387528,COCCOCCOCCOC,0
2967,534944116,5387528,COCCOCCOCCOC,0
2968,534944117,5387528,COCCOCCOCCOC,0
2969,534944118,5387528,COCCOCCOCCOC,0
2970,534944119,5387528,COCCOCCOCCOC,0
2971,534944120,5387528,COCCOCCOCCOC,0
2972,534944121,5387528,COCCOCCOCCOC,0
2973,534944122,5387528,COCCOCCOCCOC,0
2974,534944123,5387528,COCCOCCOCCOC,0
2975,534944124,5387528,COCCOCCOCCOC,0
2976,534944125,5387528,COCCOCCOCCOC,0
2977,534944126,5387528,COCCOCCOCCOC,0
2978,534944127,5387528,COCCOCCOCCOC,0
2979,534944128,5387528,COCCOCCOCCOC,0
2980,534944129,5387528,COCCOCCOCCOC,0
2981,534944130,5387528,COCCOCCOCCOC,0
2982,534944131,5387528,COCCOCCOCCOC,0
2983,534944132,5387528,COCCOCCOCCOC,0
2984,534944133,5387528,COCCOCCOCCOC,0
2985,534944134,5387528,COCCOCCOCCOC,0
2986,534944135,5387528,COCCOCCOCCOC,0
2987,534944136,5387528,COCCOCCOCCOC,0
2988,534944137,5387528,COCCOCCOCCOC,0
2989,534944138,5387528,COCCOCCOCCOC,0
2990,534944139,5387528,COCCOCCOCCOC,0
2991,534944140,5387528,COCCOCCOCCOC,0
2992,534944141,5387528,COCCOCCOCCOC,0
2993,534944142,5387528,COCCOCCOCCOC,0
2994,534944143,5387528,COCCOCCOCCOC,0
2995,534944145,5387528,COCCOCCOCCOC,0
2996,534944146,5387528,COCCOCCOCCOC,0
2997,534944147,5387528,COCCOCCOCCOC,0
2998,534944148,5387528,COCCOCCOCCOC,0
2999,534944149,5387528,COCCOCCOCCOC,0
3000,534944150,5387528,COCCOCCOCCOC,0
3001,534944151,5387528,COCCOCCOCCOC,0
3002,534944152,5387528,COCCOCCOCCOC,0
3003,534944153,5387528,COCCOCCOCCOC,0
3004,534944154,5387528,COCCOCCOCCOC,0
3005,534944155,5387528,COCCOCCOCCOC,0
3006,534944156,5387528,COCCOCCOCCOC,0
3007,534944157,5387528,COCCOCCOCCOC,0
3008,534944158,5387528,COCCOCCOCCOC,0
3009,534944160,5387528,COCCOCCOCCOC,0
3010,534944161,5387528,COCCOCCOCCOC,0
3011,534944162,5387528,COCCOCCOCCOC,0
3012,534944163,5387528,COCCOCCOCCOC,0
3013,534944164,5387528,COCCOCCOCCOC,0
3014,534944165,5387528,COCCOCCOCCOC,0
3015,534944166,5387528,COCCOCCOCCOC,0
3016,534944167,5387528,COCCOCCOCCOC,0
3017,534944168,5387528,COCCOCCOCCOC,0
3018,534944169,5387528,COCCOCCOCCOC,0
3019,534944170,5387528,COCCOCCOCCOC,0
3020,534944171,5387528,COCCOCCOCCOC,0
3021,534944172,5387528,COCCOCCOCCOC,0
3022,534944173,5387528,COCCOCCOCCOC,0
3023,534944174,5387528,COCCOCCOCCOC,0
3024,534944175,5387528,COCCOCCOCCOC,0
3025,534944176,5387528,COCCOCCOCCOC,0
3026,534944177,5387528,COCCOCCOCCOC,0
3027,534944178,5387528,COCCOCCOCCOC,0
3028,534944179,5387528,COCCOCCOCCOC,0
3029,534944180,5387528,COCCOCCOCCOC,0
3030,534944181,5387528,COCCOCCOCCOC,0
3031,534944182,5387528,COCCOCCOCCOC,0
3032,534944183,5387528,COCCOCCOCCOC,0
3033,534944184,5387528,COCCOCCOCCOC,0
3034,534944185,5387528,COCCOCCOCCOC,0
3035,534944186,5387528,COCCOCCOCCOC,0
3036,534944187,5387528,COCCOCCOCCOC,0
3037,534944189,5387528,COCCOCCOCCOC,0
3038,534944190,5387528,COCCOCCOCCOC,0
3039,534944191,5387528,COCCOCCOCCOC,0
3040,534944192,5387528,COCCOCCOCCOC,0
3041,534944193,5387528,COCCOCCOCCOC,0
3042,534944194,5387528,COCCOCCOCCOC,0
3043,534944195,5387528,COCCOCCOCCOC,0
3044,534944196,5387528,COCCOCCOCCOC,0
3045,534944197,5387528,COCCOCCOCCOC,0
3046,534944198,5387528,COCCOCCOCCOC,0
3047,534944199,5387528,COCCOCCOCCOC,0
3048,534944200,5387528,COCCOCCOCCOC,0
3049,534944201,5387528,COCCOCCOCCOC,0
3050,534944202,5387528,COCCOCCOCCOC,0
3051,534944204,5387528,COCCOCCOCCOC,0
3052,534944205,5387528,COCCOCCOCCOC,0
3053,534944206,5387528,COCCOCCOCCOC,0
3054,534944207,5387528,COCCOCCOCCOC,0
3055,534944208,5387528,COCCOCCOCCOC,0
3056,534944209,5387528,COCCOCCOCCOC,0
3057,534944210,5387528,COCCOCCOCCOC,0
3058,534944211,5387528,COCCOCCOCCOC,0
3059,534944212,5387528,COCCOCCOCCOC,0
3060,534944213,5387528,COCCOCCOCCOC,0
3061,534944214,5387528,COCCOCCOCCOC,0
3062,534944215,5387528,COCCOCCOCCOC,0
3063,534944216,5387528,COCCOCCOCCOC,0
3064,534944217,5387528,COCCOCCOCCOC,0
3065,534944218,5387528,COCCOCCOCCOC,0
3066,534944219,5387528,COCCOCCOCCOC,0
3067,534944220,5387528,COCCOCCOCCOC,0
3068,534944221,5387528,COCCOCCOCCOC,0
3069,534944222,5387528,COCCOCCOCCOC,0
3070,534944223,5387528,COCCOCCOCCOC,0
3071,534944224,5387528,COCCOCCOCCOC,0
3072,534944225,5387528,COCCOCCOCCOC,0
3073,534944226,5387528,COCCOCCOCCOC,0
3074,534944227,5387528,COCCOCCOCCOC,0
3075,534944228,5387528,COCCOCCOCCOC,0
3076,534944229,5387528,COCCOCCOCCOC,0
3077,534944230,5387528,COCCOCCOCCOC,0
3078,534944231,5387528,COCCOCCOCCOC,0
3079,534944232,5387528,COCCOCCOCCOC,0
3080,534944233,5387528,COCCOCCOCCOC,0
3081,534944234,5387528,COCCOCCOCCOC,0
3082,534944235,5387528,COCCOCCOCCOC,0
3083,534944236,5387528,COCCOCCOCCOC,0
3084,534944237,5387528,COCCOCCOCCOC,0
3085,534944238,5387528,COCCOCCOCCOC,0
3086,534944239,5387528,COCCOCCOCCOC,0
3087,534944240,5387528,COCCOCCOCCOC,0
3088,534944241,5387528,COCCOCCOCCOC,0
3089,534944242,5387528,COCCOCCOCCOC,0
3090,534944243,5387528,COCCOCCOCCOC,0
3091,534944244,5387528,COCCOCCOCCOC,0
3092,534944245,5387528,COCCOCCOCCOC,0
3093,534944246,5387528,COCCOCCOCCOC,0
3094,534944248,5387528,COCCOCCOCCOC,0
3095,534944249,5387528,COCCOCCOCCOC,0
3096,534944250,5387528,COCCOCCOCCOC,0
3097,534944251,5387528,COCCOCCOCCOC,0
3098,534944252,5387528,COCCOCCOCCOC,0
3099,534944253,5387528,COCCOCCOCCOC,0
3100,534944254,5387528,COCCOCCOCCOC,0
3101,534944255,5387528,COCCOCCOCCOC,0
3102,534944256,5387528,COCCOCCOCCOC,0
3103,534944257,5387528,COCCOCCOCCOC,0
3104,534944258,5387528,COCCOCCOCCOC,0
3105,534944259,5387528,COCCOCCOCCOC,0
3106,534944260,5387528,COCCOCCOCCOC,0
3107,534944261,5387528,COCCOCCOCCOC,0
3108,534944262,5387528,COCCOCCOCCOC,0
3109,534944263,5387528,COCCOCCOCCOC,0
3110,534944264,5387528,COCCOCCOCCOC,0
3111,534944265,5387528,COCCOCCOCCOC,0
3112,534944266,5387528,COCCOCCOCCOC,0
3113,534944267,5387528,COCCOCCOCCOC,0
3114,534944268,5387528,COCCOCCOCCOC,0
3115,534944269,5387528,COCCOCCOCCOC,0
3116,534944270,5387528,COCCOCCOCCOC,0
3117,534944271,5387528,COCCOCCOCCOC,0
3118,534944272,5387528,COCCOCCOCCOC,0
3119,534944273,5387528,COCCOCCOCCOC,0
3120,534944274,5387528,COCCOCCOCCOC,0
3121,534944275,5387528,COCCOCCOCCOC,0
3122,534944276,5387528,COCCOCCOCCOC,0
3123,534944277,5387528,COCCOCCOCCOC,0
3124,534944278,5387528,COCCOCCOCCOC,0
3125,534944279,5387528,COCCOCCOCCOC,0
3126,534944280,5387528,COCCOCCOCCOC,0
3127,534944281,5387528,COCCOCCOCCOC,0
3128,534944282,5387528,COCCOCCOCCOC,0
3129,534944283,5387528,COCCOCCOCCOC,0
3130,534944284,5387528,COCCOCCOCCOC,0
3131,534944285,5387528,COCCOCCOCCOC,0
3132,534944286,5387528,COCCOCCOCCOC,0
3133,534944287,5387528,COCCOCCOCCOC,0
3134,534944288,5387528,COCCOCCOCCOC,0
3135,534944289,5387528,COCCOCCOCCOC,0
3136,534944290,5387528,COCCOCCOCCOC,0
3137,534944291,5387528,COCCOCCOCCOC,0
3138,534944292,5387528,COCCOCCOCCOC,0
3139,534944293,5387528,COCCOCCOCCOC,0
3140,534944294,5387528,COCCOCCOCCOC,0
3141,534944295,5387528,COCCOCCOCCOC,0
3142,534944296,5387528,COCCOCCOCCOC,0
3143,534944297,5387528,COCCOCCOCCOC,0
3144,534944298,5387528,COCCOCCOCCOC,0
3145,534944299,5387528,COCCOCCOCCOC,0
3146,534944300,5387528,COCCOCCOCCOC,0
3147,534944301,5387528,COCCOCCOCCOC,0
3148,534944302,5387528,COCCOCCOCCOC,0
3149,534944303,5387528,COCCOCCOCCOC,0
3150,534944304,5387528,COCCOCCOCCOC,0
3151,534944305,5387528,COCCOCCOCCOC,0
3152,534944306,5387528,COCCOCCOCCOC,0
3153,534944307,5387528,COCCOCCOCCOC,0
3154,534944308,5387528,COCCOCCOCCOC,0
3155,534944309,5387528,COCCOCCOCCOC,0
3156,534944310,5387528,COCCOCCOCCOC,0
3157,534944311,5387528,COCCOCCOCCOC,0
3158,534944312,5387528,COCCOCCOCCOC,0
3159,534944313,5387528,COCCOCCOCCOC,0
3160,534944314,5387528,COCCOCCOCCOC,0
3161,534944317,5387528,COCCOCCOCCOC,0
3162,534944318,5387528,COCCOCCOCCOC,0
3163,534944319,5387528,COCCOCCOCCOC,0
3164,534944320,5387528,COCCOCCOCCOC,0
3165,534944321,5387528,COCCOCCOCCOC,0
3166,534944322,5387528,COCCOCCOCCOC,0
3167,534944323,5387528,COCCOCCOCCOC,0
3168,534944324,5387528,COCCOCCOCCOC,0
3169,534944325,5387528,COCCOCCOCCOC,0
3170,534944326,5387528,COCCOCCOCCOC,0
3171,534944327,5387528,COCCOCCOCCOC,0
